-- --------------------------------------------------------
-- Máy chủ:                      165.22.245.241
-- Phiên bản máy chủ:            8.0.43 - MySQL Community Server - GPL
-- HĐH máy chủ:                  Linux
-- HeidiSQL Phiên bản:           12.11.0.7065
-- --------------------------------------------------------

/*!40101 SET @OLD_CHARACTER_SET_CLIENT=@@CHARACTER_SET_CLIENT */;
/*!40101 SET NAMES utf8 */;
/*!50503 SET NAMES utf8mb4 */;
/*!40103 SET @OLD_TIME_ZONE=@@TIME_ZONE */;
/*!40103 SET TIME_ZONE='+00:00' */;
/*!40014 SET @OLD_FOREIGN_KEY_CHECKS=@@FOREIGN_KEY_CHECKS, FOREIGN_KEY_CHECKS=0 */;
/*!40101 SET @OLD_SQL_MODE=@@SQL_MODE, SQL_MODE='NO_AUTO_VALUE_ON_ZERO' */;
/*!40111 SET @OLD_SQL_NOTES=@@SQL_NOTES, SQL_NOTES=0 */;


-- Đang kết xuất đổ cấu trúc cơ sở dữ liệu cho ants
CREATE DATABASE IF NOT EXISTS `ants` /*!40100 DEFAULT CHARACTER SET utf8mb4 COLLATE utf8mb4_0900_ai_ci */ /*!80016 DEFAULT ENCRYPTION='N' */;
USE `ants`;

-- Đang kết xuất đổ cấu trúc cho bảng ants.addresses
CREATE TABLE IF NOT EXISTS `addresses` (
  `lat` double DEFAULT NULL,
  `lng` double DEFAULT NULL,
  `createddate` datetime(6) DEFAULT NULL,
  `modifieddate` datetime(6) DEFAULT NULL,
  `ward_id` bigint DEFAULT NULL,
  `id` binary(16) NOT NULL,
  `createby` varchar(255) DEFAULT NULL,
  `modifiedby` varchar(255) DEFAULT NULL,
  `name_street` varchar(255) DEFAULT NULL,
  PRIMARY KEY (`id`),
  KEY `FKgafq5o69m5p2rq5q5egx2sfm` (`ward_id`),
  CONSTRAINT `FKgafq5o69m5p2rq5q5egx2sfm` FOREIGN KEY (`ward_id`) REFERENCES `wards` (`id`)
) ENGINE=InnoDB DEFAULT CHARSET=utf8mb4 COLLATE=utf8mb4_0900_ai_ci;

-- Đang kết xuất đổ dữ liệu cho bảng ants.addresses: ~29 rows (xấp xỉ)
INSERT INTO `addresses` (`lat`, `lng`, `createddate`, `modifieddate`, `ward_id`, `id`, `createby`, `modifiedby`, `name_street`) VALUES
	(10.8830262, 106.6802066, '2025-08-24 21:05:07.096000', '2025-08-24 21:05:07.096000', 26767, _binary 0x007a395a98cc424e8094d4335c4ad7bb, NULL, NULL, '31 Đường Thới An 21'),
	(15.989447736000045, 108.25728802700007, '2025-08-24 20:45:54.785000', '2025-08-24 20:45:54.785000', 20290, _binary 0x085923fcc1534c67813ed6566326afc1, NULL, NULL, '150 Phố Trần Đại Nghĩa'),
	(15.980384300000026, 108.24931012800005, '2025-08-24 20:21:39.514000', '2025-08-24 20:21:39.514000', 20290, _binary 0x1e9ae484bc8345aabec28f8334461570, NULL, NULL, '90 Nguyễn Thức Tự'),
	(15.980578476850592, 108.25008741116653, '2025-09-10 14:09:50.236000', '2025-09-10 14:09:50.236000', 20290, _binary 0x1fcf67e6d3ea44998e0cf07e92dba4e2, NULL, NULL, 'Huỳnh văn nghệ'),
	(16.053616, 108.2046143, '2025-08-24 20:31:52.181000', '2025-08-24 20:31:52.181000', 20245, _binary 0x2c541923fb53481e8f2020124863b39d, NULL, NULL, 'k34 Phố Thi Sách'),
	(15.980384300000026, 108.24931012800005, '2025-09-18 20:57:13.136000', '2025-09-18 20:57:13.136000', 20290, _binary 0x3618620e646d48ad8b5ea7c4e6ae37d5, NULL, NULL, '90 Nguyễn Thức Tự'),
	(15.980384300000026, 108.24931012800005, '2025-08-24 20:01:35.210000', '2025-08-24 20:01:35.210000', 20290, _binary 0x4d6c120de0fa4d3393120df9e0d14291, NULL, NULL, '90 Nguyễn Thức Tự'),
	(15.9970828, 108.2664934, '2025-08-24 20:30:31.060000', '2025-08-24 20:30:31.060000', 20290, _binary 0x57ea0d3cab794e48a547e028d3672bc4, NULL, NULL, 'Đường Thanh Sơn'),
	(15.9908897, 108.2463297, '2025-09-11 23:23:11.191000', '2025-09-11 23:23:11.191000', 20290, _binary 0x6d3c7a684d39464694fac3c32b7e8a47, NULL, NULL, 'nguyễn phước lan'),
	(15.980384300000026, 108.24931012800005, '2025-08-24 20:25:00.027000', '2025-08-24 20:25:00.027000', 20290, _binary 0x6f5d51da952640d18acf20e670d6ffa6, NULL, NULL, '90 Nguyễn Thức Tự'),
	(16.061604574000057, 108.18097508000005, '2025-09-11 22:40:23.361000', '2025-09-11 22:40:23.361000', 20224, _binary 0x848debb963894867b9b1778de2aacf5a, NULL, NULL, '35 Lê Thị Tính'),
	(15.4592083, 108.2996214, '2025-09-11 22:30:38.289000', '2025-09-11 22:30:38.289000', 20878, _binary 0x8a0af4a9f58e40318937056b7699d9b5, NULL, NULL, 'tổ 6 thôn 7a'),
	(16.01911453500003, 108.25388439700004, '2025-08-24 20:35:21.520000', '2025-08-24 20:35:21.520000', 20285, _binary 0xa48a292fde1f43dba9062a850ef1681a, NULL, NULL, '84 Đường Lê Văn Tâm'),
	(16.07556045844138, 108.23303262819077, '2025-08-24 20:43:30.437000', '2025-08-24 20:43:30.437000', 20272, _binary 0xa740c92cdc394d4f88c8dd50f3aed49c, NULL, NULL, 'Đường Hoàng Đức Lương'),
	(15.983004853000068, 108.22599721200004, '2025-09-02 12:26:27.787000', '2025-09-02 12:26:27.787000', 20287, _binary 0xbb0a9e231c3b489885c214ac060d1d43, NULL, NULL, 'Ngu Hanh Son, Da Nang'),
	(16.032257318000063, 108.21158183500006, '2025-08-24 20:38:22.159000', '2025-08-24 20:38:22.159000', 20260, _binary 0xbd0587c2e57f48059f67ea3bacfc0fdf, NULL, NULL, '305 Đường Huy Cận'),
	(15.9947796, 108.2577211, '2025-08-24 20:38:54.487000', '2025-08-24 20:38:54.487000', 20290, _binary 0xbebdb92802ad47d687468ab5d3d4a0f3, NULL, NULL, 'K35/3 Đường Nam Thành'),
	(16.041452426000035, 108.25026515000008, '2025-08-24 20:28:25.229000', '2025-08-24 20:28:25.229000', 20285, _binary 0xc224e212fac1490d8339cc576084bcf6, NULL, NULL, 'Đường Hồ Xuân Hương'),
	(16.04765700101337, 108.23726050613945, '2025-08-24 20:48:47.096000', '2025-08-24 20:48:47.096000', 20284, _binary 0xc88f2efb8269434d89f2908e8f8bc100, NULL, NULL, 'Đường Hoài Thanh'),
	(15.991934933907501, 108.24601906286578, '2025-09-11 23:20:07.029000', '2025-09-11 23:20:07.029000', 20290, _binary 0xd47b0bfe298d4a1caf74d585d039ae5d, NULL, NULL, 'Quang Nam'),
	(15.57685580409934, 108.50731037162524, '2025-09-10 09:38:00.752000', '2025-09-10 09:38:00.752000', 20356, _binary 0xd8cc5157576d4ab78314dd7c056a4f9c, NULL, NULL, 'đà nẵng'),
	(15.98161869300003, 108.25549901200009, '2025-08-24 20:55:03.290000', '2025-08-24 20:55:03.290000', 20290, _binary 0xd943481dc641489da55881140ac52c5c, NULL, NULL, '342 Trần Đại Nghĩa'),
	(16.0574878, 108.2366039, '2025-08-24 20:34:08.145000', '2025-08-24 20:34:08.145000', 20278, _binary 0xdde638c26b804319a035ce1c80b56948, NULL, NULL, 'k43/11 Đường Lê Hữu Trác'),
	(10.8775977, 106.6514949, '2025-08-24 21:01:34.260000', '2025-08-24 21:01:34.260000', 26776, _binary 0xe04ce4b602c94c74a84a066b5e047a82, NULL, NULL, '31 Đường Thới An'),
	(16.071506655000064, 108.18902906000005, '2025-09-11 22:37:47.597000', '2025-09-11 22:37:47.597000', 20209, _binary 0xe8d8cef98a8a434b91da4a0769f1fa9d, NULL, NULL, '672/5 Đường Trần Cao Vân'),
	(16.0230015269463, 108.24686920587801, '2025-08-24 20:42:34.519000', '2025-08-24 20:42:34.519000', 20285, _binary 0xec57c4a9173f4037b82fdfb73534ec00, NULL, NULL, 'Đường K20'),
	(15.996092640952325, 108.26204553717167, '2025-09-18 10:40:07.758000', '2025-09-18 10:40:07.758000', 20290, _binary 0xec629ebbfc8c44579875a1b34d9dab90, NULL, NULL, 'Ngu Hanh Son, Da Nang'),
	(15.983004853000068, 108.22599721200004, '2025-09-16 14:02:29.885000', '2025-09-16 14:02:29.885000', 20287, _binary 0xeff720440f7742888dee4c709d75bf30, NULL, NULL, 'Ngu Hanh Son, Da Nang'),
	(21.008293627000057, 105.86581467600007, '2025-09-11 22:33:47.510000', '2025-09-11 22:33:47.510000', 268, _binary 0xf9f4f531f7294729a8ed83b7a9adaa12, NULL, NULL, '3 Đường Trần Khát Chân');

-- Đang kết xuất đổ cấu trúc cho bảng ants.bills
CREATE TABLE IF NOT EXISTS `bills` (
  `id` binary(16) NOT NULL,
  `createby` varchar(255) DEFAULT NULL,
  `createddate` datetime(6) DEFAULT NULL,
  `modifiedby` varchar(255) DEFAULT NULL,
  `modifieddate` datetime(6) DEFAULT NULL,
  `electricity_fee` double DEFAULT NULL,
  `month` varchar(255) NOT NULL,
  `service_fee` double DEFAULT NULL,
  `total_amount` double DEFAULT NULL,
  `water_fee` double DEFAULT NULL,
  `contract_id` binary(16) NOT NULL,
  `status` enum('CONFIRMING','PAID','PENDING') NOT NULL,
  `image_proof` varchar(500) DEFAULT NULL,
  PRIMARY KEY (`id`),
  KEY `FKqcaq3a8nmv30ag9amlmow089i` (`contract_id`),
  CONSTRAINT `FKqcaq3a8nmv30ag9amlmow089i` FOREIGN KEY (`contract_id`) REFERENCES `contracts` (`id`)
) ENGINE=InnoDB DEFAULT CHARSET=utf8mb4 COLLATE=utf8mb4_0900_ai_ci;

-- Đang kết xuất đổ dữ liệu cho bảng ants.bills: ~11 rows (xấp xỉ)
INSERT INTO `bills` (`id`, `createby`, `createddate`, `modifiedby`, `modifieddate`, `electricity_fee`, `month`, `service_fee`, `total_amount`, `water_fee`, `contract_id`, `status`) VALUES
	(_binary 0x0894395699004b68b8954ec0e221c78c, NULL, '2025-09-19 10:39:36.319000', NULL, '2025-09-19 10:42:40.787000', 0, '2025-12', 3000000, 3000000, 0, _binary 0x14fbd93940c047ebb325af8c14fe8995, 'CONFIRMING'),
	(_binary 0x0f619fc0134841598f4ff364cf3946b7, NULL, '2025-09-18 10:13:48.790000', NULL, '2025-09-18 10:20:16.330000', 150000, '2025-11', 2000000, 2300000, 150000, _binary 0x3dd9762cf6584711bc44bf2336a8e8a6, 'PENDING'),
	(_binary 0x6bbc47d7be6447889391d6632d1f54d0, NULL, '2025-08-28 11:13:54.570000', NULL, '2025-09-11 11:27:30.258000', 35.5, '2025-08', 300, 355.5, 20, _binary 0x3dd9762cf6584711bc44bf2336a8e8a6, 'PAID'),
	(_binary 0x6ffc8941d83c430389d469ed3b7a6b9b, NULL, '2025-09-19 10:04:15.058000', NULL, '2025-09-19 10:04:47.168000', 0, '2025-11', 3000000, 3000000, 0, _binary 0x14fbd93940c047ebb325af8c14fe8995, 'CONFIRMING'),
	(_binary 0x70cbc80924894acbaf5af69d271a57f4, NULL, '2025-09-11 15:16:10.656000', NULL, '2025-09-11 15:17:20.810000', 90000, '2025-10', 1500000, 1650000, 60000, _binary 0x84cb04e208e246b69cdaabc32a10e292, 'CONFIRMING'),
	(_binary 0x8f9430a7f191416aba9403a68eb8f1c2, NULL, '2025-09-11 11:54:09.607000', NULL, '2025-09-11 11:54:09.607000', 90000, '2025-12', 2000000, 2240000, 150000, _binary 0x3dd9762cf6584711bc44bf2336a8e8a6, 'PENDING'),
	(_binary 0x9bfbdc937ec44d0d98b0e86e06d40d9a, NULL, '2025-08-25 22:53:46.030000', NULL, '2025-08-28 11:26:52.610000', 50, '2025-09', 10, 88, 28, _binary 0x3dd9762cf6584711bc44bf2336a8e8a6, 'CONFIRMING'),
	(_binary 0x9c4ee83409fb4b7bbb5ea0ffaea99b4f, NULL, '2025-09-18 11:23:01.286000', NULL, '2025-09-18 20:57:40.274000', 30000, '2025-09', 3000000, 3165000, 135000, _binary 0x14fbd93940c047ebb325af8c14fe8995, 'PAID'),
	(_binary 0x9d226555212b4d6c97f07e19187cb9c7, NULL, '2025-09-19 09:36:33.176000', NULL, '2025-09-19 10:03:54.830000', 0, '2025-10', 3000000, 3000000, 0, _binary 0x14fbd93940c047ebb325af8c14fe8995, 'PAID'),
	(_binary 0xbc7f0bd9e1914e59ae2736837f05411b, NULL, '2025-09-19 10:06:53.374000', NULL, '2025-09-19 10:07:18.834000', 0, '2025-12', 3000000, 3000000, 0, _binary 0x14fbd93940c047ebb325af8c14fe8995, 'CONFIRMING'),
	(_binary 0xe27b7d5a3599451eb668157f4c8bdd70, NULL, '2025-09-12 09:56:40.739000', NULL, '2025-09-12 09:58:09.449000', 87000, '2025-02', 2000000, 2237000, 150000, _binary 0xf62ec8f666e748248e274961a1f1a658, 'PAID');

-- Đang kết xuất đổ cấu trúc cho bảng ants.blogs
CREATE TABLE IF NOT EXISTS `blogs` (
  `id` binary(16) NOT NULL,
  `author_id` binary(16) DEFAULT NULL,
  `category` enum('ANNOUNCEMENT','GUIDE','NEWS') DEFAULT NULL,
  `content` longtext,
  `created_at` datetime(6) DEFAULT NULL,
  `slug` varchar(255) NOT NULL,
  `status` enum('DRAFT','PUBLISHED') DEFAULT NULL,
  `thumbnail_url` varchar(255) DEFAULT NULL,
  `title` varchar(255) DEFAULT NULL,
  `updated_at` datetime(6) DEFAULT NULL,
  `createby` varchar(255) DEFAULT NULL,
  `createddate` datetime(6) DEFAULT NULL,
  `modifiedby` varchar(255) DEFAULT NULL,
  `modifieddate` datetime(6) DEFAULT NULL,
  PRIMARY KEY (`id`),
  UNIQUE KEY `UKpl5w1yw2c5lligoeb9a393fr3` (`slug`)
) ENGINE=InnoDB DEFAULT CHARSET=utf8mb4 COLLATE=utf8mb4_0900_ai_ci;

-- Đang kết xuất đổ dữ liệu cho bảng ants.blogs: ~3 rows (xấp xỉ)
INSERT INTO `blogs` (`id`, `author_id`, `category`, `content`, `created_at`, `slug`, `status`, `thumbnail_url`, `title`, `updated_at`, `createby`, `createddate`, `modifiedby`, `modifieddate`) VALUES
	(_binary 0x0d595a6b7c4c471f9685670a22dd5693, _binary 0x8ef8b916a3324b4b8965a97c68f2270c, 'NEWS', '<h4>Bật vị tr&iacute; t&igrave;m ph&ograve;ng trọ gần nhất</h4>\n<p style="text-align: justify;"><em>Lựa chọn ph&ograve;ng trọ ph&ugrave; hợp</em></p>\n<p style="text-align: justify; padding-left: 240px;"><img style="color: #626262; text-align: justify;" src="https://res.cloudinary.com/dmvvs0ags/image/upload/v1758250422/spjhc82dlcfvxcte6fnw.jpg" alt="" width="237" height="335"></p>', '2025-09-19 09:54:02.929007', 'guide-to-finding-a-room', 'PUBLISHED', NULL, 'Guide to finding a room', '2025-09-19 12:03:30.574950', NULL, '2025-09-19 09:54:03.001000', NULL, '2025-09-19 12:03:30.630000'),
	(_binary 0x6686c921a99746f8b6b5fb1ce651d6d0, _binary 0x8ef8b916a3324b4b8965a97c68f2270c, 'NEWS', '<h2 style="text-align: center;">Cheap rooms in Da Nang</h2>\n<h2 style="text-align: center;"><img src="https://res.cloudinary.com/dmvvs0ags/image/upload/v1758262625/ql1au2cxvwrlz2fa3wyc.jpg" alt="" width="836" height="836"></h2>\n<ul>\n<li>Đ&agrave; Nẵng l&agrave; th&agrave;nh phố đ&aacute;ng sống, nhiều sinh vi&ecirc;n v&agrave; người lao động lựa chọn. Dưới đ&acirc;y l&agrave; một số ph&ograve;ng trọ gi&aacute; rẻ:<br>Ph&ograve;ng 20m2 gần Đại học Kinh tế, gi&aacute; 1.8 triệu/th&aacute;ng.</li>\n<li>Ph&ograve;ng c&oacute; g&aacute;c lửng tại Ngũ H&agrave;nh Sơn, gi&aacute; 2 triệu/th&aacute;ng.</li>\n<li>Li&ecirc;n hệ chủ trọ qua số điện thoại để biết th&ecirc;m chi tiết.</li>\n</ul>', '2025-09-19 13:22:19.334407', 'cheap-rooms-in-da-nang', 'PUBLISHED', NULL, 'Cheap rooms in Da Nang', '2025-09-19 13:28:12.064042', NULL, '2025-09-19 13:22:19.428000', NULL, '2025-09-19 13:28:12.148000'),
	(_binary 0x6d2aa4b2740d483bbe847f919471a499, _binary 0x8ef8b916a3324b4b8965a97c68f2270c, 'NEWS', '<h2>Khu vực l&agrave;ng Đại học Thủ Đức c&oacute; nhiều lựa chọn cho sinh vi&ecirc;n</h2>\n<p>C&aacute;c loại ph&ograve;ng phổ biến:</p>\n<ul>\n<li>Ph&ograve;ng trọ kh&eacute;p k&iacute;n: Gi&aacute; từ 2 - 3 triệu/th&aacute;ng.</li>\n<li>K&yacute; t&uacute;c x&aacute; mini: Gi&aacute; từ 800k - 1.2 triệu/th&aacute;ng.</li>\n<li>Sinh vi&ecirc;n n&ecirc;n thu&ecirc; chung để tiết kiệm chi ph&iacute;.</li>\n</ul>\n<p><img style="display: block; margin-left: auto; margin-right: auto;" title="Ph&ograve;ng trọ cao cấp" src="https://res.cloudinary.com/dmvvs0ags/image/upload/v1758263168/lybbdnmvww9om3ihxc7m.jpg" alt="" width="535" height="401"></p>\n<p><img style="display: block; margin-left: auto; margin-right: auto;" title="Tiện &iacute;ch ph&ograve;ng trọ" src="https://res.cloudinary.com/dmvvs0ags/image/upload/v1758263223/jmsf1esrdrjcscvqxtke.jpg" alt="" width="532" height="399"></p>', '2025-09-19 13:27:33.434456', 'room-for-rent-near-ho-chi-minh-city-national-university', 'PUBLISHED', NULL, 'Room for rent near Ho Chi Minh City National University', '2025-09-19 13:28:18.474844', NULL, '2025-09-19 13:27:33.506000', NULL, '2025-09-19 13:28:18.532000');

-- Đang kết xuất đổ cấu trúc cho bảng ants.bookings
CREATE TABLE IF NOT EXISTS `bookings` (
  `is_removed` int NOT NULL,
  `status` int NOT NULL,
  `tenant_count` int NOT NULL,
  `createddate` datetime(6) DEFAULT NULL,
  `modifieddate` datetime(6) DEFAULT NULL,
  `rental_date` datetime(6) DEFAULT NULL,
  `rental_expires` datetime(6) DEFAULT NULL,
  `id` binary(16) NOT NULL,
  `room_id` binary(16) NOT NULL,
  `user_id` binary(16) NOT NULL,
  `createby` varchar(255) DEFAULT NULL,
  `modifiedby` varchar(255) DEFAULT NULL,
  PRIMARY KEY (`id`),
  KEY `FKrgoycol97o21kpjodw1qox4nc` (`room_id`),
  KEY `FKeyog2oic85xg7hsu2je2lx3s6` (`user_id`),
  CONSTRAINT `FKeyog2oic85xg7hsu2je2lx3s6` FOREIGN KEY (`user_id`) REFERENCES `users` (`id`),
  CONSTRAINT `FKrgoycol97o21kpjodw1qox4nc` FOREIGN KEY (`room_id`) REFERENCES `rooms` (`id`)
) ENGINE=InnoDB DEFAULT CHARSET=utf8mb4 COLLATE=utf8mb4_0900_ai_ci;

-- Đang kết xuất đổ dữ liệu cho bảng ants.bookings: ~14 rows (xấp xỉ)
INSERT INTO `bookings` (`is_removed`, `status`, `tenant_count`, `createddate`, `modifieddate`, `rental_date`, `rental_expires`, `id`, `room_id`, `user_id`, `createby`, `modifiedby`) VALUES
	(0, 4, 1, '2025-09-18 10:18:23.711000', '2025-09-18 11:19:04.824000', '2025-09-18 10:18:22.316000', '2025-10-18 10:18:22.316000', _binary 0x00d0f744440642c4ac3ae7f461462f1b, _binary 0x4610e8bc385846dc9c68892047bebb9d, _binary 0xf91364655a6e4504929e6736f454721c, NULL, NULL),
	(0, 2, 1, '2025-09-19 21:00:50.828000', '2025-09-19 21:01:43.488000', '2025-09-19 21:00:50.003000', '2025-10-19 21:00:50.003000', _binary 0x0f83762fbe174dfb8936ecadcb6fac36, _binary 0x2c59f7e6aaf64d61abd76613c5d8bdf4, _binary 0x77a75777df0349a284e91ab369049ad0, NULL, NULL),
	(0, 4, 1, '2025-08-26 09:48:19.410000', '2025-09-17 15:43:26.385000', '2025-08-26 09:48:14.692000', '2025-09-26 09:48:14.692000', _binary 0x1422a137def049618df13854a8efc2fc, _binary 0x9443e5899d0e4f058652eba4abe358eb, _binary 0x77a75777df0349a284e91ab369049ad0, NULL, NULL),
	(0, 4, 1, '2025-09-11 15:10:35.823000', '2025-09-11 15:12:18.632000', '2025-09-11 15:10:26.659000', '2025-10-11 15:10:26.659000', _binary 0x14d9eddf06714673a9e357a1af0ed840, _binary 0xd7649d2172d540ed9ea90b2c58a7a0c2, _binary 0x067d5173b7dc4b569d32bc7cd6eeba0c, NULL, NULL),
	(0, 4, 2, '2025-09-12 09:43:25.423000', '2025-09-12 09:45:04.213000', '2025-09-12 09:43:24.811000', '2025-11-12 09:43:24.811000', _binary 0x2f9793d8dc0f479eaedef1741bc3c042, _binary 0x2cf22445c9f94165be31620a76e35b30, _binary 0x067d5173b7dc4b569d32bc7cd6eeba0c, NULL, NULL),
	(0, 0, 1, '2025-09-18 14:54:57.734000', '2025-09-18 14:54:57.734000', '2025-09-18 14:54:56.338000', '2025-10-18 14:54:56.338000', _binary 0x2fdb3a2beba14eb28c1e9351a6eb71ff, _binary 0xb5a3a492dc9c413c9c3c45d78869ef7b, _binary 0x72413dec80c54b79996f460d1eb55f62, NULL, NULL),
	(0, 4, 2, '2025-08-26 11:16:23.158000', '2025-08-26 11:18:33.913000', '2025-08-26 11:16:22.805000', '2025-12-26 11:16:22.805000', _binary 0x4b1818cecef54d819f5e96c1dec5c2d2, _binary 0xd652fc9a7a0741dbb7f360c79d6dd70d, _binary 0x34249389e8e649e48d5369d1f5ac6208, NULL, NULL),
	(0, 0, 2, '2025-09-18 16:49:53.913000', '2025-09-18 16:49:53.913000', '2025-09-18 16:49:53.348000', '2026-01-18 16:49:53.348000', _binary 0x6c7cad43ed9a4de1b39fa7f7732944d5, _binary 0x4b56c8f16b524a11a58180bf8f939073, _binary 0x72413dec80c54b79996f460d1eb55f62, NULL, NULL),
	(0, 4, 1, '2025-09-04 15:41:12.484000', '2025-09-04 15:42:41.987000', '2025-09-04 15:41:11.726000', '2025-10-04 15:41:11.726000', _binary 0x6d499468ad8c482b80562c3172ed9d56, _binary 0x2c59f7e6aaf64d61abd76613c5d8bdf4, _binary 0x34249389e8e649e48d5369d1f5ac6208, NULL, NULL),
	(0, 4, 2, '2025-09-11 23:28:42.737000', '2025-09-11 23:30:09.931000', '2025-09-11 23:28:42.227000', '2026-01-11 23:28:42.227000', _binary 0x8de7a98a199942b3a4e9e33751408861, _binary 0x421bf65b53d34e8ea2400379699d64e5, _binary 0x34249389e8e649e48d5369d1f5ac6208, NULL, NULL),
	(0, 4, 2, '2025-08-24 21:10:05.114000', '2025-08-24 21:11:43.680000', '2025-08-24 21:10:03.814000', '2025-09-24 21:10:03.814000', _binary 0x94aacbefc0fb4a618eb16bc0b8baf2b4, _binary 0x733ccf1a2acd45db8d84d8666aa9a66c, _binary 0x464ee3a744814965a4ce5c410d55c388, NULL, NULL),
	(0, 2, 1, '2025-09-10 09:48:01.149000', '2025-09-11 22:21:12.205000', '2025-09-10 09:47:57.450000', '2025-10-10 09:47:57.450000', _binary 0xe04210ad05334d599048e675ffd3d91d, _binary 0x4b56c8f16b524a11a58180bf8f939073, _binary 0x77a75777df0349a284e91ab369049ad0, NULL, NULL),
	(0, 1, 2, '2025-09-11 23:02:26.876000', '2025-09-12 12:40:00.603000', '2025-09-11 23:02:26.312000', '2025-10-11 23:02:26.312000', _binary 0xe2571eb80b3a4ff2a6388ba419376827, _binary 0xb85fcc8609d34f8aa62ac6bd83d3b96d, _binary 0x34249389e8e649e48d5369d1f5ac6208, NULL, NULL),
	(0, 0, 1, '2025-09-19 20:57:28.537000', '2025-09-19 20:57:28.537000', '2025-09-19 20:57:27.895000', '2025-10-19 20:57:27.895000', _binary 0xff92abfd5c2a4d488800ba4df378a68e, _binary 0x2c59f7e6aaf64d61abd76613c5d8bdf4, _binary 0xf91364655a6e4504929e6736f454721c, NULL, NULL);

-- Đang kết xuất đổ cấu trúc cho bảng ants.contracts
CREATE TABLE IF NOT EXISTS `contracts` (
  `id` binary(16) NOT NULL,
  `createby` varchar(255) DEFAULT NULL,
  `createddate` datetime(6) DEFAULT NULL,
  `modifiedby` varchar(255) DEFAULT NULL,
  `modifieddate` datetime(6) DEFAULT NULL,
  `deposit_amount` double NOT NULL,
  `end_date` datetime(6) NOT NULL,
  `monthly_rent` double NOT NULL,
  `start_date` datetime(6) NOT NULL,
  `status` int NOT NULL,
  `landlord_id` binary(16) NOT NULL,
  `room_id` binary(16) NOT NULL,
  `tenant_id` binary(16) NOT NULL,
  `contract_name` varchar(255) NOT NULL,
  PRIMARY KEY (`id`),
  KEY `FK3iuurga8k6kbqj65g6j2ule0x` (`landlord_id`),
  KEY `FKju1b0xobla9t8oexrb8lpi8jq` (`room_id`),
  KEY `FKra7p26cb32ydditq6ab80pv6l` (`tenant_id`),
  CONSTRAINT `FK3iuurga8k6kbqj65g6j2ule0x` FOREIGN KEY (`landlord_id`) REFERENCES `users` (`id`),
  CONSTRAINT `FKju1b0xobla9t8oexrb8lpi8jq` FOREIGN KEY (`room_id`) REFERENCES `rooms` (`id`),
  CONSTRAINT `FKra7p26cb32ydditq6ab80pv6l` FOREIGN KEY (`tenant_id`) REFERENCES `users` (`id`)
) ENGINE=InnoDB DEFAULT CHARSET=utf8mb4 COLLATE=utf8mb4_0900_ai_ci;

-- Đang kết xuất đổ dữ liệu cho bảng ants.contracts: ~6 rows (xấp xỉ)
INSERT INTO `contracts` (`id`, `createby`, `createddate`, `modifiedby`, `modifieddate`, `deposit_amount`, `end_date`, `monthly_rent`, `start_date`, `status`, `landlord_id`, `room_id`, `tenant_id`, `contract_name`) VALUES
	(_binary 0x14fbd93940c047ebb325af8c14fe8995, NULL, '2025-09-18 11:19:04.776000', NULL, '2025-09-18 11:19:04.776000', 150000, '2025-10-18 10:18:22.316000', 3000000, '2025-09-18 10:18:22.316000', 0, _binary 0x0b2c48dcc3694effaef3719edac27f53, _binary 0x4610e8bc385846dc9c68892047bebb9d, _binary 0xf91364655a6e4504929e6736f454721c, 'Contract with duc 2025-09-18 10:18:22.316'),
	(_binary 0x3dd9762cf6584711bc44bf2336a8e8a6, NULL, '2025-08-25 22:46:51.274000', NULL, '2025-09-03 23:49:36.324000', 500, '2026-09-09 07:00:00.000000', 340, '2025-09-01 07:00:00.000000', 0, _binary 0xf765f65b19904b32a1e6a798b5da27c3, _binary 0xb85fcc8609d34f8aa62ac6bd83d3b96d, _binary 0x77a75777df0349a284e91ab369049ad0, 'Contract with Jack 08/2025'),
	(_binary 0x84cb04e208e246b69cdaabc32a10e292, NULL, '2025-09-11 15:12:18.622000', NULL, '2025-09-11 15:12:18.622000', 110000, '2025-10-11 15:10:26.659000', 1500000, '2025-09-11 15:10:26.659000', 0, _binary 0x3c2cef1872c04eb4899e6ba3e486fc0b, _binary 0xd7649d2172d540ed9ea90b2c58a7a0c2, _binary 0x067d5173b7dc4b569d32bc7cd6eeba0c, 'Contract with vanb 2025-09-11 15:10:26.659'),
	(_binary 0xa056e22715ae4a1d96284527a7897351, NULL, '2025-09-04 15:42:41.984000', NULL, '2025-09-04 15:42:41.984000', 200000, '2025-10-04 15:41:11.726000', 1800000, '2025-09-04 15:41:11.726000', 0, _binary 0xf765f65b19904b32a1e6a798b5da27c3, _binary 0x2c59f7e6aaf64d61abd76613c5d8bdf4, _binary 0x34249389e8e649e48d5369d1f5ac6208, 'Contract with trung 2025-09-04 15:41:11.726'),
	(_binary 0xa64de3769364485b99e58cfe07b3c2dc, NULL, '2025-09-11 23:30:09.920000', NULL, '2025-09-11 23:30:09.920000', 200000, '2026-01-11 23:28:42.227000', 1500000, '2025-09-11 23:28:42.227000', 0, _binary 0x72413dec80c54b79996f460d1eb55f62, _binary 0x421bf65b53d34e8ea2400379699d64e5, _binary 0x34249389e8e649e48d5369d1f5ac6208, 'Contract with trung 2025-09-11 23:28:42.227'),
	(_binary 0xf62ec8f666e748248e274961a1f1a658, NULL, '2025-09-12 09:45:04.202000', NULL, '2025-09-12 09:45:04.202000', 250000, '2025-11-12 09:43:24.811000', 2000000, '2025-09-12 09:43:24.811000', 0, _binary 0x0b2c48dcc3694effaef3719edac27f53, _binary 0x2cf22445c9f94165be31620a76e35b30, _binary 0x067d5173b7dc4b569d32bc7cd6eeba0c, 'Contract with vanb 2025-09-12 09:43:24.811');

-- Đang kết xuất đổ cấu trúc cho bảng ants.convenients
CREATE TABLE IF NOT EXISTS `convenients` (
  `id` bigint NOT NULL AUTO_INCREMENT,
  `name` varchar(100) NOT NULL,
  PRIMARY KEY (`id`)
) ENGINE=InnoDB AUTO_INCREMENT=12 DEFAULT CHARSET=utf8mb4 COLLATE=utf8mb4_0900_ai_ci;

-- Đang kết xuất đổ dữ liệu cho bảng ants.convenients: ~11 rows (xấp xỉ)
INSERT INTO `convenients` (`id`, `name`) VALUES
	(1, 'furnished'),
	(2, 'washing_machine'),
	(3, 'no_curfew'),
	(4, 'mezzanine'),
	(5, 'fridge'),
	(6, 'kitchen_shelf'),
	(7, 'aircon'),
	(8, 'private_entry'),
	(9, 'elevator'),
	(10, 'security_24h'),
	(11, 'garage');

-- Đang kết xuất đổ cấu trúc cho bảng ants.districts
CREATE TABLE IF NOT EXISTS `districts` (
  `id` bigint NOT NULL AUTO_INCREMENT,
  `province_id` bigint DEFAULT NULL,
  `name` varchar(255) DEFAULT NULL,
  PRIMARY KEY (`id`),
  KEY `FK82doq1t64jhly7a546lpvnu2c` (`province_id`),
  CONSTRAINT `FK82doq1t64jhly7a546lpvnu2c` FOREIGN KEY (`province_id`) REFERENCES `provinces` (`id`)
) ENGINE=InnoDB AUTO_INCREMENT=974 DEFAULT CHARSET=utf8mb4 COLLATE=utf8mb4_0900_ai_ci;

-- Đang kết xuất đổ dữ liệu cho bảng ants.districts: ~696 rows (xấp xỉ)
INSERT INTO `districts` (`id`, `province_id`, `name`) VALUES
	(1, 1, 'Quận Ba Đình'),
	(2, 1, 'Quận Hoàn Kiếm'),
	(3, 1, 'Quận Tây Hồ'),
	(4, 1, 'Quận Long Biên'),
	(5, 1, 'Quận Cầu Giấy'),
	(6, 1, 'Quận Đống Đa'),
	(7, 1, 'Quận Hai Bà Trưng'),
	(8, 1, 'Quận Hoàng Mai'),
	(9, 1, 'Quận Thanh Xuân'),
	(16, 1, 'Huyện Sóc Sơn'),
	(17, 1, 'Huyện Đông Anh'),
	(18, 1, 'Huyện Gia Lâm'),
	(19, 1, 'Quận Nam Từ Liêm'),
	(20, 1, 'Huyện Thanh Trì'),
	(21, 1, 'Quận Bắc Từ Liêm'),
	(24, 2, 'Thành phố Hà Giang'),
	(26, 2, 'Huyện Đồng Văn'),
	(27, 2, 'Huyện Mèo Vạc'),
	(28, 2, 'Huyện Yên Minh'),
	(29, 2, 'Huyện Quản Bạ'),
	(30, 2, 'Huyện Vị Xuyên'),
	(31, 2, 'Huyện Bắc Mê'),
	(32, 2, 'Huyện Hoàng Su Phì'),
	(33, 2, 'Huyện Xín Mần'),
	(34, 2, 'Huyện Bắc Quang'),
	(35, 2, 'Huyện Quang Bình'),
	(40, 4, 'Thành phố Cao Bằng'),
	(42, 4, 'Huyện Bảo Lâm'),
	(43, 4, 'Huyện Bảo Lạc'),
	(45, 4, 'Huyện Hà Quảng'),
	(47, 4, 'Huyện Trùng Khánh'),
	(48, 4, 'Huyện Hạ Lang'),
	(49, 4, 'Huyện Quảng Hòa'),
	(51, 4, 'Huyện Hoà An'),
	(52, 4, 'Huyện Nguyên Bình'),
	(53, 4, 'Huyện Thạch An'),
	(58, 6, 'Thành Phố Bắc Kạn'),
	(60, 6, 'Huyện Pác Nặm'),
	(61, 6, 'Huyện Ba Bể'),
	(62, 6, 'Huyện Ngân Sơn'),
	(63, 6, 'Huyện Bạch Thông'),
	(64, 6, 'Huyện Chợ Đồn'),
	(65, 6, 'Huyện Chợ Mới'),
	(66, 6, 'Huyện Na Rì'),
	(70, 8, 'Thành phố Tuyên Quang'),
	(71, 8, 'Huyện Lâm Bình'),
	(72, 8, 'Huyện Na Hang'),
	(73, 8, 'Huyện Chiêm Hóa'),
	(74, 8, 'Huyện Hàm Yên'),
	(75, 8, 'Huyện Yên Sơn'),
	(76, 8, 'Huyện Sơn Dương'),
	(80, 10, 'Thành phố Lào Cai'),
	(82, 10, 'Huyện Bát Xát'),
	(83, 10, 'Huyện Mường Khương'),
	(84, 10, 'Huyện Si Ma Cai'),
	(85, 10, 'Huyện Bắc Hà'),
	(86, 10, 'Huyện Bảo Thắng'),
	(87, 10, 'Huyện Bảo Yên'),
	(88, 10, 'Thị xã Sa Pa'),
	(89, 10, 'Huyện Văn Bàn'),
	(94, 11, 'Thành phố Điện Biên Phủ'),
	(95, 11, 'Thị xã Mường Lay'),
	(96, 11, 'Huyện Mường Nhé'),
	(97, 11, 'Huyện Mường Chà'),
	(98, 11, 'Huyện Tủa Chùa'),
	(99, 11, 'Huyện Tuần Giáo'),
	(100, 11, 'Huyện Điện Biên'),
	(101, 11, 'Huyện Điện Biên Đông'),
	(102, 11, 'Huyện Mường Ảng'),
	(103, 11, 'Huyện Nậm Pồ'),
	(105, 12, 'Thành phố Lai Châu'),
	(106, 12, 'Huyện Tam Đường'),
	(107, 12, 'Huyện Mường Tè'),
	(108, 12, 'Huyện Sìn Hồ'),
	(109, 12, 'Huyện Phong Thổ'),
	(110, 12, 'Huyện Than Uyên'),
	(111, 12, 'Huyện Tân Uyên'),
	(112, 12, 'Huyện Nậm Nhùn'),
	(116, 14, 'Thành phố Sơn La'),
	(118, 14, 'Huyện Quỳnh Nhai'),
	(119, 14, 'Huyện Thuận Châu'),
	(120, 14, 'Huyện Mường La'),
	(121, 14, 'Huyện Bắc Yên'),
	(122, 14, 'Huyện Phù Yên'),
	(123, 14, 'Huyện Mộc Châu'),
	(124, 14, 'Huyện Yên Châu'),
	(125, 14, 'Huyện Mai Sơn'),
	(126, 14, 'Huyện Sông Mã'),
	(127, 14, 'Huyện Sốp Cộp'),
	(128, 14, 'Huyện Vân Hồ'),
	(132, 15, 'Thành phố Yên Bái'),
	(133, 15, 'Thị xã Nghĩa Lộ'),
	(135, 15, 'Huyện Lục Yên'),
	(136, 15, 'Huyện Văn Yên'),
	(137, 15, 'Huyện Mù Căng Chải'),
	(138, 15, 'Huyện Trấn Yên'),
	(139, 15, 'Huyện Trạm Tấu'),
	(140, 15, 'Huyện Văn Chấn'),
	(141, 15, 'Huyện Yên Bình'),
	(148, 17, 'Thành phố Hòa Bình'),
	(150, 17, 'Huyện Đà Bắc'),
	(152, 17, 'Huyện Lương Sơn'),
	(153, 17, 'Huyện Kim Bôi'),
	(154, 17, 'Huyện Cao Phong'),
	(155, 17, 'Huyện Tân Lạc'),
	(156, 17, 'Huyện Mai Châu'),
	(157, 17, 'Huyện Lạc Sơn'),
	(158, 17, 'Huyện Yên Thủy'),
	(159, 17, 'Huyện Lạc Thủy'),
	(164, 19, 'Thành phố Thái Nguyên'),
	(165, 19, 'Thành phố Sông Công'),
	(167, 19, 'Huyện Định Hóa'),
	(168, 19, 'Huyện Phú Lương'),
	(169, 19, 'Huyện Đồng Hỷ'),
	(170, 19, 'Huyện Võ Nhai'),
	(171, 19, 'Huyện Đại Từ'),
	(172, 19, 'Thành phố Phổ Yên'),
	(173, 19, 'Huyện Phú Bình'),
	(178, 20, 'Thành phố Lạng Sơn'),
	(180, 20, 'Huyện Tràng Định'),
	(181, 20, 'Huyện Bình Gia'),
	(182, 20, 'Huyện Văn Lãng'),
	(183, 20, 'Huyện Cao Lộc'),
	(184, 20, 'Huyện Văn Quan'),
	(185, 20, 'Huyện Bắc Sơn'),
	(186, 20, 'Huyện Hữu Lũng'),
	(187, 20, 'Huyện Chi Lăng'),
	(188, 20, 'Huyện Lộc Bình'),
	(189, 20, 'Huyện Đình Lập'),
	(193, 22, 'Thành phố Hạ Long'),
	(194, 22, 'Thành phố Móng Cái'),
	(195, 22, 'Thành phố Cẩm Phả'),
	(196, 22, 'Thành phố Uông Bí'),
	(198, 22, 'Huyện Bình Liêu'),
	(199, 22, 'Huyện Tiên Yên'),
	(200, 22, 'Huyện Đầm Hà'),
	(201, 22, 'Huyện Hải Hà'),
	(202, 22, 'Huyện Ba Chẽ'),
	(203, 22, 'Huyện Vân Đồn'),
	(205, 22, 'Thành phố Đông Triều'),
	(206, 22, 'Thị xã Quảng Yên'),
	(207, 22, 'Huyện Cô Tô'),
	(213, 24, 'Thành phố Bắc Giang'),
	(215, 24, 'Huyện Yên Thế'),
	(216, 24, 'Huyện Tân Yên'),
	(217, 24, 'Huyện Lạng Giang'),
	(218, 24, 'Huyện Lục Nam'),
	(219, 24, 'Huyện Lục Ngạn'),
	(220, 24, 'Huyện Sơn Động'),
	(222, 24, 'Thị xã Việt Yên'),
	(223, 24, 'Huyện Hiệp Hòa'),
	(224, 24, 'Thị xã Chũ'),
	(227, 25, 'Thành phố Việt Trì'),
	(228, 25, 'Thị xã Phú Thọ'),
	(230, 25, 'Huyện Đoan Hùng'),
	(231, 25, 'Huyện Hạ Hoà'),
	(232, 25, 'Huyện Thanh Ba'),
	(233, 25, 'Huyện Phù Ninh'),
	(234, 25, 'Huyện Yên Lập'),
	(235, 25, 'Huyện Cẩm Khê'),
	(236, 25, 'Huyện Tam Nông'),
	(237, 25, 'Huyện Lâm Thao'),
	(238, 25, 'Huyện Thanh Sơn'),
	(239, 25, 'Huyện Thanh Thuỷ'),
	(240, 25, 'Huyện Tân Sơn'),
	(243, 26, 'Thành phố Vĩnh Yên'),
	(244, 26, 'Thành phố Phúc Yên'),
	(246, 26, 'Huyện Lập Thạch'),
	(247, 26, 'Huyện Tam Dương'),
	(248, 26, 'Huyện Tam Đảo'),
	(249, 26, 'Huyện Bình Xuyên'),
	(250, 1, 'Huyện Mê Linh'),
	(251, 26, 'Huyện Yên Lạc'),
	(252, 26, 'Huyện Vĩnh Tường'),
	(253, 26, 'Huyện Sông Lô'),
	(256, 27, 'Thành phố Bắc Ninh'),
	(258, 27, 'Huyện Yên Phong'),
	(259, 27, 'Thị xã Quế Võ'),
	(260, 27, 'Huyện Tiên Du'),
	(261, 27, 'Thành phố Từ Sơn'),
	(262, 27, 'Thị xã Thuận Thành'),
	(263, 27, 'Huyện Gia Bình'),
	(264, 27, 'Huyện Lương Tài'),
	(268, 1, 'Quận Hà Đông'),
	(269, 1, 'Thị xã Sơn Tây'),
	(271, 1, 'Huyện Ba Vì'),
	(272, 1, 'Huyện Phúc Thọ'),
	(273, 1, 'Huyện Đan Phượng'),
	(274, 1, 'Huyện Hoài Đức'),
	(275, 1, 'Huyện Quốc Oai'),
	(276, 1, 'Huyện Thạch Thất'),
	(277, 1, 'Huyện Chương Mỹ'),
	(278, 1, 'Huyện Thanh Oai'),
	(279, 1, 'Huyện Thường Tín'),
	(280, 1, 'Huyện Phú Xuyên'),
	(281, 1, 'Huyện Ứng Hòa'),
	(282, 1, 'Huyện Mỹ Đức'),
	(288, 30, 'Thành phố Hải Dương'),
	(290, 30, 'Thành phố Chí Linh'),
	(291, 30, 'Huyện Nam Sách'),
	(292, 30, 'Thị xã Kinh Môn'),
	(293, 30, 'Huyện Kim Thành'),
	(294, 30, 'Huyện Thanh Hà'),
	(295, 30, 'Huyện Cẩm Giàng'),
	(296, 30, 'Huyện Bình Giang'),
	(297, 30, 'Huyện Gia Lộc'),
	(298, 30, 'Huyện Tứ Kỳ'),
	(299, 30, 'Huyện Ninh Giang'),
	(300, 30, 'Huyện Thanh Miện'),
	(303, 31, 'Quận Hồng Bàng'),
	(304, 31, 'Quận Ngô Quyền'),
	(305, 31, 'Quận Lê Chân'),
	(306, 31, 'Quận Hải An'),
	(307, 31, 'Quận Kiến An'),
	(308, 31, 'Quận Đồ Sơn'),
	(309, 31, 'Quận Dương Kinh'),
	(311, 31, 'Thành phố Thuỷ Nguyên'),
	(312, 31, 'Quận An Dương'),
	(313, 31, 'Huyện An Lão'),
	(314, 31, 'Huyện Kiến Thuỵ'),
	(315, 31, 'Huyện Tiên Lãng'),
	(316, 31, 'Huyện Vĩnh Bảo'),
	(317, 31, 'Huyện Cát Hải'),
	(318, 31, 'Huyện Bạch Long Vĩ'),
	(323, 33, 'Thành phố Hưng Yên'),
	(325, 33, 'Huyện Văn Lâm'),
	(326, 33, 'Huyện Văn Giang'),
	(327, 33, 'Huyện Yên Mỹ'),
	(328, 33, 'Thị xã Mỹ Hào'),
	(329, 33, 'Huyện Ân Thi'),
	(330, 33, 'Huyện Khoái Châu'),
	(331, 33, 'Huyện Kim Động'),
	(332, 33, 'Huyện Tiên Lữ'),
	(333, 33, 'Huyện Phù Cừ'),
	(336, 34, 'Thành phố Thái Bình'),
	(338, 34, 'Huyện Quỳnh Phụ'),
	(339, 34, 'Huyện Hưng Hà'),
	(340, 34, 'Huyện Đông Hưng'),
	(341, 34, 'Huyện Thái Thụy'),
	(342, 34, 'Huyện Tiền Hải'),
	(343, 34, 'Huyện Kiến Xương'),
	(344, 34, 'Huyện Vũ Thư'),
	(347, 35, 'Thành phố Phủ Lý'),
	(349, 35, 'Thị xã Duy Tiên'),
	(350, 35, 'Thị xã Kim Bảng'),
	(351, 35, 'Huyện Thanh Liêm'),
	(352, 35, 'Huyện Bình Lục'),
	(353, 35, 'Huyện Lý Nhân'),
	(356, 36, 'Thành phố Nam Định'),
	(359, 36, 'Huyện Vụ Bản'),
	(360, 36, 'Huyện Ý Yên'),
	(361, 36, 'Huyện Nghĩa Hưng'),
	(362, 36, 'Huyện Nam Trực'),
	(363, 36, 'Huyện Trực Ninh'),
	(364, 36, 'Huyện Xuân Trường'),
	(365, 36, 'Huyện Giao Thủy'),
	(366, 36, 'Huyện Hải Hậu'),
	(370, 37, 'Thành phố Tam Điệp'),
	(372, 37, 'Huyện Nho Quan'),
	(373, 37, 'Huyện Gia Viễn'),
	(374, 37, 'Thành phố Hoa Lư'),
	(375, 37, 'Huyện Yên Khánh'),
	(376, 37, 'Huyện Kim Sơn'),
	(377, 37, 'Huyện Yên Mô'),
	(380, 38, 'Thành phố Thanh Hóa'),
	(381, 38, 'Thị xã Bỉm Sơn'),
	(382, 38, 'Thành phố Sầm Sơn'),
	(384, 38, 'Huyện Mường Lát'),
	(385, 38, 'Huyện Quan Hóa'),
	(386, 38, 'Huyện Bá Thước'),
	(387, 38, 'Huyện Quan Sơn'),
	(388, 38, 'Huyện Lang Chánh'),
	(389, 38, 'Huyện Ngọc Lặc'),
	(390, 38, 'Huyện Cẩm Thủy'),
	(391, 38, 'Huyện Thạch Thành'),
	(392, 38, 'Huyện Hà Trung'),
	(393, 38, 'Huyện Vĩnh Lộc'),
	(394, 38, 'Huyện Yên Định'),
	(395, 38, 'Huyện Thọ Xuân'),
	(396, 38, 'Huyện Thường Xuân'),
	(397, 38, 'Huyện Triệu Sơn'),
	(398, 38, 'Huyện Thiệu Hóa'),
	(399, 38, 'Huyện Hoằng Hóa'),
	(400, 38, 'Huyện Hậu Lộc'),
	(401, 38, 'Huyện Nga Sơn'),
	(402, 38, 'Huyện Như Xuân'),
	(403, 38, 'Huyện Như Thanh'),
	(404, 38, 'Huyện Nông Cống'),
	(406, 38, 'Huyện Quảng Xương'),
	(407, 38, 'Thị xã Nghi Sơn'),
	(412, 40, 'Thành phố Vinh'),
	(414, 40, 'Thị xã Thái Hoà'),
	(415, 40, 'Huyện Quế Phong'),
	(416, 40, 'Huyện Quỳ Châu'),
	(417, 40, 'Huyện Kỳ Sơn'),
	(418, 40, 'Huyện Tương Dương'),
	(419, 40, 'Huyện Nghĩa Đàn'),
	(420, 40, 'Huyện Quỳ Hợp'),
	(421, 40, 'Huyện Quỳnh Lưu'),
	(422, 40, 'Huyện Con Cuông'),
	(423, 40, 'Huyện Tân Kỳ'),
	(424, 40, 'Huyện Anh Sơn'),
	(425, 40, 'Huyện Diễn Châu'),
	(426, 40, 'Huyện Yên Thành'),
	(427, 40, 'Huyện Đô Lương'),
	(428, 40, 'Huyện Thanh Chương'),
	(429, 40, 'Huyện Nghi Lộc'),
	(430, 40, 'Huyện Nam Đàn'),
	(431, 40, 'Huyện Hưng Nguyên'),
	(432, 40, 'Thị xã Hoàng Mai'),
	(436, 42, 'Thành phố Hà Tĩnh'),
	(437, 42, 'Thị xã Hồng Lĩnh'),
	(439, 42, 'Huyện Hương Sơn'),
	(440, 42, 'Huyện Đức Thọ'),
	(441, 42, 'Huyện Vũ Quang'),
	(442, 42, 'Huyện Nghi Xuân'),
	(443, 42, 'Huyện Can Lộc'),
	(444, 42, 'Huyện Hương Khê'),
	(445, 42, 'Huyện Thạch Hà'),
	(446, 42, 'Huyện Cẩm Xuyên'),
	(447, 42, 'Huyện Kỳ Anh'),
	(449, 42, 'Thị xã Kỳ Anh'),
	(450, 44, 'Thành Phố Đồng Hới'),
	(452, 44, 'Huyện Minh Hóa'),
	(453, 44, 'Huyện Tuyên Hóa'),
	(454, 44, 'Huyện Quảng Trạch'),
	(455, 44, 'Huyện Bố Trạch'),
	(456, 44, 'Huyện Quảng Ninh'),
	(457, 44, 'Huyện Lệ Thủy'),
	(458, 44, 'Thị xã Ba Đồn'),
	(461, 45, 'Thành phố Đông Hà'),
	(462, 45, 'Thị xã Quảng Trị'),
	(464, 45, 'Huyện Vĩnh Linh'),
	(465, 45, 'Huyện Hướng Hóa'),
	(466, 45, 'Huyện Gio Linh'),
	(467, 45, 'Huyện Đa Krông'),
	(468, 45, 'Huyện Cam Lộ'),
	(469, 45, 'Huyện Triệu Phong'),
	(470, 45, 'Huyện Hải Lăng'),
	(471, 45, 'Huyện Cồn Cỏ'),
	(474, 46, 'Quận Thuận Hóa'),
	(475, 46, 'Quận Phú Xuân'),
	(476, 46, 'Thị xã Phong Điền'),
	(477, 46, 'Huyện Quảng Điền'),
	(478, 46, 'Huyện Phú Vang'),
	(479, 46, 'Thị xã Hương Thủy'),
	(480, 46, 'Thị xã Hương Trà'),
	(481, 46, 'Huyện A Lưới'),
	(482, 46, 'Huyện Phú Lộc'),
	(490, 48, 'Quận Liên Chiểu'),
	(491, 48, 'Quận Thanh Khê'),
	(492, 48, 'Quận Hải Châu'),
	(493, 48, 'Quận Sơn Trà'),
	(494, 48, 'Quận Ngũ Hành Sơn'),
	(495, 48, 'Quận Cẩm Lệ'),
	(497, 48, 'Huyện Hòa Vang'),
	(498, 48, 'Huyện Hoàng Sa'),
	(502, 49, 'Thành phố Tam Kỳ'),
	(503, 49, 'Thành phố Hội An'),
	(504, 49, 'Huyện Tây Giang'),
	(505, 49, 'Huyện Đông Giang'),
	(506, 49, 'Huyện Đại Lộc'),
	(507, 49, 'Thị xã Điện Bàn'),
	(508, 49, 'Huyện Duy Xuyên'),
	(509, 49, 'Huyện Quế Sơn'),
	(510, 49, 'Huyện Nam Giang'),
	(511, 49, 'Huyện Phước Sơn'),
	(512, 49, 'Huyện Hiệp Đức'),
	(513, 49, 'Huyện Thăng Bình'),
	(514, 49, 'Huyện Tiên Phước'),
	(515, 49, 'Huyện Bắc Trà My'),
	(516, 49, 'Huyện Nam Trà My'),
	(517, 49, 'Huyện Núi Thành'),
	(518, 49, 'Huyện Phú Ninh'),
	(522, 51, 'Thành phố Quảng Ngãi'),
	(524, 51, 'Huyện Bình Sơn'),
	(525, 51, 'Huyện Trà Bồng'),
	(527, 51, 'Huyện Sơn Tịnh'),
	(528, 51, 'Huyện Tư Nghĩa'),
	(529, 51, 'Huyện Sơn Hà'),
	(530, 51, 'Huyện Sơn Tây'),
	(531, 51, 'Huyện Minh Long'),
	(532, 51, 'Huyện Nghĩa Hành'),
	(533, 51, 'Huyện Mộ Đức'),
	(534, 51, 'Thị xã Đức Phổ'),
	(535, 51, 'Huyện Ba Tơ'),
	(536, 51, 'Huyện Lý Sơn'),
	(540, 52, 'Thành phố Quy Nhơn'),
	(542, 52, 'Huyện An Lão'),
	(543, 52, 'Thị xã Hoài Nhơn'),
	(544, 52, 'Huyện Hoài Ân'),
	(545, 52, 'Huyện Phù Mỹ'),
	(546, 52, 'Huyện Vĩnh Thạnh'),
	(547, 52, 'Huyện Tây Sơn'),
	(548, 52, 'Huyện Phù Cát'),
	(549, 52, 'Thị xã An Nhơn'),
	(550, 52, 'Huyện Tuy Phước'),
	(551, 52, 'Huyện Vân Canh'),
	(555, 54, 'Thành phố Tuy Hoà'),
	(557, 54, 'Thị xã Sông Cầu'),
	(558, 54, 'Huyện Đồng Xuân'),
	(559, 54, 'Huyện Tuy An'),
	(560, 54, 'Huyện Sơn Hòa'),
	(561, 54, 'Huyện Sông Hinh'),
	(562, 54, 'Huyện Tây Hoà'),
	(563, 54, 'Huyện Phú Hoà'),
	(564, 54, 'Thị xã Đông Hòa'),
	(568, 56, 'Thành phố Nha Trang'),
	(569, 56, 'Thành phố Cam Ranh'),
	(570, 56, 'Huyện Cam Lâm'),
	(571, 56, 'Huyện Vạn Ninh'),
	(572, 56, 'Thị xã Ninh Hòa'),
	(573, 56, 'Huyện Khánh Vĩnh'),
	(574, 56, 'Huyện Diên Khánh'),
	(575, 56, 'Huyện Khánh Sơn'),
	(576, 56, 'Huyện Trường Sa'),
	(582, 58, 'Thành phố Phan Rang-Tháp Chàm'),
	(584, 58, 'Huyện Bác Ái'),
	(585, 58, 'Huyện Ninh Sơn'),
	(586, 58, 'Huyện Ninh Hải'),
	(587, 58, 'Huyện Ninh Phước'),
	(588, 58, 'Huyện Thuận Bắc'),
	(589, 58, 'Huyện Thuận Nam'),
	(593, 60, 'Thành phố Phan Thiết'),
	(594, 60, 'Thị xã La Gi'),
	(595, 60, 'Huyện Tuy Phong'),
	(596, 60, 'Huyện Bắc Bình'),
	(597, 60, 'Huyện Hàm Thuận Bắc'),
	(598, 60, 'Huyện Hàm Thuận Nam'),
	(599, 60, 'Huyện Tánh Linh'),
	(600, 60, 'Huyện Đức Linh'),
	(601, 60, 'Huyện Hàm Tân'),
	(602, 60, 'Huyện Phú Quí'),
	(608, 62, 'Thành phố Kon Tum'),
	(610, 62, 'Huyện Đắk Glei'),
	(611, 62, 'Huyện Ngọc Hồi'),
	(612, 62, 'Huyện Đắk Tô'),
	(613, 62, 'Huyện Kon Plông'),
	(614, 62, 'Huyện Kon Rẫy'),
	(615, 62, 'Huyện Đắk Hà'),
	(616, 62, 'Huyện Sa Thầy'),
	(617, 62, 'Huyện Tu Mơ Rông'),
	(618, 62, 'Huyện Ia H\' Drai'),
	(622, 64, 'Thành phố Pleiku'),
	(623, 64, 'Thị xã An Khê'),
	(624, 64, 'Thị xã Ayun Pa'),
	(625, 64, 'Huyện KBang'),
	(626, 64, 'Huyện Đăk Đoa'),
	(627, 64, 'Huyện Chư Păh'),
	(628, 64, 'Huyện Ia Grai'),
	(629, 64, 'Huyện Mang Yang'),
	(630, 64, 'Huyện Kông Chro'),
	(631, 64, 'Huyện Đức Cơ'),
	(632, 64, 'Huyện Chư Prông'),
	(633, 64, 'Huyện Chư Sê'),
	(634, 64, 'Huyện Đăk Pơ'),
	(635, 64, 'Huyện Ia Pa'),
	(637, 64, 'Huyện Krông Pa'),
	(638, 64, 'Huyện Phú Thiện'),
	(639, 64, 'Huyện Chư Pưh'),
	(643, 66, 'Thành phố Buôn Ma Thuột'),
	(644, 66, 'Thị xã Buôn Hồ'),
	(645, 66, 'Huyện Ea H\'leo'),
	(646, 66, 'Huyện Ea Súp'),
	(647, 66, 'Huyện Buôn Đôn'),
	(648, 66, 'Huyện Cư M\'gar'),
	(649, 66, 'Huyện Krông Búk'),
	(650, 66, 'Huyện Krông Năng'),
	(651, 66, 'Huyện Ea Kar'),
	(652, 66, 'Huyện M\'Đrắk'),
	(653, 66, 'Huyện Krông Bông'),
	(654, 66, 'Huyện Krông Pắc'),
	(655, 66, 'Huyện Krông A Na'),
	(656, 66, 'Huyện Lắk'),
	(657, 66, 'Huyện Cư Kuin'),
	(660, 67, 'Thành phố Gia Nghĩa'),
	(661, 67, 'Huyện Đăk Glong'),
	(662, 67, 'Huyện Cư Jút'),
	(663, 67, 'Huyện Đắk Mil'),
	(664, 67, 'Huyện Krông Nô'),
	(665, 67, 'Huyện Đắk Song'),
	(666, 67, 'Huyện Đắk R\'Lấp'),
	(667, 67, 'Huyện Tuy Đức'),
	(672, 68, 'Thành phố Đà Lạt'),
	(673, 68, 'Thành phố Bảo Lộc'),
	(674, 68, 'Huyện Đam Rông'),
	(675, 68, 'Huyện Lạc Dương'),
	(676, 68, 'Huyện Lâm Hà'),
	(677, 68, 'Huyện Đơn Dương'),
	(678, 68, 'Huyện Đức Trọng'),
	(679, 68, 'Huyện Di Linh'),
	(680, 68, 'Huyện Bảo Lâm'),
	(682, 68, 'Huyện Đạ Huoai'),
	(688, 70, 'Thị xã Phước Long'),
	(689, 70, 'Thành phố Đồng Xoài'),
	(690, 70, 'Thị xã Bình Long'),
	(691, 70, 'Huyện Bù Gia Mập'),
	(692, 70, 'Huyện Lộc Ninh'),
	(693, 70, 'Huyện Bù Đốp'),
	(694, 70, 'Huyện Hớn Quản'),
	(695, 70, 'Huyện Đồng Phú'),
	(696, 70, 'Huyện Bù Đăng'),
	(697, 70, 'Thị xã Chơn Thành'),
	(698, 70, 'Huyện Phú Riềng'),
	(703, 72, 'Thành phố Tây Ninh'),
	(705, 72, 'Huyện Tân Biên'),
	(706, 72, 'Huyện Tân Châu'),
	(707, 72, 'Huyện Dương Minh Châu'),
	(708, 72, 'Huyện Châu Thành'),
	(709, 72, 'Thị xã Hòa Thành'),
	(710, 72, 'Huyện Gò Dầu'),
	(711, 72, 'Huyện Bến Cầu'),
	(712, 72, 'Thị xã Trảng Bàng'),
	(718, 74, 'Thành phố Thủ Dầu Một'),
	(719, 74, 'Huyện Bàu Bàng'),
	(720, 74, 'Huyện Dầu Tiếng'),
	(721, 74, 'Thành phố Bến Cát'),
	(722, 74, 'Huyện Phú Giáo'),
	(723, 74, 'Thành phố Tân Uyên'),
	(724, 74, 'Thành phố Dĩ An'),
	(725, 74, 'Thành phố Thuận An'),
	(726, 74, 'Huyện Bắc Tân Uyên'),
	(731, 75, 'Thành phố Biên Hòa'),
	(732, 75, 'Thành phố Long Khánh'),
	(734, 75, 'Huyện Tân Phú'),
	(735, 75, 'Huyện Vĩnh Cửu'),
	(736, 75, 'Huyện Định Quán'),
	(737, 75, 'Huyện Trảng Bom'),
	(738, 75, 'Huyện Thống Nhất'),
	(739, 75, 'Huyện Cẩm Mỹ'),
	(740, 75, 'Huyện Long Thành'),
	(741, 75, 'Huyện Xuân Lộc'),
	(742, 75, 'Huyện Nhơn Trạch'),
	(747, 77, 'Thành phố Vũng Tàu'),
	(748, 77, 'Thành phố Bà Rịa'),
	(750, 77, 'Huyện Châu Đức'),
	(751, 77, 'Huyện Xuyên Mộc'),
	(753, 77, 'Huyện Long Đất'),
	(754, 77, 'Thị xã Phú Mỹ'),
	(755, 77, 'Huyện Côn Đảo'),
	(760, 79, 'Quận 1'),
	(761, 79, 'Quận 12'),
	(764, 79, 'Quận Gò Vấp'),
	(765, 79, 'Quận Bình Thạnh'),
	(766, 79, 'Quận Tân Bình'),
	(767, 79, 'Quận Tân Phú'),
	(768, 79, 'Quận Phú Nhuận'),
	(769, 79, 'Thành phố Thủ Đức'),
	(770, 79, 'Quận 3'),
	(771, 79, 'Quận 10'),
	(772, 79, 'Quận 11'),
	(773, 79, 'Quận 4'),
	(774, 79, 'Quận 5'),
	(775, 79, 'Quận 6'),
	(776, 79, 'Quận 8'),
	(777, 79, 'Quận Bình Tân'),
	(778, 79, 'Quận 7'),
	(783, 79, 'Huyện Củ Chi'),
	(784, 79, 'Huyện Hóc Môn'),
	(785, 79, 'Huyện Bình Chánh'),
	(786, 79, 'Huyện Nhà Bè'),
	(787, 79, 'Huyện Cần Giờ'),
	(794, 80, 'Thành phố Tân An'),
	(795, 80, 'Thị xã Kiến Tường'),
	(796, 80, 'Huyện Tân Hưng'),
	(797, 80, 'Huyện Vĩnh Hưng'),
	(798, 80, 'Huyện Mộc Hóa'),
	(799, 80, 'Huyện Tân Thạnh'),
	(800, 80, 'Huyện Thạnh Hóa'),
	(801, 80, 'Huyện Đức Huệ'),
	(802, 80, 'Huyện Đức Hòa'),
	(803, 80, 'Huyện Bến Lức'),
	(804, 80, 'Huyện Thủ Thừa'),
	(805, 80, 'Huyện Tân Trụ'),
	(806, 80, 'Huyện Cần Đước'),
	(807, 80, 'Huyện Cần Giuộc'),
	(808, 80, 'Huyện Châu Thành'),
	(815, 82, 'Thành phố Mỹ Tho'),
	(816, 82, 'Thành phố Gò Công'),
	(817, 82, 'Thị xã Cai Lậy'),
	(818, 82, 'Huyện Tân Phước'),
	(819, 82, 'Huyện Cái Bè'),
	(820, 82, 'Huyện Cai Lậy'),
	(821, 82, 'Huyện Châu Thành'),
	(822, 82, 'Huyện Chợ Gạo'),
	(823, 82, 'Huyện Gò Công Tây'),
	(824, 82, 'Huyện Gò Công Đông'),
	(825, 82, 'Huyện Tân Phú Đông'),
	(829, 83, 'Thành phố Bến Tre'),
	(831, 83, 'Huyện Châu Thành'),
	(832, 83, 'Huyện Chợ Lách'),
	(833, 83, 'Huyện Mỏ Cày Nam'),
	(834, 83, 'Huyện Giồng Trôm'),
	(835, 83, 'Huyện Bình Đại'),
	(836, 83, 'Huyện Ba Tri'),
	(837, 83, 'Huyện Thạnh Phú'),
	(838, 83, 'Huyện Mỏ Cày Bắc'),
	(842, 84, 'Thành phố Trà Vinh'),
	(844, 84, 'Huyện Càng Long'),
	(845, 84, 'Huyện Cầu Kè'),
	(846, 84, 'Huyện Tiểu Cần'),
	(847, 84, 'Huyện Châu Thành'),
	(848, 84, 'Huyện Cầu Ngang'),
	(849, 84, 'Huyện Trà Cú'),
	(850, 84, 'Huyện Duyên Hải'),
	(851, 84, 'Thị xã Duyên Hải'),
	(855, 86, 'Thành phố Vĩnh Long'),
	(857, 86, 'Huyện Long Hồ'),
	(858, 86, 'Huyện Mang Thít'),
	(859, 86, 'Huyện Vũng Liêm'),
	(860, 86, 'Huyện Tam Bình'),
	(861, 86, 'Thị xã Bình Minh'),
	(862, 86, 'Huyện Trà Ôn'),
	(863, 86, 'Huyện Bình Tân'),
	(866, 87, 'Thành phố Cao Lãnh'),
	(867, 87, 'Thành phố Sa Đéc'),
	(868, 87, 'Thành phố Hồng Ngự'),
	(869, 87, 'Huyện Tân Hồng'),
	(870, 87, 'Huyện Hồng Ngự'),
	(871, 87, 'Huyện Tam Nông'),
	(872, 87, 'Huyện Tháp Mười'),
	(873, 87, 'Huyện Cao Lãnh'),
	(874, 87, 'Huyện Thanh Bình'),
	(875, 87, 'Huyện Lấp Vò'),
	(876, 87, 'Huyện Lai Vung'),
	(877, 87, 'Huyện Châu Thành'),
	(883, 89, 'Thành phố Long Xuyên'),
	(884, 89, 'Thành phố Châu Đốc'),
	(886, 89, 'Huyện An Phú'),
	(887, 89, 'Thị xã Tân Châu'),
	(888, 89, 'Huyện Phú Tân'),
	(889, 89, 'Huyện Châu Phú'),
	(890, 89, 'Thị xã Tịnh Biên'),
	(891, 89, 'Huyện Tri Tôn'),
	(892, 89, 'Huyện Châu Thành'),
	(893, 89, 'Huyện Chợ Mới'),
	(894, 89, 'Huyện Thoại Sơn'),
	(899, 91, 'Thành phố Rạch Giá'),
	(900, 91, 'Thành phố Hà Tiên'),
	(902, 91, 'Huyện Kiên Lương'),
	(903, 91, 'Huyện Hòn Đất'),
	(904, 91, 'Huyện Tân Hiệp'),
	(905, 91, 'Huyện Châu Thành'),
	(906, 91, 'Huyện Giồng Riềng'),
	(907, 91, 'Huyện Gò Quao'),
	(908, 91, 'Huyện An Biên'),
	(909, 91, 'Huyện An Minh'),
	(910, 91, 'Huyện Vĩnh Thuận'),
	(911, 91, 'Thành phố Phú Quốc'),
	(912, 91, 'Huyện Kiên Hải'),
	(913, 91, 'Huyện U Minh Thượng'),
	(914, 91, 'Huyện Giang Thành'),
	(916, 92, 'Quận Ninh Kiều'),
	(917, 92, 'Quận Ô Môn'),
	(918, 92, 'Quận Bình Thuỷ'),
	(919, 92, 'Quận Cái Răng'),
	(923, 92, 'Quận Thốt Nốt'),
	(924, 92, 'Huyện Vĩnh Thạnh'),
	(925, 92, 'Huyện Cờ Đỏ'),
	(926, 92, 'Huyện Phong Điền'),
	(927, 92, 'Huyện Thới Lai'),
	(930, 93, 'Thành phố Vị Thanh'),
	(931, 93, 'Thành phố Ngã Bảy'),
	(932, 93, 'Huyện Châu Thành A'),
	(933, 93, 'Huyện Châu Thành'),
	(934, 93, 'Huyện Phụng Hiệp'),
	(935, 93, 'Huyện Vị Thuỷ'),
	(936, 93, 'Huyện Long Mỹ'),
	(937, 93, 'Thị xã Long Mỹ'),
	(941, 94, 'Thành phố Sóc Trăng'),
	(942, 94, 'Huyện Châu Thành'),
	(943, 94, 'Huyện Kế Sách'),
	(944, 94, 'Huyện Mỹ Tú'),
	(945, 94, 'Huyện Cù Lao Dung'),
	(946, 94, 'Huyện Long Phú'),
	(947, 94, 'Huyện Mỹ Xuyên'),
	(948, 94, 'Thị xã Ngã Năm'),
	(949, 94, 'Huyện Thạnh Trị'),
	(950, 94, 'Thị xã Vĩnh Châu'),
	(951, 94, 'Huyện Trần Đề'),
	(954, 95, 'Thành phố Bạc Liêu'),
	(956, 95, 'Huyện Hồng Dân'),
	(957, 95, 'Huyện Phước Long'),
	(958, 95, 'Huyện Vĩnh Lợi'),
	(959, 95, 'Thị xã Giá Rai'),
	(960, 95, 'Huyện Đông Hải'),
	(961, 95, 'Huyện Hoà Bình'),
	(964, 96, 'Thành phố Cà Mau'),
	(966, 96, 'Huyện U Minh'),
	(967, 96, 'Huyện Thới Bình'),
	(968, 96, 'Huyện Trần Văn Thời'),
	(969, 96, 'Huyện Cái Nước'),
	(970, 96, 'Huyện Đầm Dơi'),
	(971, 96, 'Huyện Năm Căn'),
	(972, 96, 'Huyện Phú Tân'),
	(973, 96, 'Huyện Ngọc Hiển');

-- Đang kết xuất đổ cấu trúc cho bảng ants.favorites
CREATE TABLE IF NOT EXISTS `favorites` (
  `createddate` datetime(6) DEFAULT NULL,
  `modifieddate` datetime(6) DEFAULT NULL,
  `id` binary(16) NOT NULL,
  `room_id` binary(16) NOT NULL,
  `user_id` binary(16) NOT NULL,
  `createby` varchar(255) DEFAULT NULL,
  `modifiedby` varchar(255) DEFAULT NULL,
  PRIMARY KEY (`id`),
  KEY `FKberjnu7ygmw3btmkhf0chgh1f` (`room_id`),
  KEY `FKk7du8b8ewipawnnpg76d55fus` (`user_id`),
  CONSTRAINT `FKberjnu7ygmw3btmkhf0chgh1f` FOREIGN KEY (`room_id`) REFERENCES `rooms` (`id`),
  CONSTRAINT `FKk7du8b8ewipawnnpg76d55fus` FOREIGN KEY (`user_id`) REFERENCES `users` (`id`)
) ENGINE=InnoDB DEFAULT CHARSET=utf8mb4 COLLATE=utf8mb4_0900_ai_ci;

-- Đang kết xuất đổ dữ liệu cho bảng ants.favorites: ~22 rows (xấp xỉ)
INSERT INTO `favorites` (`createddate`, `modifieddate`, `id`, `room_id`, `user_id`, `createby`, `modifiedby`) VALUES
	('2025-08-26 10:51:41.527000', '2025-08-26 10:51:41.527000', _binary 0x16ba0fd204e5486185027320c70f576e, _binary 0xd652fc9a7a0741dbb7f360c79d6dd70d, _binary 0x72413dec80c54b79996f460d1eb55f62, NULL, NULL),
	('2025-09-19 09:46:34.588000', '2025-09-19 09:46:34.588000', _binary 0x1770ff3ce16d49bc978cf7bf292faae2, _binary 0x57dc4b9a6c3e43a698470b0465d47e8d, _binary 0x72413dec80c54b79996f460d1eb55f62, NULL, NULL),
	('2025-09-11 23:25:22.785000', '2025-09-11 23:25:22.785000', _binary 0x230f1f6dc9b54b069e2a908635ba97a0, _binary 0x421bf65b53d34e8ea2400379699d64e5, _binary 0x34249389e8e649e48d5369d1f5ac6208, NULL, NULL),
	('2025-08-26 09:12:45.056000', '2025-08-26 09:12:45.056000', _binary 0x2ae4e295fbb642a0b80049f38fda4ae9, _binary 0x4610e8bc385846dc9c68892047bebb9d, _binary 0x854bede3e086421eb1f9971719513e60, NULL, NULL),
	('2025-08-26 09:19:30.762000', '2025-08-26 09:19:30.762000', _binary 0x2b3e2cec0ac84e7baf58d21f9f4ae4f5, _binary 0xd652fc9a7a0741dbb7f360c79d6dd70d, _binary 0x854bede3e086421eb1f9971719513e60, NULL, NULL),
	('2025-09-08 15:54:55.201000', '2025-09-08 15:54:55.201000', _binary 0x323fdd1d7d414864a541b557defb263e, _binary 0xd7649d2172d540ed9ea90b2c58a7a0c2, _binary 0xf765f65b19904b32a1e6a798b5da27c3, NULL, NULL),
	('2025-08-26 10:57:48.322000', '2025-08-26 10:57:48.322000', _binary 0x381b090a87ca487bacb481b56aa22b80, _binary 0x2c59f7e6aaf64d61abd76613c5d8bdf4, _binary 0x72413dec80c54b79996f460d1eb55f62, NULL, NULL),
	('2025-08-26 09:09:46.122000', '2025-08-26 09:09:46.122000', _binary 0x3927f2d43bb24cf499275a0c53073a55, _binary 0xd7649d2172d540ed9ea90b2c58a7a0c2, _binary 0x0b2c48dcc3694effaef3719edac27f53, NULL, NULL),
	('2025-08-26 09:15:26.710000', '2025-08-26 09:15:26.710000', _binary 0x3f2d572057944469921962be2bae0129, _binary 0xb85fcc8609d34f8aa62ac6bd83d3b96d, _binary 0x854bede3e086421eb1f9971719513e60, NULL, NULL),
	('2025-08-26 09:23:09.453000', '2025-08-26 09:23:09.453000', _binary 0x44dea1f4885b46b9ba36dda320c159c8, _binary 0x733ccf1a2acd45db8d84d8666aa9a66c, _binary 0x854bede3e086421eb1f9971719513e60, NULL, NULL),
	('2025-08-26 10:58:06.402000', '2025-08-26 10:58:06.402000', _binary 0x62576a8002f54e7d91d100fd145609a9, _binary 0xd7649d2172d540ed9ea90b2c58a7a0c2, _binary 0x72413dec80c54b79996f460d1eb55f62, NULL, NULL),
	('2025-08-26 10:17:39.491000', '2025-08-26 10:17:39.491000', _binary 0x6874231559454dc4a85e6d2f4c9139ff, _binary 0xb85fcc8609d34f8aa62ac6bd83d3b96d, _binary 0x72413dec80c54b79996f460d1eb55f62, NULL, NULL),
	('2025-08-27 10:45:23.854000', '2025-08-27 10:45:23.854000', _binary 0x8d4a963c29ea4113b59c3d24dfdeb883, _binary 0x9ce216abd9f34a43a69889cc0ad99aca, _binary 0x3c2cef1872c04eb4899e6ba3e486fc0b, NULL, NULL),
	('2025-08-24 21:54:04.142000', '2025-08-24 21:54:04.142000', _binary 0x8e7f0971371f4ca2918856f6621c1e04, _binary 0x6335ade7213546bbbabbf0dd9700d38f, _binary 0x854bede3e086421eb1f9971719513e60, NULL, NULL),
	('2025-09-02 10:27:44.755000', '2025-09-02 10:27:44.755000', _binary 0x9beb5a02b4ca4a67b016dbc2f5cf2845, _binary 0x4610e8bc385846dc9c68892047bebb9d, _binary 0x72413dec80c54b79996f460d1eb55f62, NULL, NULL),
	('2025-08-24 21:49:22.836000', '2025-08-24 21:49:22.836000', _binary 0xa72e305a6da6439b81b1806ef835813a, _binary 0xd7649d2172d540ed9ea90b2c58a7a0c2, _binary 0x854bede3e086421eb1f9971719513e60, NULL, NULL),
	('2025-09-19 19:16:52.764000', '2025-09-19 19:16:52.764000', _binary 0xb33240a49c06493793b3146d49c3f742, _binary 0x2cf22445c9f94165be31620a76e35b30, _binary 0x77a75777df0349a284e91ab369049ad0, NULL, NULL),
	('2025-09-08 15:55:50.451000', '2025-09-08 15:55:50.451000', _binary 0xb7ca176d89f84589b77b9be82c362d0f, _binary 0xb85fcc8609d34f8aa62ac6bd83d3b96d, _binary 0xf765f65b19904b32a1e6a798b5da27c3, NULL, NULL),
	('2025-09-11 23:01:48.322000', '2025-09-11 23:01:48.322000', _binary 0xbaede7015f1a48e0a0250ac85129b5c9, _binary 0x4c931b05f6c44ad1837aa29416803da6, _binary 0x34249389e8e649e48d5369d1f5ac6208, NULL, NULL),
	('2025-09-18 10:16:54.359000', '2025-09-18 10:16:54.359000', _binary 0xbecd94de29c84366af03e4a800abb514, _binary 0xb5a3a492dc9c413c9c3c45d78869ef7b, _binary 0x34249389e8e649e48d5369d1f5ac6208, NULL, NULL),
	('2025-08-30 15:45:13.389000', '2025-08-30 15:45:13.389000', _binary 0xc750417d4f7a41deb3e97ba67598e6e4, _binary 0xd7649d2172d540ed9ea90b2c58a7a0c2, _binary 0xf56609ab7e644e639012ea6c6bf433b1, NULL, NULL),
	('2025-09-18 22:33:26.304000', '2025-09-18 22:33:26.304000', _binary 0xef3f3dec25b64b57a2df1734ba2b54b7, _binary 0x2cf22445c9f94165be31620a76e35b30, _binary 0x34249389e8e649e48d5369d1f5ac6208, NULL, NULL);

-- Đang kết xuất đổ cấu trúc cho bảng ants.images
CREATE TABLE IF NOT EXISTS `images` (
  `id` bigint NOT NULL AUTO_INCREMENT,
  `room_id` binary(16) NOT NULL,
  `url` varchar(255) DEFAULT NULL,
  PRIMARY KEY (`id`),
  KEY `FKdeh4h59nedlwji0j8e57hu9mf` (`room_id`),
  CONSTRAINT `FKdeh4h59nedlwji0j8e57hu9mf` FOREIGN KEY (`room_id`) REFERENCES `rooms` (`id`)
) ENGINE=InnoDB AUTO_INCREMENT=141 DEFAULT CHARSET=utf8mb4 COLLATE=utf8mb4_0900_ai_ci;

-- Đang kết xuất đổ dữ liệu cho bảng ants.images: ~91 rows (xấp xỉ)
INSERT INTO `images` (`id`, `room_id`, `url`) VALUES
	(1, _binary 0x733ccf1a2acd45db8d84d8666aa9a66c, '/dmvvs0ags/image/upload/v1756041703/4531bae2-ece0-41d1-bfbd-d4186189be2c_z4064025757084-0d37877ed5b25c44a86f2a31961b5db1_1674785595_ms3hip.jpg'),
	(2, _binary 0x733ccf1a2acd45db8d84d8666aa9a66c, '/dmvvs0ags/image/upload/v1756041705/d6d68760-d840-4be1-ba89-192961280e8c_z4064025759263-7ca73cc7c52cfc53a6b4a9960f37d3f8_1674785596_ldk1cz.jpg'),
	(3, _binary 0x733ccf1a2acd45db8d84d8666aa9a66c, '/dmvvs0ags/image/upload/v1756041708/20050da9-0c4d-4923-aec9-5466120ea428_z4064025765105-04e4c8e3b0c79ad50f7c6b1939162823_1674785595_uqg8vt.jpg'),
	(4, _binary 0x733ccf1a2acd45db8d84d8666aa9a66c, '/dmvvs0ags/image/upload/v1756041711/f747499d-ee10-4c5f-8352-2cdc91003834_z4064025740041-0c32a1d0197c20b63c64a57df8c64959_1674785592_k6unee.jpg'),
	(5, _binary 0x6335ade7213546bbbabbf0dd9700d38f, '/dmvvs0ags/image/upload/v1756041903/af2ca031-f96a-4056-ae51-9d8cce0871e2_cd1f49e88d1c3942600d7_1749537836_pc9gge.jpg'),
	(6, _binary 0x6335ade7213546bbbabbf0dd9700d38f, '/dmvvs0ags/image/upload/v1756041906/f57fbaad-6342-40f1-9365-735bc7c9fa43_0905e8ca2c3e9860c12f5_1749537832_evecu2.jpg'),
	(7, _binary 0x6335ade7213546bbbabbf0dd9700d38f, '/dmvvs0ags/image/upload/v1756041909/a100c076-9c92-4f48-9a5a-cef5d76a7da9_9a4443df872b33756a3a9_1749537832_chpfsq.jpg'),
	(8, _binary 0x6335ade7213546bbbabbf0dd9700d38f, '/dmvvs0ags/image/upload/v1756041912/47dcdb1f-cd79-429a-98a5-b238e49f9c4f_9a61b45470a0c4fe9db13_1749537830_-_Sao_ch%C3%A9p_znwb5f.jpg'),
	(9, _binary 0x6335ade7213546bbbabbf0dd9700d38f, '/dmvvs0ags/image/upload/v1756041915/319fdbe4-19ae-4deb-8ec1-29ddec00593f_img-2026_1722050287_brn5g4.jpg'),
	(14, _binary 0x2cf22445c9f94165be31620a76e35b30, '/dmvvs0ags/image/upload/v1756042234/49c6cbd9-67e2-43eb-b5be-a0c0c8b3d654_img-7157_1754678535_gey2mz.jpg'),
	(15, _binary 0x2cf22445c9f94165be31620a76e35b30, '/dmvvs0ags/image/upload/v1756042239/17819c67-46ef-4ecf-954c-ec5fe9d0eb5a_img-7160_1754678535_a74mbp.jpg'),
	(16, _binary 0x2cf22445c9f94165be31620a76e35b30, '/dmvvs0ags/image/upload/v1756042242/abe95b9c-ff56-4375-b381-af78c560ad80_img-2586_1754444797_bgjabu.jpg'),
	(17, _binary 0x2cf22445c9f94165be31620a76e35b30, '/dmvvs0ags/image/upload/v1756042247/59c0ea18-edbf-4d5f-94e4-823ce05769f0_img-2587_1754444794_eifrza.jpg'),
	(18, _binary 0x2cf22445c9f94165be31620a76e35b30, '/dmvvs0ags/image/upload/v1756042257/7825ef0f-2d18-433e-890c-8a967c569c7a_img-2585_1754444794_gid3dn.jpg'),
	(19, _binary 0x4b56c8f16b524a11a58180bf8f939073, '/dmvvs0ags/image/upload/v1756042315/bf9ad6ac-8ce1-41a0-bd9a-44510dbde2e4_z6579669039824-1a1a7cb10dbb93bdd986d5a33cefbb5d_1746671212_lizl0z.jpg'),
	(20, _binary 0x4b56c8f16b524a11a58180bf8f939073, '/dmvvs0ags/image/upload/v1756042318/2ccf9516-d449-451b-94a3-cf5bec4fea24_z6561532148516-4a026833dfb9b3ed4cad839dbf5360d8_1746169378_ty6chh.jpg'),
	(21, _binary 0x4b56c8f16b524a11a58180bf8f939073, '/dmvvs0ags/image/upload/v1756042322/6c02ceb1-fee8-476d-928c-619bb1f09564_z6561545618040-55a44998a2d8f47391a7e54b31e44412_1746169380_qwlflq.jpg'),
	(22, _binary 0x4b56c8f16b524a11a58180bf8f939073, '/dmvvs0ags/image/upload/v1756042325/58d41ff9-6960-4230-9c6b-9b01db8a5da7_z6561532126015-aa31d0303fbc32b1e536fc37f70c7d13_1746169378_jtz78v.jpg'),
	(23, _binary 0x4b56c8f16b524a11a58180bf8f939073, '/dmvvs0ags/image/upload/v1756042327/98acd4e3-03ff-4c21-9832-9b5ce6b9e32d_z6561532165456-b82ef9e6c7313edf082352eb1370714a_1746169379_kmbpey.jpg'),
	(24, _binary 0x9ce216abd9f34a43a69889cc0ad99aca, '/dmvvs0ags/image/upload/v1756042474/a180e797-32d4-443b-b0a1-1c97cde09eed_d2da0d3d-551c-4d44-8f72-d19dad39f826_1668127812_tyn3gv.jpg'),
	(25, _binary 0x9ce216abd9f34a43a69889cc0ad99aca, '/dmvvs0ags/image/upload/v1756042477/853fab9d-167a-460f-afd3-b48812cb4678_img-0404_1744160980_v54h66.jpg'),
	(26, _binary 0x9ce216abd9f34a43a69889cc0ad99aca, '/dmvvs0ags/image/upload/v1756042485/8a4eaa36-0eeb-4cdb-8ac8-7a80781f8ed3_img-6711_1744160980_vxglvd.jpg'),
	(27, _binary 0x9ce216abd9f34a43a69889cc0ad99aca, '/dmvvs0ags/image/upload/v1756042488/f6838559-2705-4850-b816-cac73f4c48da_img-4504_1704335016_jhcssp.jpg'),
	(31, _binary 0x57dc4b9a6c3e43a698470b0465d47e8d, '/dmvvs0ags/image/upload/v1756042706/696ca811-8f91-4b03-ba35-d454873f7f38_img-2026_1722050287_g1fuoe.jpg'),
	(32, _binary 0x57dc4b9a6c3e43a698470b0465d47e8d, '/dmvvs0ags/image/upload/v1756042710/3a96489c-8b25-435d-bb1b-bf627d9e61fd_img-2028_1722050285_pmdb5c.jpg'),
	(33, _binary 0x57dc4b9a6c3e43a698470b0465d47e8d, '/dmvvs0ags/image/upload/v1756042714/91bfffcf-cb1f-4d9d-84c1-985d24f1f97b_img-0387_1754678536_si5na7.jpg'),
	(34, _binary 0x57dc4b9a6c3e43a698470b0465d47e8d, '/dmvvs0ags/image/upload/v1756042719/e54092ea-a1cf-41a6-b0cb-756a88ca605c_img-2585_1754444794_kxwh7w.jpg'),
	(35, _binary 0x2c59f7e6aaf64d61abd76613c5d8bdf4, '/dmvvs0ags/image/upload/v1756042736/47926ebb-6189-4ff9-a5fe-3a3aed9adfa0_dbb862ae-9cc3-42a1-999b-d6518fcda1b5_1637745777_lberkn.jpg'),
	(36, _binary 0x2c59f7e6aaf64d61abd76613c5d8bdf4, '/dmvvs0ags/image/upload/v1756042739/853d4501-3fba-4eeb-8356-5afefa3edbb5_8c9c4aad-b770-488e-bc2c-478d7638483b_1637745777_fj2ef7.jpg'),
	(37, _binary 0x2c59f7e6aaf64d61abd76613c5d8bdf4, '/dmvvs0ags/image/upload/v1756042741/30a795e6-70d9-4399-9bbf-a59b01d4de99_d3feb6a7-8102-4063-87bd-45dcb9d65cbe_1637745774_tvpxd4.jpg'),
	(38, _binary 0x2c59f7e6aaf64d61abd76613c5d8bdf4, '/dmvvs0ags/image/upload/v1756042744/4c7b3626-805c-425d-a164-8e2f04f7857f_488aa316-ab9f-4928-876a-9f248c48b355_1637745774_fuvng6.jpg'),
	(39, _binary 0x9443e5899d0e4f058652eba4abe358eb, '/dmvvs0ags/image/upload/v1756042956/03be7e9f-c577-4638-88e4-a154d699c36c_img-0201_1744718614_gmcpdm.jpg'),
	(40, _binary 0x9443e5899d0e4f058652eba4abe358eb, '/dmvvs0ags/image/upload/v1756042960/5568a64a-2258-4b8f-af6f-a8e6d6993d47_img-0202_1744718608_xpqhdp.jpg'),
	(41, _binary 0x9443e5899d0e4f058652eba4abe358eb, '/dmvvs0ags/image/upload/v1756042963/c0acb6de-ec0a-4a18-90e9-14e723a21ee2_img-0203_1744718608_lqf74q.jpg'),
	(42, _binary 0x9443e5899d0e4f058652eba4abe358eb, '/dmvvs0ags/image/upload/v1756042973/a11b4035-396b-415f-9a4d-6a48ddf64f42_img-0204_1744718601_bnibwm.jpg'),
	(43, _binary 0x9443e5899d0e4f058652eba4abe358eb, '/dmvvs0ags/image/upload/v1756042987/d0675ae2-3638-454d-a21a-9b413747182e_img-0200_1744718601_p8mdxr.jpg'),
	(44, _binary 0x4610e8bc385846dc9c68892047bebb9d, '/dmvvs0ags/image/upload/v1756043015/c76f3ea8-0298-4475-a176-c8a6692c78d1_img-4151_1750867764_scjpa5.jpg'),
	(45, _binary 0x4610e8bc385846dc9c68892047bebb9d, '/dmvvs0ags/image/upload/v1756043018/3902c329-0e9c-4877-a00f-82c43179793c_c_1750867749_uy0yql.jpg'),
	(46, _binary 0x4610e8bc385846dc9c68892047bebb9d, '/dmvvs0ags/image/upload/v1756043020/d19c1658-e967-4a6a-857f-37384669a3f5_b_1750867747_mojsi8.jpg'),
	(47, _binary 0x4610e8bc385846dc9c68892047bebb9d, '/dmvvs0ags/image/upload/v1756043031/a92d11de-314d-4fb9-82ee-e2801eb91a98_cd1f49e88d1c3942600d7_1749537836_ixuvov.jpg'),
	(48, _binary 0x4c931b05f6c44ad1837aa29416803da6, '/dmvvs0ags/image/upload/v1756043156/00adb81b-a0d1-434d-8272-e5c3efdea01d_pt17_1727753300_uxuu24.jpg'),
	(49, _binary 0x4c931b05f6c44ad1837aa29416803da6, '/dmvvs0ags/image/upload/v1756043158/fe5548af-2ce1-4126-b474-6aa6819cf509_anh-pt6_1727753281_x4db2o.jpg'),
	(50, _binary 0x4c931b05f6c44ad1837aa29416803da6, '/dmvvs0ags/image/upload/v1756043161/baab1b90-e9ab-4039-910a-3ec25936229c_anh-pt5_1727753277_b9oydm.jpg'),
	(51, _binary 0xb85fcc8609d34f8aa62ac6bd83d3b96d, '/dmvvs0ags/image/upload/v1756043328/93b6f54d-5860-4957-833c-b9f50d1ff53f_422357671-363999103305499-6208828838833440313-n_1712310588_cft7yi.jpg'),
	(52, _binary 0xb85fcc8609d34f8aa62ac6bd83d3b96d, '/dmvvs0ags/image/upload/v1756043330/81b5c26e-b739-4a0a-bf71-f9633ca3cccb_435983603-363999083305501-1736993500646244226-n_1712310597_gcjacd.jpg'),
	(53, _binary 0xd7649d2172d540ed9ea90b2c58a7a0c2, '/dmvvs0ags/image/upload/v1756044100/197c7da0-4e75-4984-830d-6f2033e7b705_img-7160_1754678535_1_phjbqi.jpg'),
	(54, _binary 0xd7649d2172d540ed9ea90b2c58a7a0c2, '/dmvvs0ags/image/upload/v1756044105/cfafa651-a371-4289-a3ac-5c227328723b_img-0387_1754678536_1_xsbvyi.jpg'),
	(55, _binary 0xd7649d2172d540ed9ea90b2c58a7a0c2, '/dmvvs0ags/image/upload/v1756044109/dd73a657-796a-4680-bf9d-c86c3998f785_img-7391_1755957487_mqdulo.jpg'),
	(56, _binary 0xd7649d2172d540ed9ea90b2c58a7a0c2, '/dmvvs0ags/image/upload/v1756044112/4fd4cffd-f4f1-4ded-8357-0378fc970364_img-7394_1755957487_rlicjw.jpg'),
	(57, _binary 0xd652fc9a7a0741dbb7f360c79d6dd70d, '/dmvvs0ags/image/upload/v1756044311/cfd46f9c-301b-4958-b2cb-6162aa9912fc_img-7394_1755957487_c7ivqm.jpg'),
	(58, _binary 0xd652fc9a7a0741dbb7f360c79d6dd70d, '/dmvvs0ags/image/upload/v1756044313/ae05852e-ff88-4bd5-af92-8071c0d03a70_img-4151_1750867764_qnbo3g.jpg'),
	(59, _binary 0xd652fc9a7a0741dbb7f360c79d6dd70d, '/dmvvs0ags/image/upload/v1756044315/d9bf3df4-6f0a-4592-8437-cb32fe09ba4d_c_1750867749_f3wanp.jpg'),
	(60, _binary 0xd652fc9a7a0741dbb7f360c79d6dd70d, '/dmvvs0ags/image/upload/v1756044318/9f8d0c3b-fd35-41be-9183-b535a9276d41_b_1750867747_vrdbix.jpg'),
	(75, _binary 0xa7bb169207ef4799b13c382653821d2c, '/dmvvs0ags/image/upload/v1756969651/9f47d408-3a36-4aca-bf50-68099d9cb4f2_34e3c0c5-bf7c-4316-b34f-5fc52cff56d6_1750125010_irtifi.jpg'),
	(76, _binary 0xa7bb169207ef4799b13c382653821d2c, '/dmvvs0ags/image/upload/v1756969654/9544ac9d-047c-4010-9138-4c5b00284ad3_58bcde5aaa171d4944064_1750057120_khrhtz.jpg'),
	(77, _binary 0xa7bb169207ef4799b13c382653821d2c, '/dmvvs0ags/image/upload/v1756969656/78156646-bb7b-45b6-8be8-6ba2279369d2_dc1f6a0d1b40ac1ef5513_1750057120_vxp6ek.jpg'),
	(78, _binary 0xa7bb169207ef4799b13c382653821d2c, '/dmvvs0ags/video/upload/v1756969660/cd805be0-9543-43bc-8654-6800cd59a669_watch_rt9q97.mp4'),
	(79, _binary 0x0d7e829cb0274205aa0f30137bf4ad60, '/dmvvs0ags/image/upload/v1757604831/51027ad4-1993-420b-8eed-94bc5dfbe197_0372572a-bdec-4587-a852-725335986f6e_1756790924_mvxj7w.jpg'),
	(80, _binary 0x0d7e829cb0274205aa0f30137bf4ad60, '/dmvvs0ags/image/upload/v1757604839/b5f403d8-a200-4d1e-9054-71b8c6f5e95e_41b5efd1-b0c4-4b13-9823-4e892f5d8efd_1756790923_svjuz9.jpg'),
	(81, _binary 0x0d7e829cb0274205aa0f30137bf4ad60, '/dmvvs0ags/image/upload/v1757604848/d243ea81-defe-4d8d-8c65-5f51b3404f14_d82ddf0d-9f98-4592-b0a7-837fe87e52d9_1756790910_dabjku.jpg'),
	(82, _binary 0x0d7e829cb0274205aa0f30137bf4ad60, '/dmvvs0ags/image/upload/v1757604852/e229e75d-7a83-4ab7-a742-ad08d478cff2_ff88d0ad-cebb-4f45-993f-368d1b62e493_1756790910_q1nykd.jpg'),
	(83, _binary 0x0d7e829cb0274205aa0f30137bf4ad60, '/dmvvs0ags/video/upload/v1757604864/3ed8107a-f0f6-46e4-b3d3-3e95b4573f4e_pt2_r52gzs.mp4'),
	(84, _binary 0x75c62a8874d24ccc9e22b95e8c6920d8, '/dmvvs0ags/image/upload/v1757605070/9c808c98-e40d-4a44-82b6-d5f75ffbe089_img-7391_1755957487_hty3v6.jpg'),
	(85, _binary 0x75c62a8874d24ccc9e22b95e8c6920d8, '/dmvvs0ags/image/upload/v1757605075/b81f6772-32a3-457a-b09e-a525b2b205ec_img-7394_1755957487_aaf9aq.jpg'),
	(86, _binary 0x75c62a8874d24ccc9e22b95e8c6920d8, '/dmvvs0ags/image/upload/v1757605078/92f91204-14db-47b1-9436-bf2b9e4370ee_z4064025759263-7ca73cc7c52cfc53a6b4a9960f37d3f8_1674785596_dwvvje.jpg'),
	(87, _binary 0x75c62a8874d24ccc9e22b95e8c6920d8, '/dmvvs0ags/image/upload/v1757605083/b4457592-2088-44b2-8165-bf8a5048dbc4_z4064025765105-04e4c8e3b0c79ad50f7c6b1939162823_1674785595_rzyb4y.jpg'),
	(88, _binary 0xb5a3a492dc9c413c9c3c45d78869ef7b, '/dmvvs0ags/image/upload/v1757605227/372aae2d-8c29-4d79-9e4d-16d400378d7e_20220522-074023-hdr_1729688945_utpvdc.jpg'),
	(89, _binary 0xb5a3a492dc9c413c9c3c45d78869ef7b, '/dmvvs0ags/image/upload/v1757605231/ca4e2d0e-dc5c-4214-b372-abd2324d8ef2_0372572a-bdec-4587-a852-725335986f6e_1756790924_vhfbdo.jpg'),
	(90, _binary 0xb5a3a492dc9c413c9c3c45d78869ef7b, '/dmvvs0ags/image/upload/v1757605235/0512e5f5-6538-4ea4-ae8c-59fecbe42d35_41b5efd1-b0c4-4b13-9823-4e892f5d8efd_1756790923_iiselu.jpg'),
	(91, _binary 0x421bf65b53d34e8ea2400379699d64e5, '/dmvvs0ags/image/upload/v1757607794/0eefa681-b085-4196-b800-7148b2053969_B-1_xhzvpm.jpg'),
	(92, _binary 0x421bf65b53d34e8ea2400379699d64e5, '/dmvvs0ags/image/upload/v1757607797/d87d4a3d-7564-4b72-bdae-1085c34ad375_B-2_j3tdu7.jpg'),
	(93, _binary 0x421bf65b53d34e8ea2400379699d64e5, '/dmvvs0ags/image/upload/v1757607800/81327605-5a97-47ea-b92a-115fadc7af7c_B-3_cyt8cd.jpg'),
	(94, _binary 0x421bf65b53d34e8ea2400379699d64e5, '/dmvvs0ags/image/upload/v1757607805/d0a8a981-82d0-416c-96d6-2fc9925def05_B-4_nw0pbs.jpg'),
	(95, _binary 0x421bf65b53d34e8ea2400379699d64e5, '/dmvvs0ags/video/upload/v1757607836/4141155f-51a7-4e73-b693-40fe948ac741_video-1_rjvmwc.mp4'),
	(110, _binary 0xb8071bc17ef6414e8f82c667821caca0, 'pending://uploading'),
	(112, _binary 0xb8071bc17ef6414e8f82c667821caca0, 'pending://uploading'),
	(114, _binary 0xb8071bc17ef6414e8f82c667821caca0, 'pending://uploading'),
	(116, _binary 0xb8071bc17ef6414e8f82c667821caca0, 'pending://uploading'),
	(118, _binary 0xb8071bc17ef6414e8f82c667821caca0, 'pending://uploading'),
	(120, _binary 0xb8071bc17ef6414e8f82c667821caca0, 'pending://uploading'),
	(130, _binary 0x222da08b8ca44e2db639cba9d7568440, '/dmvvs0ags/image/upload/v1758273450/d9bb9377-955d-48a2-81d2-ea36d7d6dd06_z4064025757084-0d37877ed5b25c44a86f2a31961b5db1_1674785595_mbg2ev.jpg'),
	(131, _binary 0x222da08b8ca44e2db639cba9d7568440, '/dmvvs0ags/image/upload/v1758273452/f53cd97d-9712-4195-a2f4-d18e4b5b479a_z4064025759263-7ca73cc7c52cfc53a6b4a9960f37d3f8_1674785596_h80axo.jpg'),
	(132, _binary 0x222da08b8ca44e2db639cba9d7568440, '/dmvvs0ags/image/upload/v1758273455/8e6b9a9f-6e8d-4253-ac7e-d51f0a2a2021_z4064025765105-04e4c8e3b0c79ad50f7c6b1939162823_1674785595_o1qyyv.jpg'),
	(133, _binary 0x222da08b8ca44e2db639cba9d7568440, '/dmvvs0ags/image/upload/v1758273458/d889c081-7005-4689-b478-4d2ec77ce595_z4064025740041-0c32a1d0197c20b63c64a57df8c64959_1674785592_fbk2tf.jpg'),
	(134, _binary 0xfa304baaf6b5493983823e1c94ffb6f2, '/dmvvs0ags/image/upload/v1758288749/e5d97c83-f43a-4e69-8368-6cacc06be4a0_20220522-074023-hdr_1729688945_ykfhvr.jpg'),
	(135, _binary 0xfa304baaf6b5493983823e1c94ffb6f2, '/dmvvs0ags/image/upload/v1758288756/11f0d049-836a-48e3-9f97-37f4e4c2a9b5_0372572a-bdec-4587-a852-725335986f6e_1756790924_mjc4an.jpg'),
	(136, _binary 0xfa304baaf6b5493983823e1c94ffb6f2, '/dmvvs0ags/video/upload/v1758288806/169ab29f-aae6-4b47-a9dc-0ceb2e662203_pt1_pjokug.mp4'),
	(137, _binary 0xfab416d84584443faf517b024dcf1db7, '/dmvvs0ags/image/upload/v1758288897/c4d05e95-2c5d-4430-b006-1ea4eba77143_20220522-074023-hdr_1729688945_wf2lmo.jpg'),
	(138, _binary 0xfab416d84584443faf517b024dcf1db7, '/dmvvs0ags/image/upload/v1758288900/9ce89cb6-3ec6-43a9-952b-5dcbed0ac3bf_0372572a-bdec-4587-a852-725335986f6e_1756790924_bmsseh.jpg'),
	(139, _binary 0xfab416d84584443faf517b024dcf1db7, '/dmvvs0ags/image/upload/v1758288904/08738ae7-abe5-40a3-b92f-fab1bdf03df0_41b5efd1-b0c4-4b13-9823-4e892f5d8efd_1756790923_tf7ihq.jpg'),
	(140, _binary 0xfab416d84584443faf517b024dcf1db7, '/dmvvs0ags/image/upload/v1758288908/0fce53f5-439d-4585-bfa9-c9b732bbe802_d82ddf0d-9f98-4592-b0a7-837fe87e52d9_1756790910_td1zaj.jpg');

-- Đang kết xuất đổ cấu trúc cho bảng ants.landlord_tasks
CREATE TABLE IF NOT EXISTS `landlord_tasks` (
  `id` binary(16) NOT NULL,
  `createby` varchar(255) DEFAULT NULL,
  `createddate` datetime(6) DEFAULT NULL,
  `modifiedby` varchar(255) DEFAULT NULL,
  `modifieddate` datetime(6) DEFAULT NULL,
  `description` varchar(255) DEFAULT NULL,
  `due_date` datetime(6) DEFAULT NULL,
  `priority` varchar(255) DEFAULT NULL,
  `status` varchar(255) DEFAULT NULL,
  `title` varchar(255) DEFAULT NULL,
  `landlord_id` binary(16) DEFAULT NULL,
  `room_id` binary(16) DEFAULT NULL,
  `start_date` datetime(6) DEFAULT NULL,
  PRIMARY KEY (`id`),
  KEY `FKg4gchxaqmeivgsx53jgnhxhkj` (`landlord_id`),
  KEY `FK7l302lfjja69wga5gpw1nfsna` (`room_id`),
  CONSTRAINT `FK7l302lfjja69wga5gpw1nfsna` FOREIGN KEY (`room_id`) REFERENCES `rooms` (`id`),
  CONSTRAINT `FKg4gchxaqmeivgsx53jgnhxhkj` FOREIGN KEY (`landlord_id`) REFERENCES `users` (`id`)
) ENGINE=InnoDB DEFAULT CHARSET=utf8mb4 COLLATE=utf8mb4_0900_ai_ci;

-- Đang kết xuất đổ dữ liệu cho bảng ants.landlord_tasks: ~5 rows (xấp xỉ)
INSERT INTO `landlord_tasks` (`id`, `createby`, `createddate`, `modifiedby`, `modifieddate`, `description`, `due_date`, `priority`, `status`, `title`, `landlord_id`, `room_id`, `start_date`) VALUES
	(_binary 0x694b6a9bbaa5472db9de9aacabdc55bd, NULL, '2025-09-16 22:49:45.808000', NULL, '2025-09-18 11:43:47.086000', 'tổng kết tháng 10', '2025-09-30 23:59:59.000000', 'HIGH', 'IN_PROGRESS', 'Tổng kết tiền trọ', _binary 0xf765f65b19904b32a1e6a798b5da27c3, NULL, '2025-09-24 00:00:00.000000'),
	(_binary 0x7cf913b013884fd684cec21a3ff3743e, NULL, '2025-09-15 13:32:49.051000', NULL, '2025-09-18 11:24:18.561000', 'Chuẩn bị hóa đơn tiền phòng cho phòng 203', '2025-09-25 11:00:00.000000', 'HIGH', 'COMPLETED', 'Tạo hóa đơn tháng 9', _binary 0xf765f65b19904b32a1e6a798b5da27c3, _binary 0xb85fcc8609d34f8aa62ac6bd83d3b96d, '2025-09-20 00:00:00.000000'),
	(_binary 0x9464a8f5d6774c13b597340afa9ef82d, NULL, '2025-09-16 21:34:07.623000', NULL, '2025-09-18 11:25:01.365000', 'Phòng 203 vừa đăng kí cho 1 người bạn ở nhờ', '2025-09-25 18:00:00.000000', 'LOW', 'IN_PROGRESS', 'Khai báo tạm trú', _binary 0xf765f65b19904b32a1e6a798b5da27c3, NULL, '2025-09-19 00:00:00.000000'),
	(_binary 0xace59973bfce4b0db216825504f3eccd, NULL, '2025-09-18 10:53:59.332000', NULL, '2025-09-18 11:42:02.121000', 'Hoá đơn tiền điện tháng 10', '2025-09-25 18:00:00.000000', 'HIGH', 'PENDING', 'Xuất hoá đơn tiền điện', _binary 0xf765f65b19904b32a1e6a798b5da27c3, NULL, '2025-09-18 20:00:00.000000'),
	(_binary 0xcfb139bc4152469382054bd94cd77780, NULL, '2025-09-18 11:23:40.352000', NULL, '2025-09-18 11:25:41.140000', 'Đăng lên trang vip', '2025-09-19 23:00:46.000000', 'MEDIUM', 'IN_PROGRESS', 'Post bài cho thuê', _binary 0xf765f65b19904b32a1e6a798b5da27c3, NULL, '2025-09-19 00:00:46.000000');

-- Đang kết xuất đổ cấu trúc cho bảng ants.maintenances
CREATE TABLE IF NOT EXISTS `maintenances` (
  `cost` double NOT NULL,
  `is_removed` bit(1) NOT NULL,
  `status` int NOT NULL,
  `createddate` datetime(6) DEFAULT NULL,
  `modifieddate` datetime(6) DEFAULT NULL,
  `id` binary(16) NOT NULL,
  `room_id` binary(16) NOT NULL,
  `createby` varchar(255) DEFAULT NULL,
  `modifiedby` varchar(255) DEFAULT NULL,
  `problem` varchar(255) NOT NULL,
  PRIMARY KEY (`id`),
  KEY `FKpkbmh0bc5li4os0ejvxhexqpi` (`room_id`),
  CONSTRAINT `FKpkbmh0bc5li4os0ejvxhexqpi` FOREIGN KEY (`room_id`) REFERENCES `rooms` (`id`)
) ENGINE=InnoDB DEFAULT CHARSET=utf8mb4 COLLATE=utf8mb4_0900_ai_ci;

-- Đang kết xuất đổ dữ liệu cho bảng ants.maintenances: ~0 rows (xấp xỉ)
INSERT INTO `maintenances` (`cost`, `is_removed`, `status`, `createddate`, `modifieddate`, `id`, `room_id`, `createby`, `modifiedby`, `problem`) VALUES
	(150000, b'0', 1, '2025-08-24 21:13:04.582000', '2025-08-24 21:14:43.174000', _binary 0x6ad1d79ecdac451e807d0d389d1d4ad6, _binary 0x733ccf1a2acd45db8d84d8666aa9a66c, NULL, NULL, 'fix pipe'),
	(200000, b'0', 0, '2025-09-12 10:02:52.139000', '2025-09-12 10:02:52.139000', _binary 0xa643bcf9a7354e5f96d033db0ff31f68, _binary 0x4610e8bc385846dc9c68892047bebb9d, NULL, NULL, 'sua quat');

-- Đang kết xuất đổ cấu trúc cho bảng ants.messages
CREATE TABLE IF NOT EXISTS `messages` (
  `is_read` bit(1) NOT NULL,
  `createddate` datetime(6) DEFAULT NULL,
  `modifieddate` datetime(6) DEFAULT NULL,
  `sent_at` datetime(6) DEFAULT NULL,
  `from_user_id` binary(16) DEFAULT NULL,
  `id` binary(16) NOT NULL,
  `to_user_id` binary(16) DEFAULT NULL,
  `content` varchar(255) DEFAULT NULL,
  `createby` varchar(255) DEFAULT NULL,
  `modifiedby` varchar(255) DEFAULT NULL,
  PRIMARY KEY (`id`),
  KEY `FKms9o5dx3lfmikr6k8kyxi030e` (`from_user_id`),
  KEY `FK6y0sbofpv484p7yi78nr9hii1` (`to_user_id`),
  CONSTRAINT `FK6y0sbofpv484p7yi78nr9hii1` FOREIGN KEY (`to_user_id`) REFERENCES `users` (`id`),
  CONSTRAINT `FKms9o5dx3lfmikr6k8kyxi030e` FOREIGN KEY (`from_user_id`) REFERENCES `users` (`id`)
) ENGINE=InnoDB DEFAULT CHARSET=utf8mb4 COLLATE=utf8mb4_0900_ai_ci;

-- Đang kết xuất đổ dữ liệu cho bảng ants.messages: ~0 rows (xấp xỉ)

-- Đang kết xuất đổ cấu trúc cho bảng ants.post_type
CREATE TABLE IF NOT EXISTS `post_type` (
  `is_remove` int NOT NULL DEFAULT '0',
  `price_per_day` double NOT NULL,
  `createddate` datetime(6) DEFAULT NULL,
  `modifieddate` datetime(6) DEFAULT NULL,
  `id` binary(16) NOT NULL,
  `name` varchar(100) NOT NULL,
  `code` varchar(255) NOT NULL,
  `createby` varchar(255) DEFAULT NULL,
  `description` varchar(255) DEFAULT NULL,
  `modifiedby` varchar(255) DEFAULT NULL,
  PRIMARY KEY (`id`),
  UNIQUE KEY `UKlj9dwbrao4nv91pmxgwbystpb` (`code`)
) ENGINE=InnoDB DEFAULT CHARSET=utf8mb4 COLLATE=utf8mb4_0900_ai_ci;

-- Đang kết xuất đổ dữ liệu cho bảng ants.post_type: ~6 rows (xấp xỉ)
INSERT INTO `post_type` (`is_remove`, `price_per_day`, `createddate`, `modifieddate`, `id`, `name`, `code`, `createby`, `description`, `modifiedby`) VALUES
	(1, 12222222, '2025-08-11 14:08:24.965000', '2025-08-11 14:56:11.963000', _binary 0x029aa775b48543adbc971ced442d8c17, '111ss', 'AAA', NULL, 'ssssa', NULL),
	(1, 20000, '2025-08-11 14:34:18.892000', '2025-08-11 14:35:36.670000', _binary 0x9bb22b94f1b744ac9de0a0cfca73579e, 'Võ Huỳnh Trung', 'TH', NULL, 'nhan', NULL),
	(0, 20000, NULL, '2025-08-24 20:12:45.089000', _binary 0xd54f9cc18e5b47ddafed883bf33792fb, 'Post VIP', 'VIP', NULL, 'You can post your listings with featured display and top recommendationss', NULL),
	(0, 10000, NULL, '2025-08-17 14:36:20.916000', _binary 0xda8380de7e6148e0af079f5f471336bb, 'Post Normal', 'NORMAL', NULL, 'You can only post rental ads with a simple display', NULL),
	(1, 5000, '2025-08-16 21:27:36.231000', '2025-08-16 21:44:01.618000', _binary 0xf22d86d488384e6f8857e6182349eb5c, 'TH Post', 'THE', NULL, 'Post test', NULL),
	(1, 20000, '2025-08-11 14:35:30.971000', '2025-08-11 14:35:38.423000', _binary 0xfeb880503f6e42d5ad32213d117d8a2e, 'Võ Huỳnh Trung', 'WW', NULL, 'nhan', NULL);

-- Đang kết xuất đổ cấu trúc cho bảng ants.provinces
CREATE TABLE IF NOT EXISTS `provinces` (
  `id` bigint NOT NULL AUTO_INCREMENT,
  `name` varchar(255) DEFAULT NULL,
  PRIMARY KEY (`id`)
) ENGINE=InnoDB AUTO_INCREMENT=97 DEFAULT CHARSET=utf8mb4 COLLATE=utf8mb4_0900_ai_ci;

-- Đang kết xuất đổ dữ liệu cho bảng ants.provinces: ~63 rows (xấp xỉ)
INSERT INTO `provinces` (`id`, `name`) VALUES
	(1, 'Thành phố Hà Nội'),
	(2, 'Tỉnh Hà Giang'),
	(4, 'Tỉnh Cao Bằng'),
	(6, 'Tỉnh Bắc Kạn'),
	(8, 'Tỉnh Tuyên Quang'),
	(10, 'Tỉnh Lào Cai'),
	(11, 'Tỉnh Điện Biên'),
	(12, 'Tỉnh Lai Châu'),
	(14, 'Tỉnh Sơn La'),
	(15, 'Tỉnh Yên Bái'),
	(17, 'Tỉnh Hoà Bình'),
	(19, 'Tỉnh Thái Nguyên'),
	(20, 'Tỉnh Lạng Sơn'),
	(22, 'Tỉnh Quảng Ninh'),
	(24, 'Tỉnh Bắc Giang'),
	(25, 'Tỉnh Phú Thọ'),
	(26, 'Tỉnh Vĩnh Phúc'),
	(27, 'Tỉnh Bắc Ninh'),
	(30, 'Tỉnh Hải Dương'),
	(31, 'Thành phố Hải Phòng'),
	(33, 'Tỉnh Hưng Yên'),
	(34, 'Tỉnh Thái Bình'),
	(35, 'Tỉnh Hà Nam'),
	(36, 'Tỉnh Nam Định'),
	(37, 'Tỉnh Ninh Bình'),
	(38, 'Tỉnh Thanh Hóa'),
	(40, 'Tỉnh Nghệ An'),
	(42, 'Tỉnh Hà Tĩnh'),
	(44, 'Tỉnh Quảng Bình'),
	(45, 'Tỉnh Quảng Trị'),
	(46, 'Thành phố Huế'),
	(48, 'Thành phố Đà Nẵng'),
	(49, 'Tỉnh Quảng Nam'),
	(51, 'Tỉnh Quảng Ngãi'),
	(52, 'Tỉnh Bình Định'),
	(54, 'Tỉnh Phú Yên'),
	(56, 'Tỉnh Khánh Hòa'),
	(58, 'Tỉnh Ninh Thuận'),
	(60, 'Tỉnh Bình Thuận'),
	(62, 'Tỉnh Kon Tum'),
	(64, 'Tỉnh Gia Lai'),
	(66, 'Tỉnh Đắk Lắk'),
	(67, 'Tỉnh Đắk Nông'),
	(68, 'Tỉnh Lâm Đồng'),
	(70, 'Tỉnh Bình Phước'),
	(72, 'Tỉnh Tây Ninh'),
	(74, 'Tỉnh Bình Dương'),
	(75, 'Tỉnh Đồng Nai'),
	(77, 'Tỉnh Bà Rịa - Vũng Tàu'),
	(79, 'Thành phố Hồ Chí Minh'),
	(80, 'Tỉnh Long An'),
	(82, 'Tỉnh Tiền Giang'),
	(83, 'Tỉnh Bến Tre'),
	(84, 'Tỉnh Trà Vinh'),
	(86, 'Tỉnh Vĩnh Long'),
	(87, 'Tỉnh Đồng Tháp'),
	(89, 'Tỉnh An Giang'),
	(91, 'Tỉnh Kiên Giang'),
	(92, 'Thành phố Cần Thơ'),
	(93, 'Tỉnh Hậu Giang'),
	(94, 'Tỉnh Sóc Trăng'),
	(95, 'Tỉnh Bạc Liêu'),
	(96, 'Tỉnh Cà Mau');

-- Đang kết xuất đổ cấu trúc cho bảng ants.ratings
CREATE TABLE IF NOT EXISTS `ratings` (
  `score` int NOT NULL,
  `createddate` datetime(6) DEFAULT NULL,
  `date_rated` datetime(6) NOT NULL,
  `modifieddate` datetime(6) DEFAULT NULL,
  `id` binary(16) NOT NULL,
  `room_id` binary(16) NOT NULL,
  `user_id` binary(16) NOT NULL,
  `comment` varchar(500) DEFAULT NULL,
  `reply` varchar(500) DEFAULT NULL,
  `createby` varchar(255) DEFAULT NULL,
  `modifiedby` varchar(255) DEFAULT NULL,
  `status` enum('NEW','REPLIED') NOT NULL,
  PRIMARY KEY (`id`),
  KEY `FKjswuogv63wd3lp4h63vt37x1s` (`room_id`),
  KEY `FKb3354ee2xxvdrbyq9f42jdayd` (`user_id`),
  CONSTRAINT `FKb3354ee2xxvdrbyq9f42jdayd` FOREIGN KEY (`user_id`) REFERENCES `users` (`id`),
  CONSTRAINT `FKjswuogv63wd3lp4h63vt37x1s` FOREIGN KEY (`room_id`) REFERENCES `rooms` (`id`)
) ENGINE=InnoDB DEFAULT CHARSET=utf8mb4 COLLATE=utf8mb4_0900_ai_ci;

-- Đang kết xuất đổ dữ liệu cho bảng ants.ratings: ~0 rows (xấp xỉ)

-- Đang kết xuất đổ cấu trúc cho bảng ants.requirements
CREATE TABLE IF NOT EXISTS `requirements` (
  `status` int NOT NULL,
  `createddate` datetime(6) DEFAULT NULL,
  `modifieddate` datetime(6) DEFAULT NULL,
  `id` binary(16) NOT NULL,
  `room_id` binary(16) NOT NULL,
  `user_id` binary(16) NOT NULL,
  `description` varchar(500) DEFAULT NULL,
  `createby` varchar(255) DEFAULT NULL,
  `modifiedby` varchar(255) DEFAULT NULL,
  `image_public_id` varchar(255) DEFAULT NULL,
  `image_url` varchar(255) DEFAULT NULL,
  PRIMARY KEY (`id`),
  KEY `FKc8gnxj5taha9uxtibhsfuru1y` (`room_id`),
  KEY `FK9b8rnfd2m40vfkcdiucls8rc` (`user_id`),
  CONSTRAINT `FK9b8rnfd2m40vfkcdiucls8rc` FOREIGN KEY (`user_id`) REFERENCES `users` (`id`),
  CONSTRAINT `FKc8gnxj5taha9uxtibhsfuru1y` FOREIGN KEY (`room_id`) REFERENCES `rooms` (`id`)
) ENGINE=InnoDB DEFAULT CHARSET=utf8mb4 COLLATE=utf8mb4_0900_ai_ci;

-- Đang kết xuất đổ dữ liệu cho bảng ants.requirements: ~42 rows (xấp xỉ)
INSERT INTO `requirements` (`status`, `createddate`, `modifieddate`, `id`, `room_id`, `user_id`, `description`, `createby`, `modifiedby`, `image_public_id`, `image_url`) VALUES
	(0, '2025-09-17 15:51:12.996000', '2025-09-17 15:51:12.996000', _binary 0x0f88ff318b5844049dee8b2a7e7ee4f8, _binary 0x9443e5899d0e4f058652eba4abe358eb, _binary 0x77a75777df0349a284e91ab369049ad0, 'fix a pipi', NULL, NULL, NULL, NULL),
	(0, '2025-09-19 11:17:05.283000', '2025-09-19 11:17:05.283000', _binary 0x0fba89e8e7ca41d5a8bfd87ea371ad04, _binary 0x4610e8bc385846dc9c68892047bebb9d, _binary 0xf91364655a6e4504929e6736f454721c, 'sssss', NULL, NULL, NULL, NULL),
	(1, '2025-09-19 10:09:00.822000', '2025-09-19 10:09:00.822000', _binary 0x14800c7e2ed940eb9836e668889f4410, _binary 0x4610e8bc385846dc9c68892047bebb9d, _binary 0xf91364655a6e4504929e6736f454721c, 'dừedbg', NULL, NULL, NULL, NULL),
	(0, '2025-09-15 16:09:21.345000', '2025-09-15 16:09:21.345000', _binary 0x23bf293cf0b64b91a4e0429729e83cca, _binary 0x2cf22445c9f94165be31620a76e35b30, _binary 0x0b2c48dcc3694effaef3719edac27f53, 'fix the pipe', NULL, NULL, NULL, NULL),
	(1, '2025-09-19 09:58:46.809000', '2025-09-19 09:58:46.809000', _binary 0x26b5c3fcb47748dfa6d784941063b779, _binary 0x4610e8bc385846dc9c68892047bebb9d, _binary 0xf91364655a6e4504929e6736f454721c, 'féđsd', NULL, NULL, NULL, NULL),
	(1, '2025-09-19 10:11:40.737000', '2025-09-19 10:11:40.737000', _binary 0x29cb5b228ea848ed8f9074670a28fa0f, _binary 0x4610e8bc385846dc9c68892047bebb9d, _binary 0xf91364655a6e4504929e6736f454721c, 'ưèèwè', NULL, NULL, NULL, NULL),
	(0, '2025-09-16 10:23:10.052000', '2025-09-17 11:21:20.011000', _binary 0x2b2d865e792c41a58763677ea8554bb8, _binary 0x2cf22445c9f94165be31620a76e35b30, _binary 0x0b2c48dcc3694effaef3719edac27f53, 'hỏng ống nước', NULL, NULL, 'ci5c6etvk4djwjwvvagl', '/dmvvs0ags/image/upload/v1758082834/ci5c6etvk4djwjwvvagl.jpg'),
	(1, '2025-08-24 21:12:17.420000', '2025-08-24 21:12:17.420000', _binary 0x304044cf323442aabfa04602d5f7382b, _binary 0x733ccf1a2acd45db8d84d8666aa9a66c, _binary 0x464ee3a744814965a4ce5c410d55c388, 'Fix a pipe\n', NULL, NULL, NULL, NULL),
	(0, '2025-09-19 10:01:59.403000', '2025-09-19 10:01:59.403000', _binary 0x333d70f04673421588de87f3a95662a9, _binary 0x4610e8bc385846dc9c68892047bebb9d, _binary 0xf91364655a6e4504929e6736f454721c, 'édcds', NULL, NULL, NULL, NULL),
	(0, '2025-09-16 14:03:44.975000', '2025-09-16 14:03:44.975000', _binary 0x4be58dcf7d2747ffbfd148c83d4cb07d, _binary 0x421bf65b53d34e8ea2400379699d64e5, _binary 0x34249389e8e649e48d5369d1f5ac6208, 'fix light', NULL, NULL, NULL, NULL),
	(0, '2025-09-19 11:21:32.251000', '2025-09-19 11:21:32.251000', _binary 0x4bebfdf5a78c455e950c257790a1a236, _binary 0x4610e8bc385846dc9c68892047bebb9d, _binary 0xf91364655a6e4504929e6736f454721c, 'sửa quạt', NULL, NULL, NULL, NULL),
	(0, '2025-09-12 10:19:08.436000', '2025-09-15 13:53:38.342000', _binary 0x581a50d27baf4f539478e52c082d422e, _binary 0xd7649d2172d540ed9ea90b2c58a7a0c2, _binary 0x067d5173b7dc4b569d32bc7cd6eeba0c, 'fix a fun', NULL, NULL, NULL, NULL),
	(2, '2025-09-15 15:08:59.970000', '2025-09-15 15:08:59.970000', _binary 0x59a509247cb2490cbcb885d2f8ca11b8, _binary 0x2cf22445c9f94165be31620a76e35b30, _binary 0x0b2c48dcc3694effaef3719edac27f53, 'fix the pipe', NULL, NULL, NULL, NULL),
	(1, '2025-08-26 22:42:21.046000', '2025-08-26 22:42:21.046000', _binary 0x6af91ff9ca7447ceb231b3cb896bd4fc, _binary 0x9443e5899d0e4f058652eba4abe358eb, _binary 0x77a75777df0349a284e91ab369049ad0, 'sửa ống nước', NULL, NULL, NULL, NULL),
	(0, '2025-09-19 10:27:09.389000', '2025-09-19 10:27:09.389000', _binary 0x6fc3c3b23eb84015ae7cdaeeea829658, _binary 0x4610e8bc385846dc9c68892047bebb9d, _binary 0xf91364655a6e4504929e6736f454721c, 'demo 1', NULL, NULL, NULL, NULL),
	(1, '2025-09-12 09:45:32.902000', '2025-09-15 13:59:15.104000', _binary 0x773bc8a166364b01bcd2c75cdc09e92e, _binary 0x2cf22445c9f94165be31620a76e35b30, _binary 0x067d5173b7dc4b569d32bc7cd6eeba0c, 'lỗi lỗi lỗi ////', NULL, NULL, NULL, NULL),
	(0, '2025-09-15 23:40:10.037000', '2025-09-15 23:40:10.037000', _binary 0x7b52df06dd704689ae04202728a9cf03, _binary 0x2cf22445c9f94165be31620a76e35b30, _binary 0x0b2c48dcc3694effaef3719edac27f53, 'fix the pipe', NULL, NULL, NULL, NULL),
	(0, '2025-09-17 10:07:30.978000', '2025-09-17 10:28:43.346000', _binary 0x80d09a96e3b24ea88a47c8c33e6f4ebf, _binary 0x421bf65b53d34e8ea2400379699d64e5, _binary 0x34249389e8e649e48d5369d1f5ac6208, 'sàn nhà hỏng', NULL, NULL, 'n23udjefsuhxu3hcwzy2', '/dmvvs0ags/image/upload/v1758079721/n23udjefsuhxu3hcwzy2.jpg'),
	(0, '2025-09-17 14:21:47.044000', '2025-09-17 14:21:47.044000', _binary 0x8295a6da30784ea9a1be93e83fbfebab, _binary 0x421bf65b53d34e8ea2400379699d64e5, _binary 0x34249389e8e649e48d5369d1f5ac6208, 'hỏng bóng đèn!!!', NULL, NULL, NULL, NULL),
	(0, '2025-09-16 14:07:32.324000', '2025-09-17 15:58:07.732000', _binary 0x8b35d5be79d34dfbac62e30d72bdbe40, _binary 0x421bf65b53d34e8ea2400379699d64e5, _binary 0x34249389e8e649e48d5369d1f5ac6208, 'hư bóng đèn!!!', NULL, NULL, 'cblbkqpzdnuozgjdbkih', '/dmvvs0ags/image/upload/v1758099487/cblbkqpzdnuozgjdbkih.jpg'),
	(2, '2025-09-16 15:29:20.312000', '2025-09-16 15:29:20.312000', _binary 0x8e0a0f980a5942db97cf6ae3b107a497, _binary 0x2c59f7e6aaf64d61abd76613c5d8bdf4, _binary 0x34249389e8e649e48d5369d1f5ac6208, 'cái bình đun nước hư ', NULL, NULL, NULL, NULL),
	(0, '2025-09-19 10:51:41.844000', '2025-09-19 10:51:41.844000', _binary 0x987930023cc9460ab2d91698bcdf70f0, _binary 0x4610e8bc385846dc9c68892047bebb9d, _binary 0xf91364655a6e4504929e6736f454721c, 'ssssss', NULL, NULL, NULL, NULL),
	(2, '2025-09-16 15:09:58.340000', '2025-09-16 15:09:58.340000', _binary 0x9f0d4cd830bf44a183097868e1eec93f, _binary 0x421bf65b53d34e8ea2400379699d64e5, _binary 0x34249389e8e649e48d5369d1f5ac6208, 'fix fixxxxxx', NULL, NULL, NULL, NULL),
	(0, '2025-09-19 10:47:02.408000', '2025-09-19 10:47:02.408000', _binary 0xa3552099d57f4b78b11ea3924ceb7e56, _binary 0x4610e8bc385846dc9c68892047bebb9d, _binary 0xf91364655a6e4504929e6736f454721c, 'wwwwww', NULL, NULL, NULL, NULL),
	(0, '2025-09-19 10:12:50.505000', '2025-09-19 10:12:50.505000', _binary 0xa4d33935cbb44478b8cdd5d2f848be8f, _binary 0x4610e8bc385846dc9c68892047bebb9d, _binary 0xf91364655a6e4504929e6736f454721c, 'dfẻgthm', NULL, NULL, NULL, NULL),
	(0, '2025-09-12 10:19:07.270000', '2025-09-12 10:19:07.270000', _binary 0xa785752ae04442438b65f19866d691dc, _binary 0xd7649d2172d540ed9ea90b2c58a7a0c2, _binary 0x067d5173b7dc4b569d32bc7cd6eeba0c, 'fix pipe', NULL, NULL, NULL, NULL),
	(0, '2025-09-16 09:52:20.625000', '2025-09-16 09:52:20.625000', _binary 0xac6b9a3ebfb444db9f9f926ae3ff546a, _binary 0x2cf22445c9f94165be31620a76e35b30, _binary 0x0b2c48dcc3694effaef3719edac27f53, 'nóng quá là nóng ', NULL, NULL, NULL, NULL),
	(0, '2025-09-19 10:12:21.579000', '2025-09-19 10:12:21.579000', _binary 0xb398aba3df644ee68a73da81f6d4cb92, _binary 0x4610e8bc385846dc9c68892047bebb9d, _binary 0xf91364655a6e4504929e6736f454721c, 'dfsgbn', NULL, NULL, NULL, NULL),
	(0, '2025-09-16 09:41:48.349000', '2025-09-16 09:41:48.349000', _binary 0xb50fa1291a294a9eb0a55ab162ab0e0a, _binary 0x2cf22445c9f94165be31620a76e35b30, _binary 0x0b2c48dcc3694effaef3719edac27f53, 'nóng quá', NULL, NULL, NULL, NULL),
	(0, '2025-09-19 11:04:31.188000', '2025-09-19 11:04:31.188000', _binary 0xbd52fa2c9caf4c89b1855a396ea44325, _binary 0x4610e8bc385846dc9c68892047bebb9d, _binary 0xf91364655a6e4504929e6736f454721c, 'sssss', NULL, NULL, NULL, NULL),
	(0, '2025-09-16 14:48:52.474000', '2025-09-16 16:28:03.008000', _binary 0xc6e051c6bf3741698c5945bedf27327e, _binary 0x421bf65b53d34e8ea2400379699d64e5, _binary 0x34249389e8e649e48d5369d1f5ac6208, 'hư tủ lạnh', NULL, NULL, 'hreo6btesz2nic3njhy5', '/dmvvs0ags/image/upload/v1758014882/hreo6btesz2nic3njhy5.webp'),
	(0, '2025-09-16 13:19:32.481000', '2025-09-16 13:19:32.481000', _binary 0xca32f485d4324fadb00bdecfd2cdf450, _binary 0x2cf22445c9f94165be31620a76e35b30, _binary 0x0b2c48dcc3694effaef3719edac27f53, 'fix fixx', NULL, NULL, NULL, NULL),
	(0, '2025-09-19 10:47:54.836000', '2025-09-19 10:47:54.836000', _binary 0xcd4e01ef405e4169b88cf9dc4c446642, _binary 0x4610e8bc385846dc9c68892047bebb9d, _binary 0xf91364655a6e4504929e6736f454721c, 'gggggg', NULL, NULL, NULL, NULL),
	(0, '2025-09-16 14:12:05.217000', '2025-09-16 15:59:30.635000', _binary 0xd7ea6c9a72cc4c7f8968e27e2b3a5530, _binary 0x421bf65b53d34e8ea2400379699d64e5, _binary 0x34249389e8e649e48d5369d1f5ac6208, 'nhà tắm bị gãy vòi  ', NULL, NULL, 'ec1akfactgpgtc9x6uwo', '/dmvvs0ags/image/upload/v1758013169/ec1akfactgpgtc9x6uwo.jpg'),
	(1, '2025-08-25 20:23:34.639000', '2025-08-25 20:23:34.639000', _binary 0xd958cfaf674e47a1b94b39d8e7ded02a, _binary 0x733ccf1a2acd45db8d84d8666aa9a66c, _binary 0x464ee3a744814965a4ce5c410d55c388, 'fix the light', NULL, NULL, NULL, NULL),
	(0, '2025-09-16 15:09:56.630000', '2025-09-16 15:09:56.630000', _binary 0xdb7f5b70936c4cdaa9d22b473e4b9fad, _binary 0x421bf65b53d34e8ea2400379699d64e5, _binary 0x34249389e8e649e48d5369d1f5ac6208, 'fix fixxxxxx', NULL, NULL, NULL, NULL),
	(0, '2025-09-19 10:11:16.503000', '2025-09-19 10:11:16.503000', _binary 0xde579820b4414a1cb3ff2ca8645581ad, _binary 0x4610e8bc385846dc9c68892047bebb9d, _binary 0xf91364655a6e4504929e6736f454721c, 'fbfgnh', NULL, NULL, NULL, NULL),
	(0, '2025-09-19 10:46:13.176000', '2025-09-19 10:46:13.176000', _binary 0xdf65cee7ab96465c872383a5a1549db3, _binary 0x4610e8bc385846dc9c68892047bebb9d, _binary 0xf91364655a6e4504929e6736f454721c, 'ssssss', NULL, NULL, NULL, NULL),
	(1, '2025-09-19 10:37:41.554000', '2025-09-19 10:37:41.554000', _binary 0xe39cc4f6a9b64f479df2fa25185c0e3a, _binary 0x4610e8bc385846dc9c68892047bebb9d, _binary 0xf91364655a6e4504929e6736f454721c, 'sửa cái quạt', NULL, NULL, NULL, NULL),
	(1, '2025-08-26 11:24:34.816000', '2025-08-26 11:24:34.816000', _binary 0xe605236d87c344c68e102b1fda2b1534, _binary 0xd652fc9a7a0741dbb7f360c79d6dd70d, _binary 0x34249389e8e649e48d5369d1f5ac6208, 'fix a pipe', NULL, NULL, NULL, NULL),
	(0, '2025-09-19 11:15:20.830000', '2025-09-19 11:15:20.830000', _binary 0xf1bf21d437654df88b99c4710a14a199, _binary 0x4610e8bc385846dc9c68892047bebb9d, _binary 0xf91364655a6e4504929e6736f454721c, 'hhhhh', NULL, NULL, NULL, NULL),
	(0, '2025-09-16 09:53:18.106000', '2025-09-16 09:53:18.106000', _binary 0xfaa23deb05644bbebfda8b2e11102f6c, _binary 0x2cf22445c9f94165be31620a76e35b30, _binary 0x0b2c48dcc3694effaef3719edac27f53, 'nóng quá là nóng đi???', NULL, NULL, NULL, NULL);

-- Đang kết xuất đổ cấu trúc cho bảng ants.roles
CREATE TABLE IF NOT EXISTS `roles` (
  `createddate` datetime(6) DEFAULT NULL,
  `modifieddate` datetime(6) DEFAULT NULL,
  `id` binary(16) NOT NULL,
  `code` varchar(255) DEFAULT NULL,
  `createby` varchar(255) DEFAULT NULL,
  `modifiedby` varchar(255) DEFAULT NULL,
  `name` varchar(255) DEFAULT NULL,
  PRIMARY KEY (`id`),
  UNIQUE KEY `idx_role_name` (`name`)
) ENGINE=InnoDB DEFAULT CHARSET=utf8mb4 COLLATE=utf8mb4_0900_ai_ci;

-- Đang kết xuất đổ dữ liệu cho bảng ants.roles: ~3 rows (xấp xỉ)
INSERT INTO `roles` (`createddate`, `modifieddate`, `id`, `code`, `createby`, `modifiedby`, `name`) VALUES
	(NULL, NULL, _binary 0xcc5569866f6711f08622b42e993f445f, 'ADMIN', NULL, NULL, 'Administrators'),
	(NULL, NULL, _binary 0xd4db2cb46f6711f08622b42e993f445f, 'LANDLORD', NULL, NULL, 'Landlords'),
	(NULL, NULL, _binary 0xe017ed446f6711f08622b42e993f445f, 'USER', NULL, NULL, 'Users');

-- Đang kết xuất đổ cấu trúc cho bảng ants.rooms
CREATE TABLE IF NOT EXISTS `rooms` (
  `approval` int NOT NULL,
  `area` double NOT NULL,
  `available` int NOT NULL,
  `elec_price` double DEFAULT NULL,
  `hidden` int NOT NULL,
  `is_removed` int NOT NULL,
  `length` double DEFAULT NULL,
  `max_people` int DEFAULT NULL,
  `price_deposit` double NOT NULL,
  `price_month` double NOT NULL,
  `water_price` double DEFAULT NULL,
  `width` double DEFAULT NULL,
  `createddate` datetime(6) DEFAULT NULL,
  `modifieddate` datetime(6) DEFAULT NULL,
  `post_end_date` datetime(6) DEFAULT NULL,
  `post_start_date` datetime(6) DEFAULT NULL,
  `address_id` binary(16) DEFAULT NULL,
  `id` binary(16) NOT NULL,
  `post_type_id` binary(16) NOT NULL,
  `user_id` binary(16) NOT NULL,
  `description` varchar(2000) DEFAULT NULL,
  `createby` varchar(255) DEFAULT NULL,
  `modifiedby` varchar(255) DEFAULT NULL,
  `title` varchar(255) NOT NULL,
  `view_count` bigint NOT NULL,
  PRIMARY KEY (`id`),
  UNIQUE KEY `UKq5pheion3yt0p5o5uwmnh30w6` (`address_id`),
  KEY `FKiak9bh2ec5vvbni955ytkfyoi` (`post_type_id`),
  KEY `FKa84ab0lpjkgd9beja545d9ysd` (`user_id`),
  CONSTRAINT `FK97epj0jk3hlsvlrxccyh80h94` FOREIGN KEY (`address_id`) REFERENCES `addresses` (`id`),
  CONSTRAINT `FKa84ab0lpjkgd9beja545d9ysd` FOREIGN KEY (`user_id`) REFERENCES `users` (`id`),
  CONSTRAINT `FKiak9bh2ec5vvbni955ytkfyoi` FOREIGN KEY (`post_type_id`) REFERENCES `post_type` (`id`)
) ENGINE=InnoDB DEFAULT CHARSET=utf8mb4 COLLATE=utf8mb4_0900_ai_ci;

-- Đang kết xuất đổ dữ liệu cho bảng ants.rooms: ~23 rows (xấp xỉ)
INSERT INTO `rooms` (`approval`, `area`, `available`, `elec_price`, `hidden`, `is_removed`, `length`, `max_people`, `price_deposit`, `price_month`, `water_price`, `width`, `createddate`, `modifieddate`, `post_end_date`, `post_start_date`, `address_id`, `id`, `post_type_id`, `user_id`, `description`, `createby`, `modifiedby`, `title`, `view_count`) VALUES
	(1, 25, 0, 4000, 0, 0, 5, 2, 200000, 1000000, 12000, 5, '2025-09-11 22:33:47.509000', '2025-09-19 09:45:30.696000', '2025-09-30 23:59:59.000000', '2025-09-11 22:33:46.230000', _binary 0xf9f4f531f7294729a8ed83b7a9adaa12, _binary 0x0d7e829cb0274205aa0f30137bf4ad60, _binary 0xd54f9cc18e5b47ddafed883bf33792fb, _binary 0xcfc399cbdbd64a168fed4938a6c9d3a1, 'PHÒNG TRỌ GIÁ MỀM CHỈ TỪ 3TR GẦN DƯỢC, BÁCH KHOA, NEU,...\n\n- ĐỦ ĐIỀU HÒA, NÓNG LẠNH, TỦ LẠNH. KHÉP KÍN, CÓ BAN CÔNG.\n\nĐịa chỉ: Ngõ 3 Trần Khát Chân nối sang ngõ 130 Nguyễn Khoái Gần Dược, Bách Kinh Xây, HUBT, Cụm BV Hữu Nghị - 108 Nhà cực thoáng: 4 mặt thoáng mà hè không cần điều hòa.\n\nTầm nhìn ra chùa/mặt đường, riêng tư không có nhà đối diện.\n\nCÓ 3 LOẠI PHÒNG -tất cả đều WC riêng không tính vào dt phòng\n\n- PHÒNG XINH: 10M2 2 cửa sổ + bếp to và vs riêng - 3TR/THÁNG\n\n- PHÒNG TRUNG: 15M2 BAN CÔNG RIÊNG: 3TR5/ THÁNG\n\n- PHÒNG ĐẠI: 25M2 + wc khép kín siêu to - 3TR8/THÁNG\n\nDi CHUYỂN: Gần Bus, ngõ nông gần ba gác/ ô tô\n\nDÂN CƯ XUNG QUANH: Nhà nhìn ra chùa và mặt đường, 4 mặt thoáng, tuyệt đối riêng tư an toàn. Chợ dân sinh rẻ nhất khu vực', NULL, NULL, 'PHÒNG TRỌ GIÁ MỀM CHỈ TỪ 3TR GẦN DƯỢC, BÁCH KHOA, NEU', 62),
	(1, 11.25, 0, 3000, 0, 0, 4.5, 3, 200000, 1000000, 15000, 2.5, '2025-09-16 14:02:29.884000', '2025-09-19 16:21:12.821000', '2025-09-30 23:59:59.000000', '2025-09-16 14:02:28.514000', _binary 0xeff720440f7742888dee4c709d75bf30, _binary 0x222da08b8ca44e2db639cba9d7568440, _binary 0xda8380de7e6148e0af079f5f471336bb, _binary 0x72413dec80c54b79996f460d1eb55f62, 'siêu đẹp', NULL, NULL, 'Cho thuê phòng 35m2 đầy đủ tiện nghi, giá 5.5tr/tháng - Ưu tiên cho sinh viên thuê chỉ 5tr/tháng', 17),
	(1, 20, 0, 3000, 0, 0, 4, 2, 200000, 1800000, 15000, 5, '2025-08-24 20:38:54.486000', '2025-09-19 21:05:07.325000', '2025-09-27 00:00:00.000000', '2025-09-04 00:00:00.000000', _binary 0xbebdb92802ad47d687468ab5d3d4a0f3, _binary 0x2c59f7e6aaf64d61abd76613c5d8bdf4, _binary 0xd54f9cc18e5b47ddafed883bf33792fb, _binary 0xf765f65b19904b32a1e6a798b5da27c3, 'Cho thuê nhà ngay chợ Non Nước , gần nhiều trường đại học cao đẳng cho các bạn sinh viên như Đại học công nghệ thông tin và truyền thông Việt - Hàn , Trường ĐH FPT Đà Nẵng …..\n\nCó lối để xe rộng rãi\n\nAn ninh tốt\n\nphòng ở thoáng mát sạch sẽ có wifi free ( nhiều phòng có trang thiết bị đầy đủ như giường , tủ …)\n\ncamera 24/24 nên mọi người có thể yên tâm\n\ntất cả các phòng đều có cửa số thoáng mát nhiều ánh sáng\n\nCó thể trực tiếp đến xem phòng bất cứ lúc nào . Hãy liên hệ nếu bạn cần nhé', NULL, NULL, 'Cho thuê phòng trọ giá rẻ khu vực ngay chợ Non Nước', 137),
	(1, 22.5, 0, 3000, 0, 0, 4.5, 2, 250000, 2000000, 15000, 5, '2025-08-24 20:30:31.060000', '2025-09-19 21:02:07.149000', '2025-10-01 00:00:00.000000', '2025-09-11 00:00:00.000000', _binary 0x57ea0d3cab794e48a547e028d3672bc4, _binary 0x2cf22445c9f94165be31620a76e35b30, _binary 0xd54f9cc18e5b47ddafed883bf33792fb, _binary 0x0b2c48dcc3694effaef3719edac27f53, 'Cho thuê phòng trọ, có 2 phòng liền kề, trung tâm thành phố,\n\n- Hướng Tây.\n\n- Gần trường đại học Sư Phạm Công Nghệ, chợ Đống Đa.\n\n- DT 30m2\n\nGiá cho thuê: 2 triệu/tháng', NULL, NULL, 'Cho thuê phòng trọ, có 2 phòng liền kề, trung tâm thành phố, gần chợ và trường học', 71),
	(1, 16, 1, 3000, 0, 0, 4, 3, 200000, 1500000, 15000, 4, '2025-09-11 23:23:11.191000', '2025-09-11 23:29:14.516000', '2025-09-20 23:59:59.000000', '2025-09-11 23:23:10.010000', _binary 0x6d3c7a684d39464694fac3c32b7e8a47, _binary 0x421bf65b53d34e8ea2400379699d64e5, _binary 0xd54f9cc18e5b47ddafed883bf33792fb, _binary 0x72413dec80c54b79996f460d1eb55f62, 'Nhà đúc đẹp có phòng cho thuê, gần Chợ và Trường Học, cạnh cầu Nguyễn Văn Cừ khu trung tâm thuận tiện sang các quận 1,3,5,7,8.\n\nCó WIFI, Máy Giặt, Máy Lạnh và Chỗ nấu ăn.\n\nNhận 1 đến 2 người và 1xe, giấy tờ đầy đủ.\n\nPhòng 1.8 Triệu, Phí dịch vụ: 200k\n\nYêu cầu gọi điện trực tiếp cho cô Hiếu. Không Nhận Tin Nhắn.', NULL, NULL, 'Cho Thuê Phòng Trọ Giá Rẻ Có Chỗ Nấu Ăn, Để Xe', 3),
	(1, 30, 1, 3000, 0, 0, 5, 3, 150000, 3000000, 15000, 6, '2025-08-24 20:43:30.437000', '2025-09-18 11:51:00.987000', '2025-10-01 00:00:00.000000', '2025-09-11 00:00:00.000000', _binary 0xa740c92cdc394d4f88c8dd50f3aed49c, _binary 0x4610e8bc385846dc9c68892047bebb9d, _binary 0xd54f9cc18e5b47ddafed883bf33792fb, _binary 0x0b2c48dcc3694effaef3719edac27f53, 'CHO THUÊ PHÒNG CÓ CỬA SỔ CÂY XANH RẤT ĐẸP NGAY ĐẦU CẦU RỒNG GIÁ 3 TRIỆU\n\n- Cho 1 hoặc 2 BẠN NỮ thuê phòng nằm ở trung tâm thành phố Đà Nẵng. Gần chợ, bệnh viện, đi bộ ra sông Hàn, cầu Rồng, cầu Tình yêu ,chợ Đêm Sơn Trà, phố đi bộ Bạch Đằng hay ra biển Mỹ Khê đều rất gần.\n\n-Giờ giấc tự do,có cổng riêng, chỗ để xe máy.\n\n-Có thể sử dụng bếp và máy giặt chung với nhà mình như hình. WC RIÊNG.\n\n-Sân phơi đồ thoáng mát ( riêng bạn 1 sào nên tự do giặt phơi lúc nào rút đồ vào cũng được không ảnh hưởng.)\n\n-Bên trong phòng ngủ có cửa sổ với view đường phố, cây xanh rất chill !\n\n-Máy quạt, máy lạnh tiện nghi.\n\n-Giá thuê : 3 triệu cho 2 bạn nữ (phòng không nhận bạn nam nhé ạ! ). Tiền cọc 1,5 triệu. Đóng tiền phòng mỗi đầu tháng. Điện nước giá nhà dân, nếu bạn không xài máy lạnh mà chỉ dùng quạt có sẵn trong phòng thì combo : Điện + Wifi + Nước+Rác hai bạn thì mỗi bạn 200k-250k/tháng tùy mức sử dụng.', NULL, NULL, 'CHO THUÊ PHÒNG CÓ CỬA SỔ CÂY XANH RẤT ĐẸP NGAY ĐẦU CẦU RỒNG GIÁ 3 TRIỆU', 182),
	(1, 22.5, 0, 3000, 0, 0, 4.5, 2, 100000, 1000000, 15000, 5, '2025-08-24 20:31:52.180000', '2025-09-19 20:58:17.512000', '2025-09-25 00:00:00.000000', '2025-09-10 00:00:00.000000', _binary 0x2c541923fb53481e8f2020124863b39d, _binary 0x4b56c8f16b524a11a58180bf8f939073, _binary 0xd54f9cc18e5b47ddafed883bf33792fb, _binary 0xf765f65b19904b32a1e6a798b5da27c3, '- Cho thuê phòng giá 4 triệu (phòng có gác lửng). Cọc 1 tháng.\n\n- Wifi: miễn phí.\n\n- Thiết bi: tủ lạnh mini, bàn làm việc, nệm, tủ quần áo, điều hoà, nước nóng, bếp từ, sofa.\n\n- Không gian chung nhiều cây xanh, thoáng mát, yên tĩnh, an toàn.\n\n- Thời gian cho thuê: tối thiểu 6 tháng.\n\n- Xe để khu vực chung, hạn chế tiếp khách tránh ồn ào các căn khác.\n\n- Số người ở: không quá 2 người/phòng.\n\n- Không nuôi động vật.', NULL, NULL, 'Cho thuê căn hộ Studio / Phòng trọ sát sân bay Đà Nẵng', 158),
	(1, 14, 0, 3000, 0, 0, 3.5, 2, 100000, 1200000, 15000, 4, '2025-08-24 20:45:54.785000', '2025-09-18 15:58:55.665000', '2025-10-01 00:00:00.000000', '2025-09-11 00:00:00.000000', _binary 0x085923fcc1534c67813ed6566326afc1, _binary 0x4c931b05f6c44ad1837aa29416803da6, _binary 0xda8380de7e6148e0af079f5f471336bb, _binary 0xf765f65b19904b32a1e6a798b5da27c3, 'CẦN CHO THUÊ NHÀ TRỌ ĐỂ Ở\n\nCho thuê phòng để ở\n\nĐịa chỉ: 150 Trần Đại Nghĩa, phường Hòa Hải, quận Ngũ Hành Sơn, Đà Nẵng\n\nCó gác lửng; Laphông\n\nWifi miễn phí\n\nNước sạch thành phố; an ninh tốt, gần chợ, đối diện khu đô thị hiện đại Phú Mỹ An\n\nGiá thuê rẻ: 1,2 triệu đồng/tháng\n\nĐT: 0976448758\n\n0935713277', NULL, NULL, 'CHO THUÊ NHÀ TRỌ ĐƯỜNG TRẦN ĐẠI NGHĨA HÒA HẢI ĐÀ NẴNG', 14),
	(1, 20, 0, 3000, 0, 0, 4, 2, 100000, 1400000, 15000, 5, '2025-08-24 20:38:22.159000', '2025-09-19 16:11:55.368000', '2025-10-01 00:00:00.000000', '2025-09-11 00:00:00.000000', _binary 0xbd0587c2e57f48059f67ea3bacfc0fdf, _binary 0x57dc4b9a6c3e43a698470b0465d47e8d, _binary 0xda8380de7e6148e0af079f5f471336bb, _binary 0x0b2c48dcc3694effaef3719edac27f53, 'Chỉ cho sinh viên thuê trọ tại tòa nhà 305 Huy Cận, phường Khuê Trung, quận Cẩm Lệ , thành phố Đà Nẵng.\n\nĐịa điểm thuận lợi, cách Trường Đại học Ngoại ngữ 200 m, cách Đại học Kiến Trúc, Đại học Đông Á, cao đẳng Bách Khoa, Cao đẳng Phương Đông 1,5km; gần các siêu thị Vinmart, Metro, Lotte.\n\nDiện tích phòng từ 14m2 trở lên, có gác lững, vệ sinh khép kín.\n\nWifi miễn phí.\n\nThanh toán 3 tháng 1 lần.\n\nKhu an ninh trật tự tốt.\n\nGiá từ 1.400.000 đồng .\n\nLiên hệ: 0903553557', NULL, NULL, 'Phòng trọ tại 305 Huy Cận, gần các trường đại học', 8),
	(1, 25, 0, 3000, 0, 0, 5, 3, 250000, 2000000, 15000, 5, '2025-08-24 20:25:00.027000', '2025-09-18 16:47:01.305000', '2025-10-01 00:00:00.000000', '2025-09-11 00:00:00.000000', _binary 0x6f5d51da952640d18acf20e670d6ffa6, _binary 0x6335ade7213546bbbabbf0dd9700d38f, _binary 0xda8380de7e6148e0af079f5f471336bb, _binary 0x0b2c48dcc3694effaef3719edac27f53, 'Phòng rộng 22m2, có gác lửng\n\nWc riêng, bếp , chỗ rửa chén\n\nkhu vực thoáng mát, an ninh tốt , gần khu công nghiệp Hòa Cầm.', NULL, NULL, 'Phòng trọ ông Nhân quận Ngũ Hành Sơn Đà Nẵng p2', 24),
	(1, 20, 0, 3000, 0, 0, 4, 2, 250000, 1000000, 15000, 5, '2025-08-24 20:21:39.510000', '2025-09-18 14:03:41.829000', '2025-09-30 00:00:00.000000', '2025-09-11 00:00:00.000000', _binary 0x1e9ae484bc8345aabec28f8334461570, _binary 0x733ccf1a2acd45db8d84d8666aa9a66c, _binary 0xda8380de7e6148e0af079f5f471336bb, _binary 0x0b2c48dcc3694effaef3719edac27f53, 'Nhà trọ mới xây có ban công riêng, sân phơi riêng, điều hòa, máy nước nóng gián tiếp, bếp điện âm, máy giặt.\n\nNhà mặt tiền đường 7,5m , đèn đường sáng, an ninh tốt, thoáng mát', NULL, NULL, 'Phòng trọ ông Nhân quận Ngũ Hành Sơn Đà Nẵng p1', 41),
	(1, 20, 0, 4000, 0, 0, 4, 2, 200000, 2000000, 10000, 5, '2025-09-11 22:37:47.597000', '2025-09-19 15:48:45.136000', '2025-10-01 23:59:59.000000', '2025-09-11 22:37:46.436000', _binary 0xe8d8cef98a8a434b91da4a0769f1fa9d, _binary 0x75c62a8874d24ccc9e22b95e8c6920d8, _binary 0xd54f9cc18e5b47ddafed883bf33792fb, _binary 0xcfc399cbdbd64a168fed4938a6c9d3a1, '672/5 Trần Cao Vân (gần Hà Huy Tập) cho thuê 2 phòng trọ 22m2+gác lửng 10m2 (Giá 2tr-2tr3 có thương lượng, giảm tuỳ hoàn cảnh người thuê). Phòng ốp gạch men sàn & tường sạch đẹp. Lối đi riêng, có đồng hồ điện nước, cáp TV, bếp và WC trong phòng. Khu vực an ninh gần trường học, chợ, không khí biển thoáng mát. Ưu tiên nữ hoặc gia đình.', NULL, NULL, '672/5 trần cao vân cho thuê 2 phòng trọ gác lửng', 96),
	(1, 20, 1, 3000, 0, 0, 4, 2, 500000, 3200000, 15000, 5, '2025-08-24 20:42:34.519000', '2025-09-18 09:30:48.654000', '2025-09-25 00:00:00.000000', '2025-09-18 00:00:00.000000', _binary 0xec57c4a9173f4037b82fdfb73534ec00, _binary 0x9443e5899d0e4f058652eba4abe358eb, _binary 0xda8380de7e6148e0af079f5f471336bb, _binary 0xf765f65b19904b32a1e6a798b5da27c3, 'Cho thuê phòng trọ cao cấp mới xây, nhà mới xây đang hoàn thiện 1 tuần nữa có thể vào ở đc.\n\nPhòng mới đẹp, có đầy đủ nội thất cơ bản: máy lạnh, hệ thống nước nóng lạnh\n\ncó sân để xe\n\ncó hệ thống camera\n\ncó hệ thống phòng cháy chữa cháy đúng quy định\n\ncó gác lửng, không chung chủ.\n\nPhòng nào cũng có ban công, chỗ phơi đồ riêng.\n\nĐịa chỉ đường k20 phường Khuê Mỹ, phía sau bệnh viện\n\n600 giường. Nhiều phòng với các diện tích khác nhau.\n\nGiá từ 2,7 tr đến 3,5 tr.\n\nlh 0938986275', NULL, NULL, 'Cho thuê phòng trọ mới xây đẹp, có các nội thất cơ bản', 11),
	(1, 30, 0, 4500, 0, 0, 5, 3, 200000, 3500000, 12000, 6, '2025-08-24 20:34:08.145000', '2025-09-18 10:04:58.414000', '2025-10-02 00:00:00.000000', '2025-09-18 00:00:00.000000', _binary 0xdde638c26b804319a035ce1c80b56948, _binary 0x9ce216abd9f34a43a69889cc0ad99aca, _binary 0xda8380de7e6148e0af079f5f471336bb, _binary 0x0b2c48dcc3694effaef3719edac27f53, '1. Khu vực ở trung tâm Quạn Sơn Trà. gần chợ Anh Hải Đông (cách chợ 200m), gần bênh viện, khu cầu rồng. Bãi biển T20...\n\n2. Thuận lợi trong việc đi học trường Đại học Kinh tế Đà Nẵng...Đông Á, Duy Tân... ĐH Kiến trúc\n\n3. Phòng ở yên tỉnh, độc lập, có đầy đủ tiện nghi', NULL, NULL, 'Gia đình có 03 phòng ở cho thuê GẦN DƯỢC, BÁCH KHOA, NEU', 11),
	(2, 20, 0, 3000, 0, 0, 4, 2, 120000, 2300000, 15000, 5, '2025-08-24 20:28:25.207000', '2025-09-19 15:51:56.984000', '2025-09-20 00:00:00.000000', '2025-09-04 00:00:00.000000', _binary 0xc224e212fac1490d8339cc576084bcf6, _binary 0xa7bb169207ef4799b13c382653821d2c, _binary 0xd54f9cc18e5b47ddafed883bf33792fb, _binary 0xf765f65b19904b32a1e6a798b5da27c3, '- Cho thuê phòng diện tích 25 m2 ,nhà riêng biệt có công trình phụ khép kín trong nhà , rộng rãi thoáng mát.\n\n- Vị trí: gần đường Hô Xuân Hương giao nhau với đường Võ Nguyên Giáp phường Khuê Mỹ quận ngũ hành Sơn TP Đà Nẵng , vị trí gần resort Purama nơi trung tâm khu du lịch biển bán đảo Sơn Trà Đà Nẵng, tập trung nhiều nhà hàng khách sạn với đầy đủ các dịch vụ phục vụ cho khách du lịch trong nước và quốc tế rất đông đúc.\n\n- Có tất cả các dịch vụ tiện ích phục vụ cho sinh hoạt đời sống , đường phố rộng rãi thuận lợi cho việc đi lại , cách trường đại học kiến trúc, đại học kinh tế Đà Nẵng 1 km , cách cầu rồng 4 km , cách bãi tắm sao biến 300m , trật tự an ninh rất tốt , giờ giấc tự do.\n\n- Ưu tiên sinh viên,người độc thân có công việc ổn định thuê để nghỉ ngơi sau ngày học tập và làm việc .\n\n- Yêu cầu không hút thuốc, không nuôi thú cưng , không trồng cây ảnh hưởng đến xung quanh.\n\n- Giá: từ 2tr3 đến 2tr5 tùy phòng . Liên hệ đt 0392184457', NULL, NULL, 'Cho thuê phòng trọ tại Hồ Xuân Hương, Ngũ Hành Sơn, Đà Nẵng, giá ưu đãi chỉ với 2,3 triệu VND', 20),
	(1, 20, 0, 3000, 0, 0, 4, 2, 200000, 2000000, 15000, 5, '2025-09-11 22:40:23.360000', '2025-09-19 20:56:29.404000', '2025-10-01 23:59:59.000000', '2025-09-11 22:40:22.331000', _binary 0x848debb963894867b9b1778de2aacf5a, _binary 0xb5a3a492dc9c413c9c3c45d78869ef7b, _binary 0xd54f9cc18e5b47ddafed883bf33792fb, _binary 0xcfc399cbdbd64a168fed4938a6c9d3a1, 'Tại địa chỉ : 35 Lê Thị Tính, An Khê, Thanh Khê, Đà Nẵng\n\nBạn Cần thuế tháng, căn hộ, homestay, trọ, đều được, vì Hostel cung cấp cho bạn với phòng đầy đủ tiện nghi của một khách sạn. nhưng giá rất rẻ, bạn không cần phải mua sắm đồ dung vì đac có đủ rồi !\n\nbạn chỉ việc ở và trả tiền : 2 000 000 , 3 000 000 đ/01 tháng', NULL, NULL, 'Trọ Tháng giá rẻ cho thuê tại 35 Lê Thị Tính, An Khê, Thanh Khê, Đà Nẵng', 152),
	(1, 20, 0, 3000, 0, 1, 4, 2, 200000, 1000000, 15000, 5, '2025-09-18 10:40:07.756000', '2025-09-18 10:40:08.472000', '2025-09-26 23:59:59.000000', '2025-09-18 10:40:02.418000', _binary 0xec629ebbfc8c44579875a1b34d9dab90, _binary 0xb8071bc17ef6414e8f82c667821caca0, _binary 0xd54f9cc18e5b47ddafed883bf33792fb, _binary 0x72413dec80c54b79996f460d1eb55f62, NULL, NULL, NULL, 'Cho thuê phòng 35m2 đầy đủ tiện nghi, giá 5.5tr/tháng - Ưu tiên cho sinh viên thuê chỉ 5tr/tháng', 0),
	(1, 20, 1, 3000, 0, 0, 4, 2, 300000, 2000000, 15000, 5, '2025-08-24 20:48:47.095000', '2025-09-18 09:31:00.831000', '2025-09-30 00:00:00.000000', '2025-09-18 00:00:00.000000', _binary 0xc88f2efb8269434d89f2908e8f8bc100, _binary 0xb85fcc8609d34f8aa62ac6bd83d3b96d, _binary 0xda8380de7e6148e0af079f5f471336bb, _binary 0xf765f65b19904b32a1e6a798b5da27c3, 'Cho nữ thuê phòng trọ trống sẵn, sạch sẽ, đủ nội thất, thoáng ngay Hoài Thanh, Ngũ Hành Sơn\n\nSẵn phòng trống ở tầng 1\n\nKhu Đối diện trường ĐH kinh tế\n\nGía rẻ chỉ 2 triệu/tháng (1 đến 2 người) - đã giảm 200k tiền phòng\n\nĐầy đủ nội thất cơ bản như ảnh, WC CHUNG VỚI 2 PHÒNG, máy giặt chung.\n\nzalo hẹn giờ xem phòng trực tiếp', NULL, NULL, 'Cho nữ thuê phòng trọ trống sẵn, sạch sẽ, đủ nội thất, thoáng ngay Hoài Thanh, Ngũ Hành Sơn', 31),
	(1, 25, 1, 4000, 0, 0, 5, 4, 250000, 4500000, 15000, 5, '2025-08-24 21:05:07.096000', '2025-09-11 22:25:06.341000', '2025-10-01 00:00:00.000000', '2025-09-11 00:00:00.000000', _binary 0x007a395a98cc424e8094d4335c4ad7bb, _binary 0xd652fc9a7a0741dbb7f360c79d6dd70d, _binary 0xd54f9cc18e5b47ddafed883bf33792fb, _binary 0x3c2cef1872c04eb4899e6ba3e486fc0b, 'Cho thuê phòng trọ ngay trung tâm Quận 10, gần ngay Vạn Hạnh Mall, trường đại học Bách Khoa, Huflit (5 phút đi bộ là tới), trường Đại học Y Dược Phạm Ngọc Thạch (bước qua đường là tới) Đại học Hoa Sen, trường Quốc Tế Việt Úc, bệnh viện 115, Nhi Đồng...các nhà thuốc lớn ở HCM... full nội thất đầy đủ tiện nghi, giờ giấc tự do, phòng ốc sạch sẽ và an ninh. Thích hợp cho thuê công tác dài và ngắn hạn, việt Kiều, SV...\n\nGiá phòng: 4.5 triệu - 7 triệu/tháng.\n\nPhòng rộng: từ 25m2 - 35m2.\n\nPhòng đẹp như ảnh, cho thuê tại các địa chỉ sau:\n\n- Địa chỉ 1: 7A/19/19 Thành Thái, P.14, Q.10.\n\n- Địa chỉ 2: 128 Thành Thái, P.12, Q.10\n\n- Địa chỉ 3: 43/3 Thành Thái, P14, Q.10.\n\nLiên hệ thuê phòng: 0938297275 Anh Việt', NULL, NULL, 'Phòng trọ ngay Thành Thái, trung tâm Quận 10, đẹp, trang bị đầy đủ nội thất', 92),
	(1, 20, 1, 3000, 0, 0, 4, 2, 110000, 1500000, 15000, 5, '2025-08-24 21:01:34.260000', '2025-09-11 15:11:50.467000', '2025-09-19 23:59:59.000000', '2025-08-24 21:01:32.841000', _binary 0xe04ce4b602c94c74a84a066b5e047a82, _binary 0xd7649d2172d540ed9ea90b2c58a7a0c2, _binary 0xd54f9cc18e5b47ddafed883bf33792fb, _binary 0x3c2cef1872c04eb4899e6ba3e486fc0b, 'ách đại học Hutlit 100m( Dh Ngoại ngữ,tin học HCM)\n\n814/5 Sư Vạn Hạnh (cách Huflit đúng 100m – đi bộ 2 phút tới lớp)\n\nBao điện nước, máy lạnh,tủ lạnh,wifi, máy giặt, nấu ăn,để xe chỉ 1tr4\n\nTÂN SINH VIÊN TÌM CHỖ Ở – ĐỪNG VỘI, ĐỌC NGAY NÈ! Homestay Hoàng Phúc – Chuỗi ký túc xá & căn hộ dịch vụ “ngon – bổ – gần trường” dành riêng cho bạn!\n\nỞ đây có gì? Nhiều hơn bạn nghĩ!\n\n️ Phòng máy lạnh mát rượi – nằm là ngủ\n\nDọn vệ sinh mỗi ngày – phòng luôn thơm tho Wifi mạnh như tình đầu – lướt mượt không lag Nước uống miễn phí – học bài, deadline vẫn tỉnh táo\n\nGửi xe an toàn – bảo vệ dễ thương, thân thiện Máy giặt dùng tẹt ga – không lo đồ dơ chất đống\n\nVị trí siêu thuận tiện – gần trường, gần chợ, gần mọi thứ bạn cần:\n\nQUẬN 10 814/5 Sư Vạn Hạnh (cách Huflit đúng 100m – đi bộ 2 phút tới lớp)\n\nNgại gọi thì nhắn tin cũng được – tụi mình thân thiện như hàng xóm sát vách!\n\nĐi học xa nhà không khó – miễn là bạn chọn đúng chỗ ở. Homestay Hoàng Phúc – bạn đến là thấy ấm lòng!', NULL, NULL, 'Ở ghép cách DH Ngoại ngữ & Tin học ( Huflit) chỉ 100m, Y Phạm Ngọc Thạch 400m', 191),
	(1, 20, 0, 3000, 0, 0, 4, 2, 200000, 1000000, 15000, 5, '2025-09-18 20:57:13.133000', '2025-09-19 21:00:48.697000', '2025-10-01 23:59:59.000000', '2025-09-18 20:57:11.052000', _binary 0x3618620e646d48ad8b5ea7c4e6ae37d5, _binary 0xfa304baaf6b5493983823e1c94ffb6f2, _binary 0xd54f9cc18e5b47ddafed883bf33792fb, _binary 0x0b2c48dcc3694effaef3719edac27f53, 'Phòng trọ đẹp + chất lượng + rẻ', NULL, NULL, 'Phòng trọ gần đại học Việt Hàn', 17),
	(1, 20, 0, 3000, 0, 0, 4, 3, 230000, 1800000, 15000, 5, '2025-08-24 20:35:21.519000', '2025-09-19 20:58:27.818000', '2025-09-29 00:00:00.000000', '2025-09-10 00:00:00.000000', _binary 0xa48a292fde1f43dba9062a850ef1681a, _binary 0xfab416d84584443faf517b024dcf1db7, _binary 0xd54f9cc18e5b47ddafed883bf33792fb, _binary 0xf765f65b19904b32a1e6a798b5da27c3, 'Nhà trọ mới xây . Thoáng mát . Có gác lửng rộng rải .Ở ngay măt tiền đường lớn 7.5m .Xung quanh nhiều tiện nghi. Bệnh viện ..Truòng học', NULL, NULL, 'Cho thuê nhà trọ giá bình dân, khu vực an ninh và tiện ích', 90);

-- Đang kết xuất đổ cấu trúc cho bảng ants.room_convenients
CREATE TABLE IF NOT EXISTS `room_convenients` (
  `convenient_id` bigint NOT NULL,
  `room_id` binary(16) NOT NULL,
  KEY `FK13th54tcbsa8vejgntj9vo3kf` (`convenient_id`),
  KEY `FK5fqceffrsqmig9g3cn9nwtp4i` (`room_id`),
  CONSTRAINT `FK13th54tcbsa8vejgntj9vo3kf` FOREIGN KEY (`convenient_id`) REFERENCES `convenients` (`id`),
  CONSTRAINT `FK5fqceffrsqmig9g3cn9nwtp4i` FOREIGN KEY (`room_id`) REFERENCES `rooms` (`id`)
) ENGINE=InnoDB DEFAULT CHARSET=utf8mb4 COLLATE=utf8mb4_0900_ai_ci;

-- Đang kết xuất đổ dữ liệu cho bảng ants.room_convenients: ~111 rows (xấp xỉ)
INSERT INTO `room_convenients` (`convenient_id`, `room_id`) VALUES
	(1, _binary 0x733ccf1a2acd45db8d84d8666aa9a66c),
	(2, _binary 0x733ccf1a2acd45db8d84d8666aa9a66c),
	(3, _binary 0x733ccf1a2acd45db8d84d8666aa9a66c),
	(4, _binary 0x733ccf1a2acd45db8d84d8666aa9a66c),
	(7, _binary 0x733ccf1a2acd45db8d84d8666aa9a66c),
	(10, _binary 0x733ccf1a2acd45db8d84d8666aa9a66c),
	(1, _binary 0x6335ade7213546bbbabbf0dd9700d38f),
	(2, _binary 0x6335ade7213546bbbabbf0dd9700d38f),
	(3, _binary 0x6335ade7213546bbbabbf0dd9700d38f),
	(4, _binary 0x6335ade7213546bbbabbf0dd9700d38f),
	(5, _binary 0x6335ade7213546bbbabbf0dd9700d38f),
	(10, _binary 0x6335ade7213546bbbabbf0dd9700d38f),
	(1, _binary 0x2cf22445c9f94165be31620a76e35b30),
	(2, _binary 0x2cf22445c9f94165be31620a76e35b30),
	(4, _binary 0x2cf22445c9f94165be31620a76e35b30),
	(8, _binary 0x2cf22445c9f94165be31620a76e35b30),
	(11, _binary 0x2cf22445c9f94165be31620a76e35b30),
	(1, _binary 0x4b56c8f16b524a11a58180bf8f939073),
	(2, _binary 0x4b56c8f16b524a11a58180bf8f939073),
	(5, _binary 0x4b56c8f16b524a11a58180bf8f939073),
	(9, _binary 0x4b56c8f16b524a11a58180bf8f939073),
	(10, _binary 0x4b56c8f16b524a11a58180bf8f939073),
	(11, _binary 0x4b56c8f16b524a11a58180bf8f939073),
	(2, _binary 0x57dc4b9a6c3e43a698470b0465d47e8d),
	(3, _binary 0x57dc4b9a6c3e43a698470b0465d47e8d),
	(4, _binary 0x57dc4b9a6c3e43a698470b0465d47e8d),
	(7, _binary 0x57dc4b9a6c3e43a698470b0465d47e8d),
	(4, _binary 0x2c59f7e6aaf64d61abd76613c5d8bdf4),
	(6, _binary 0x2c59f7e6aaf64d61abd76613c5d8bdf4),
	(10, _binary 0x2c59f7e6aaf64d61abd76613c5d8bdf4),
	(11, _binary 0x2c59f7e6aaf64d61abd76613c5d8bdf4),
	(1, _binary 0x9443e5899d0e4f058652eba4abe358eb),
	(3, _binary 0x9443e5899d0e4f058652eba4abe358eb),
	(4, _binary 0x9443e5899d0e4f058652eba4abe358eb),
	(8, _binary 0x9443e5899d0e4f058652eba4abe358eb),
	(10, _binary 0x9443e5899d0e4f058652eba4abe358eb),
	(11, _binary 0x9443e5899d0e4f058652eba4abe358eb),
	(1, _binary 0x4610e8bc385846dc9c68892047bebb9d),
	(2, _binary 0x4610e8bc385846dc9c68892047bebb9d),
	(3, _binary 0x4610e8bc385846dc9c68892047bebb9d),
	(4, _binary 0x4610e8bc385846dc9c68892047bebb9d),
	(6, _binary 0x4610e8bc385846dc9c68892047bebb9d),
	(8, _binary 0x4610e8bc385846dc9c68892047bebb9d),
	(9, _binary 0x4610e8bc385846dc9c68892047bebb9d),
	(6, _binary 0x4c931b05f6c44ad1837aa29416803da6),
	(1, _binary 0xb85fcc8609d34f8aa62ac6bd83d3b96d),
	(4, _binary 0xb85fcc8609d34f8aa62ac6bd83d3b96d),
	(6, _binary 0xb85fcc8609d34f8aa62ac6bd83d3b96d),
	(10, _binary 0xb85fcc8609d34f8aa62ac6bd83d3b96d),
	(1, _binary 0xd7649d2172d540ed9ea90b2c58a7a0c2),
	(2, _binary 0xd7649d2172d540ed9ea90b2c58a7a0c2),
	(4, _binary 0xd7649d2172d540ed9ea90b2c58a7a0c2),
	(5, _binary 0xd7649d2172d540ed9ea90b2c58a7a0c2),
	(6, _binary 0xd7649d2172d540ed9ea90b2c58a7a0c2),
	(2, _binary 0xd652fc9a7a0741dbb7f360c79d6dd70d),
	(3, _binary 0xd652fc9a7a0741dbb7f360c79d6dd70d),
	(4, _binary 0xd652fc9a7a0741dbb7f360c79d6dd70d),
	(5, _binary 0xd652fc9a7a0741dbb7f360c79d6dd70d),
	(7, _binary 0xd652fc9a7a0741dbb7f360c79d6dd70d),
	(8, _binary 0xd652fc9a7a0741dbb7f360c79d6dd70d),
	(9, _binary 0xd652fc9a7a0741dbb7f360c79d6dd70d),
	(11, _binary 0xd652fc9a7a0741dbb7f360c79d6dd70d),
	(2, _binary 0xa7bb169207ef4799b13c382653821d2c),
	(4, _binary 0xa7bb169207ef4799b13c382653821d2c),
	(7, _binary 0xa7bb169207ef4799b13c382653821d2c),
	(1, _binary 0x0d7e829cb0274205aa0f30137bf4ad60),
	(2, _binary 0x0d7e829cb0274205aa0f30137bf4ad60),
	(3, _binary 0x0d7e829cb0274205aa0f30137bf4ad60),
	(4, _binary 0x0d7e829cb0274205aa0f30137bf4ad60),
	(5, _binary 0x0d7e829cb0274205aa0f30137bf4ad60),
	(6, _binary 0x0d7e829cb0274205aa0f30137bf4ad60),
	(8, _binary 0x0d7e829cb0274205aa0f30137bf4ad60),
	(1, _binary 0x75c62a8874d24ccc9e22b95e8c6920d8),
	(2, _binary 0x75c62a8874d24ccc9e22b95e8c6920d8),
	(6, _binary 0x75c62a8874d24ccc9e22b95e8c6920d8),
	(1, _binary 0xb5a3a492dc9c413c9c3c45d78869ef7b),
	(2, _binary 0xb5a3a492dc9c413c9c3c45d78869ef7b),
	(3, _binary 0xb5a3a492dc9c413c9c3c45d78869ef7b),
	(4, _binary 0xb5a3a492dc9c413c9c3c45d78869ef7b),
	(5, _binary 0xb5a3a492dc9c413c9c3c45d78869ef7b),
	(1, _binary 0x421bf65b53d34e8ea2400379699d64e5),
	(2, _binary 0x421bf65b53d34e8ea2400379699d64e5),
	(3, _binary 0x421bf65b53d34e8ea2400379699d64e5),
	(4, _binary 0x421bf65b53d34e8ea2400379699d64e5),
	(1, _binary 0x9ce216abd9f34a43a69889cc0ad99aca),
	(2, _binary 0x9ce216abd9f34a43a69889cc0ad99aca),
	(3, _binary 0x9ce216abd9f34a43a69889cc0ad99aca),
	(4, _binary 0x9ce216abd9f34a43a69889cc0ad99aca),
	(5, _binary 0x9ce216abd9f34a43a69889cc0ad99aca),
	(2, _binary 0xb8071bc17ef6414e8f82c667821caca0),
	(3, _binary 0xb8071bc17ef6414e8f82c667821caca0),
	(4, _binary 0xb8071bc17ef6414e8f82c667821caca0),
	(5, _binary 0xb8071bc17ef6414e8f82c667821caca0),
	(6, _binary 0xb8071bc17ef6414e8f82c667821caca0),
	(7, _binary 0xb8071bc17ef6414e8f82c667821caca0),
	(2, _binary 0x222da08b8ca44e2db639cba9d7568440),
	(3, _binary 0x222da08b8ca44e2db639cba9d7568440),
	(4, _binary 0x222da08b8ca44e2db639cba9d7568440),
	(5, _binary 0x222da08b8ca44e2db639cba9d7568440),
	(6, _binary 0x222da08b8ca44e2db639cba9d7568440),
	(7, _binary 0x222da08b8ca44e2db639cba9d7568440),
	(8, _binary 0x222da08b8ca44e2db639cba9d7568440),
	(1, _binary 0xfa304baaf6b5493983823e1c94ffb6f2),
	(2, _binary 0xfa304baaf6b5493983823e1c94ffb6f2),
	(3, _binary 0xfa304baaf6b5493983823e1c94ffb6f2),
	(4, _binary 0xfa304baaf6b5493983823e1c94ffb6f2),
	(2, _binary 0xfab416d84584443faf517b024dcf1db7),
	(3, _binary 0xfab416d84584443faf517b024dcf1db7),
	(4, _binary 0xfab416d84584443faf517b024dcf1db7),
	(5, _binary 0xfab416d84584443faf517b024dcf1db7),
	(11, _binary 0xfab416d84584443faf517b024dcf1db7);

-- Đang kết xuất đổ cấu trúc cho bảng ants.temporary_residences
CREATE TABLE IF NOT EXISTS `temporary_residences` (
  `id` binary(16) NOT NULL,
  `createby` varchar(255) DEFAULT NULL,
  `createddate` datetime(6) DEFAULT NULL,
  `modifiedby` varchar(255) DEFAULT NULL,
  `modifieddate` datetime(6) DEFAULT NULL,
  `end_date` datetime(6) DEFAULT NULL,
  `full_name` varchar(255) NOT NULL,
  `id_card_back_public_id` varchar(255) DEFAULT NULL,
  `id_card_back_url` varchar(255) DEFAULT NULL,
  `id_card_front_public_id` varchar(255) DEFAULT NULL,
  `id_card_front_url` varchar(255) DEFAULT NULL,
  `id_number` varchar(255) NOT NULL,
  `note` varchar(255) DEFAULT NULL,
  `relationship` varchar(255) DEFAULT NULL,
  `start_date` datetime(6) NOT NULL,
  `contract_id` binary(16) NOT NULL,
  PRIMARY KEY (`id`),
  UNIQUE KEY `UK113inahb4tis141ikroil5tex` (`id_number`),
  KEY `FKr9gicxs93hmxqtky7ao0opmhj` (`contract_id`),
  CONSTRAINT `FKr9gicxs93hmxqtky7ao0opmhj` FOREIGN KEY (`contract_id`) REFERENCES `contracts` (`id`)
) ENGINE=InnoDB DEFAULT CHARSET=utf8mb4 COLLATE=utf8mb4_0900_ai_ci;

-- Đang kết xuất đổ dữ liệu cho bảng ants.temporary_residences: ~1 rows (xấp xỉ)
INSERT INTO `temporary_residences` (`id`, `createby`, `createddate`, `modifiedby`, `modifieddate`, `end_date`, `full_name`, `id_card_back_public_id`, `id_card_back_url`, `id_card_front_public_id`, `id_card_front_url`, `id_number`, `note`, `relationship`, `start_date`, `contract_id`) VALUES
	(_binary 0x090be9351b89438787a6a71a5578b661, NULL, '2025-09-01 23:08:53.120000', NULL, '2025-09-01 23:08:53.120000', '2025-12-31 07:00:00.000000', 'Nguyen Van A', 'roahnybbmlstrohpklpl', '/dmvvs0ags/image/upload/v1756742933/roahnybbmlstrohpklpl.png', 'wv0fj3lsryb6dmawdiqp', '/dmvvs0ags/image/upload/v1756742930/wv0fj3lsryb6dmawdiqp.png', '012345678901', 'Đăng ký cho vợ ở cùng', 'Vợ/Chồng', '2025-09-01 07:00:00.000000', _binary 0x3dd9762cf6584711bc44bf2336a8e8a6),
	(_binary 0x50ca4d01640f482ea1c584e0c5d04873, NULL, '2025-09-16 15:54:47.841000', NULL, '2025-09-16 15:54:47.841000', '2025-09-17 07:00:00.000000', 'Phạm Phú Nhân', 'x7v46laohiljkmjxpnh1', '/dmvvs0ags/image/upload/v1758012886/x7v46laohiljkmjxpnh1.jpg', 'qj8gxk8lray0hybvieug', '/dmvvs0ags/image/upload/v1758012883/qj8gxk8lray0hybvieug.jpg', '049203000991', 'Làm tạm trú', 'Bản thân', '2025-09-16 07:00:00.000000', _binary 0xf62ec8f666e748248e274961a1f1a658),
	(_binary 0xb31eda5f54d6494cb4e310201fe95a9b, NULL, '2025-09-12 10:01:28.088000', NULL, '2025-09-12 10:01:28.088000', '2025-09-20 07:00:00.000000', 'nhan nhan', 'dpwbici26bkbw2dasd8z', '/dmvvs0ags/image/upload/v1757646086/dpwbici26bkbw2dasd8z.png', 'kwimitjhe5h9pboao6vk', '/dmvvs0ags/image/upload/v1757646078/kwimitjhe5h9pboao6vk.png', '012763547624', '', 'Bản thân', '2025-09-13 07:00:00.000000', _binary 0xf62ec8f666e748248e274961a1f1a658);

-- Đang kết xuất đổ cấu trúc cho bảng ants.transactions
CREATE TABLE IF NOT EXISTS `transactions` (
  `amount` double NOT NULL,
  `status` int NOT NULL,
  `transaction_type` int NOT NULL,
  `createddate` datetime(6) DEFAULT NULL,
  `modifieddate` datetime(6) DEFAULT NULL,
  `transaction_date` datetime(6) DEFAULT NULL,
  `id` binary(16) NOT NULL,
  `wallet_id` binary(16) NOT NULL,
  `description` varchar(500) DEFAULT NULL,
  `bank_transaction_name` varchar(255) DEFAULT NULL,
  `createby` varchar(255) DEFAULT NULL,
  `modifiedby` varchar(255) DEFAULT NULL,
  `transaction_code` varchar(255) NOT NULL,
  PRIMARY KEY (`id`),
  UNIQUE KEY `UKhmrka43k7ijk56xcfcnscaq14` (`transaction_code`),
  KEY `FK23bop5lktue0o5q7kr19ti8h` (`wallet_id`),
  CONSTRAINT `FK23bop5lktue0o5q7kr19ti8h` FOREIGN KEY (`wallet_id`) REFERENCES `wallets` (`id`)
) ENGINE=InnoDB DEFAULT CHARSET=utf8mb4 COLLATE=utf8mb4_0900_ai_ci;

-- Đang kết xuất đổ dữ liệu cho bảng ants.transactions: ~51 rows (xấp xỉ)
INSERT INTO `transactions` (`amount`, `status`, `transaction_type`, `createddate`, `modifieddate`, `transaction_date`, `id`, `wallet_id`, `description`, `bank_transaction_name`, `createby`, `modifiedby`, `transaction_code`) VALUES
	(460000, 1, 0, '2025-09-04 13:26:31.743000', '2025-09-04 13:26:31.743000', '2025-09-04 13:26:31.728000', _binary 0x041f4bd2b8ba4ed99e1df70df1a3df50, _binary 0xb69ddf33473d4eac985cf922d7d36d84, 'Extend room post: Cho thuê phòng trọ giá rẻ khu vực ngay chợ Non Nước', 'Ants Wallet', NULL, NULL, '17286580'),
	(140000, 1, 0, '2025-09-18 09:34:28.652000', '2025-09-18 09:34:28.652000', '2025-09-18 09:34:28.652000', _binary 0x058b3cf5e13e4fe6bc47a647c21a20a2, _binary 0xcc3a31db049c43819b9a22faa222802e, 'Extend room post: Gia đình có 03 phòng ở cho thuê', 'Ants Wallet', NULL, NULL, '86522334'),
	(2000000, 1, 1, '2025-09-11 22:22:34.938000', '2025-09-11 22:22:34.938000', '2025-09-11 22:22:34.541000', _binary 0x07a55309536042c5b88c82de0181efca, _binary 0xcc3a31db049c43819b9a22faa222802e, 'Add 2.000.000 ₫ to wallet', 'NCB', NULL, NULL, '15165456'),
	(140000, 1, 0, '2025-08-24 20:31:51.812000', '2025-08-24 20:31:51.812000', '2025-08-24 20:31:51.809000', _binary 0x0cb266642fa842feae1c21b3df523506, _binary 0xb69ddf33473d4eac985cf922d7d36d84, 'Payment for room post: Cho thuê căn hộ Studio / Phòng trọ sát sân bay Đà Nẵng', 'Ants Wallet', NULL, NULL, '18106580'),
	(200000, 1, 0, '2025-09-11 22:20:45.212000', '2025-09-11 22:20:45.212000', '2025-09-11 22:20:45.200000', _binary 0x0e93642091c84ac7b8ae38ae381ff971, _binary 0xb69ddf33473d4eac985cf922d7d36d84, 'Extend room post: CHO THUÊ NHÀ TRỌ ĐƯỜNG TRẦN ĐẠI NGHĨA HÒA HẢI ĐÀ NẴNG', 'Ants Wallet', NULL, NULL, '52006580'),
	(120000, 1, 0, '2025-09-18 09:31:00.829000', '2025-09-18 09:31:00.829000', '2025-09-18 09:31:00.829000', _binary 0x1157626c43a54f92bb6602e91c5cbe1c, _binary 0xb69ddf33473d4eac985cf922d7d36d84, 'Extend room post: Cho nữ thuê phòng trọ trống sẵn, sạch sẽ, đủ nội thất, thoáng ngay Hoài Thanh, Ngũ Hành Sơn', 'Ants Wallet', NULL, NULL, '08296580'),
	(60000, 1, 0, '2025-08-24 20:38:53.658000', '2025-08-24 20:38:53.658000', '2025-08-24 20:38:53.656000', _binary 0x120ee19c0e8f4c819278cddfb207908d, _binary 0xb69ddf33473d4eac985cf922d7d36d84, 'Payment for room post: Cho thuê phòng trọ giá rẻ khu vực ngay chợ Non Nước', 'Ants Wallet', NULL, NULL, '36576580'),
	(1000000, 1, 1, '2025-09-11 22:29:30.431000', '2025-09-11 22:29:30.431000', '2025-09-11 22:29:30.279000', _binary 0x16b3bf7f904c4b8f82468712d5892738, _binary 0x8ce4b4db5cfb47c4abc2fc767424cd5a, 'Add 1.000.000 ₫ to wallet', 'NCB', NULL, NULL, '15165468'),
	(190000, 1, 0, '2025-09-11 22:33:47.110000', '2025-09-11 22:33:47.110000', '2025-09-11 22:33:47.108000', _binary 0x16ced4ff1e01470ea3d3f953e1aee3fc, _binary 0x8ce4b4db5cfb47c4abc2fc767424cd5a, 'Payment for room post: PHÒNG TRỌ GIÁ MỀM CHỈ TỪ 3TR GẦN DƯỢC, BÁCH KHOA, NEU', 'Ants Wallet', NULL, NULL, '71098123'),
	(520000, 1, 0, '2025-08-24 21:01:33.562000', '2025-08-24 21:01:33.562000', '2025-08-24 21:01:33.561000', _binary 0x1a61cfc31e1d4641881300589d3d193a, _binary 0xc1d7b5f4fd6044c0b90fd574c1a48e26, 'Payment for room post: Ở ghép cách DH Ngoại ngữ & Tin học ( Huflit) chỉ 100m, Y Phạm Ngọc Thạch 400m', 'Ants Wallet', NULL, NULL, '35614129'),
	(140000, 1, 0, '2025-08-24 20:30:30.427000', '2025-08-24 20:30:30.427000', '2025-08-24 20:30:30.426000', _binary 0x247883ff37e7482b8602df419dfd629f, _binary 0xcc3a31db049c43819b9a22faa222802e, 'Payment for room post: Cho thuê phòng trọ, có 2 phòng liền kề, trung tâm thành phố, gần chợ và trường học', 'Ants Wallet', NULL, NULL, '04262334'),
	(260000, 1, 0, '2025-09-18 20:57:12.520000', '2025-09-18 20:57:12.520000', '2025-09-18 20:57:12.517000', _binary 0x2c3a4e969bbc47718f305a34d2695980, _binary 0xcc3a31db049c43819b9a22faa222802e, 'Payment for room post: Phòng trọ gần đại học Việt Hàn', 'Ants Wallet', NULL, NULL, '25182334'),
	(400000, 1, 0, '2025-09-11 22:25:06.336000', '2025-09-11 22:25:06.336000', '2025-09-11 22:25:06.335000', _binary 0x349dd68987494c85b9cce31691553982, _binary 0xc1d7b5f4fd6044c0b90fd574c1a48e26, 'Extend room post: Phòng trọ ngay Thành Thái, trung tâm Quận 10, đẹp, trang bị đầy đủ nội thất', 'Ants Wallet', NULL, NULL, '63354129'),
	(400000, 1, 0, '2025-09-11 22:40:23.030000', '2025-09-11 22:40:23.030000', '2025-09-11 22:40:23.029000', _binary 0x38d64f16e2024688b7c33c0e4bee346e, _binary 0x8ce4b4db5cfb47c4abc2fc767424cd5a, 'Payment for room post: Trọ Tháng giá rẻ cho thuê tại 35 Lê Thị Tính, An Khê, Thanh Khê, Đà Nẵng', 'Ants Wallet', NULL, NULL, '30308123'),
	(11000, 1, 1, '2025-08-26 10:30:33.505000', '2025-08-26 10:30:33.505000', '2025-08-26 10:30:33.137000', _binary 0x44537e37019348149eab9cb64b8a0360, _binary 0xb69ddf33473d4eac985cf922d7d36d84, 'Add 11.000 ₫ to wallet', 'NCB', NULL, NULL, '15148898'),
	(3000000, 1, 1, '2025-08-24 20:03:55.904000', '2025-08-24 20:03:55.904000', '2025-08-24 20:03:55.392000', _binary 0x493e5d1f3e7642aba60f0bf46485c4da, _binary 0xb69ddf33473d4eac985cf922d7d36d84, 'Add 3.000.000 ₫ to wallet', 'NCB', NULL, NULL, '15145502'),
	(180000, 1, 0, '2025-08-24 20:34:07.530000', '2025-08-24 20:34:07.530000', '2025-08-24 20:34:07.529000', _binary 0x4b87fe8af8bb4abeadf62f1b37181780, _binary 0xcc3a31db049c43819b9a22faa222802e, 'Payment for room post: Gia đình có 03 phòng ở cho thuê', 'Ants Wallet', NULL, NULL, '75292334'),
	(200000, 1, 0, '2025-09-11 22:23:15.400000', '2025-09-11 22:23:15.400000', '2025-09-11 22:23:15.399000', _binary 0x4edbc3d11bd643a2b1e3426fe0c2ac19, _binary 0xcc3a31db049c43819b9a22faa222802e, 'Extend room post: Phòng trọ tại 305 Huy Cận, gần các trường đại học', 'Ants Wallet', NULL, NULL, '53992334'),
	(70000, 1, 0, '2025-09-18 09:30:48.624000', '2025-09-18 09:30:48.624000', '2025-09-18 09:30:48.608000', _binary 0x51b9614c12404bbf8e11ccf87c08c8cc, _binary 0xb69ddf33473d4eac985cf922d7d36d84, 'Extend room post: Cho thuê phòng trọ mới xây đẹp, có các nội thất cơ bản', 'Ants Wallet', NULL, NULL, '86086580'),
	(220000, 1, 0, '2025-08-24 21:05:04.576000', '2025-08-24 21:05:04.576000', '2025-08-24 21:05:04.576000', _binary 0x545dd31cc567419a84cbc21caa40c4a7, _binary 0xc1d7b5f4fd6044c0b90fd574c1a48e26, 'Payment for room post: Phòng trọ ngay Thành Thái, trung tâm Quận 10, đẹp, trang bị đầy đủ nội thất', 'Ants Wallet', NULL, NULL, '45764129'),
	(2000000, 1, 1, '2025-09-11 22:24:51.085000', '2025-09-11 22:24:51.085000', '2025-09-11 22:24:50.677000', _binary 0x55fe4c296318415c8a50bd4b86a7e8ee, _binary 0xc1d7b5f4fd6044c0b90fd574c1a48e26, 'Add 2.000.000 ₫ to wallet', 'NCB', NULL, NULL, '15165460'),
	(140000, 1, 0, '2025-08-24 20:24:59.513000', '2025-08-24 20:24:59.513000', '2025-08-24 20:24:59.512000', _binary 0x582611fc54a64d779d88dd76becdf72d, _binary 0xcc3a31db049c43819b9a22faa222802e, 'Payment for room post: Phòng trọ ông Nhân quận Ngũ Hành Sơn Đà Nẵng p2', 'Ants Wallet', NULL, NULL, '95132334'),
	(1000000, 1, 1, '2025-09-18 10:34:08.883000', '2025-09-18 10:34:08.883000', '2025-09-18 10:34:07.617000', _binary 0x5e01bc133f7e4fd3af7d7b4656b3fcdd, _binary 0x81863efdb21f4530b02c700239aad5ab, 'Add 1.000.000 ₫ to wallet', 'NCB', NULL, NULL, '15172192'),
	(50000, 1, 1, '2025-08-26 10:46:02.887000', '2025-08-26 10:46:02.887000', '2025-08-26 10:46:02.663000', _binary 0x5f2b65d3e26046209cfc3fc110ac8eca, _binary 0xb69ddf33473d4eac985cf922d7d36d84, 'Add 50.000 ₫ to wallet', 'NCB', NULL, NULL, '15148928'),
	(280000, 1, 0, '2025-09-16 14:02:29.427000', '2025-09-16 14:02:29.427000', '2025-09-16 14:02:29.415000', _binary 0x6252f976aeb54ecc85046c07baadc21d, _binary 0x81863efdb21f4530b02c700239aad5ab, 'Payment for room post: Cho thuê phòng 35m2 đầy đủ tiện nghi, giá 5.5tr/tháng - Ưu tiên cho sinh viên thuê chỉ 5tr/tháng', 'Ants Wallet', NULL, NULL, '94186727'),
	(180000, 1, 0, '2025-09-11 23:23:10.535000', '2025-09-11 23:23:10.535000', '2025-09-11 23:23:10.532000', _binary 0x6b04b38b2459466d9333430d5481a3dc, _binary 0x81863efdb21f4530b02c700239aad5ab, 'Payment for room post: Cho Thuê Phòng Trọ Giá Rẻ Có Chỗ Nấu Ăn, Để Xe', 'Ants Wallet', NULL, NULL, '05346727'),
	(400000, 1, 0, '2025-09-11 22:22:59.815000', '2025-09-11 22:22:59.815000', '2025-09-11 22:22:59.814000', _binary 0x6d3d998c2c7c4acaaed31a09525b2feb, _binary 0xcc3a31db049c43819b9a22faa222802e, 'Extend room post: Cho thuê phòng trọ, có 2 phòng liền kề, trung tâm thành phố, gần chợ và trường học', 'Ants Wallet', NULL, NULL, '98142334'),
	(1000000, 1, 1, '2025-08-24 20:57:19.802000', '2025-08-24 20:57:19.802000', '2025-08-24 20:57:19.512000', _binary 0x6d77dc6430764837896b7b9fdff66e9c, _binary 0xc1d7b5f4fd6044c0b90fd574c1a48e26, 'Add 1.000.000 ₫ to wallet', 'NCB', NULL, NULL, '15145551'),
	(180000, 1, 0, '2025-08-24 20:42:34.010000', '2025-08-24 20:42:34.010000', '2025-08-24 20:42:34.007000', _binary 0x6e8c79f02882476eb7808100114ee175, _binary 0xb69ddf33473d4eac985cf922d7d36d84, 'Payment for room post: Cho thuê phòng trọ mới xây đẹp, có các nội thất cơ bản', 'Ants Wallet', NULL, NULL, '40086580'),
	(70000, 1, 0, '2025-08-24 20:38:21.501000', '2025-08-24 20:38:21.501000', '2025-08-24 20:38:21.498000', _binary 0x7bfb3a73186348aa90fd17b4ca61da68, _binary 0xcc3a31db049c43819b9a22faa222802e, 'Payment for room post: Phòng trọ tại 305 Huy Cận, gần các trường đại học', 'Ants Wallet', NULL, NULL, '14992334'),
	(1500000, 1, 1, '2025-08-24 20:03:09.484000', '2025-08-24 20:03:09.484000', '2025-08-24 20:03:09.177000', _binary 0x7d27f336ea9243fd90167732cd53bdea, _binary 0xcc3a31db049c43819b9a22faa222802e, 'nộp ví 1tr5', 'NCB', NULL, NULL, '15145501'),
	(220000, 1, 0, '2025-08-24 20:48:46.628000', '2025-08-24 20:48:46.628000', '2025-08-24 20:48:46.625000', _binary 0x8020db4abab24db5bd4626f719fc2067, _binary 0xb69ddf33473d4eac985cf922d7d36d84, 'Payment for room post: Cho nữ thuê phòng trọ trống sẵn, sạch sẽ, đủ nội thất, thoáng ngay Hoài Thanh, Ngũ Hành Sơn', 'Ants Wallet', NULL, NULL, '66276580'),
	(240000, 1, 0, '2025-08-24 20:21:38.981000', '2025-08-24 20:21:38.981000', '2025-08-24 20:21:38.979000', _binary 0x81979bf6471941f38ef73960760f6f57, _binary 0xcc3a31db049c43819b9a22faa222802e, 'Payment for room post: Phòng trọ ông Nhân quận Ngũ Hành Sơn Đà Nẵng p1', 'Ants Wallet', NULL, NULL, '89802334'),
	(120000, 1, 0, '2025-08-24 20:28:24.097000', '2025-08-24 20:28:24.097000', '2025-08-24 20:28:24.085000', _binary 0x84dc2dacaf7e4677bc1f2173e4429d3f, _binary 0xb69ddf33473d4eac985cf922d7d36d84, 'Payment for room post: Cho thuê phòng trọ tại Hồ Xuân Hương, Ngũ Hành Sơn, Đà Nẵng, giá ưu đãi chỉ với 2,3 triệu VND', 'Ants Wallet', NULL, NULL, '40936580'),
	(70000, 1, 0, '2025-08-24 20:35:20.918000', '2025-08-24 20:35:20.918000', '2025-08-24 20:35:20.917000', _binary 0x86a0db2e3ba644cda02e89466605870e, _binary 0xb69ddf33473d4eac985cf922d7d36d84, 'Payment for room post: Cho thuê nhà trọ giá bình dân, khu vực an ninh và tiện ích', 'Ants Wallet', NULL, NULL, '09186580'),
	(1000000, 1, 1, '2025-09-11 23:15:59.767000', '2025-09-11 23:15:59.767000', '2025-09-11 23:15:59.615000', _binary 0x89fbaacd85a0427db314fe1aa29cd9ff, _binary 0x81863efdb21f4530b02c700239aad5ab, 'Add 1.000.000 ₫ to wallet', 'NCB', NULL, NULL, '15165517'),
	(140000, 1, 0, '2025-08-24 20:45:54.319000', '2025-08-24 20:45:54.319000', '2025-08-24 20:45:54.317000', _binary 0xacac4a60946d4ecda4e59621a8ffff69, _binary 0xb69ddf33473d4eac985cf922d7d36d84, 'Payment for room post: CHO THUÊ NHÀ TRỌ ĐƯỜNG TRẦN ĐẠI NGHĨA HÒA HẢI ĐÀ NẴNG', 'Ants Wallet', NULL, NULL, '43196580'),
	(220000, 1, 0, '2025-09-04 13:26:50.920000', '2025-09-04 13:26:50.920000', '2025-09-04 13:26:50.919000', _binary 0xad1af465b8b94f4da6aca619f2a5ad4c, _binary 0xb69ddf33473d4eac985cf922d7d36d84, 'Extend room post: Cho thuê phòng trọ mới xây đẹp, có các nội thất cơ bản', 'Ants Wallet', NULL, NULL, '09196580'),
	(300000, 1, 0, '2025-09-10 09:43:48.231000', '2025-09-10 09:43:48.231000', '2025-09-10 09:43:48.185000', _binary 0xba7ca78a6ed84407a7e0e9679657bd58, _binary 0xb69ddf33473d4eac985cf922d7d36d84, 'Extend room post: Cho thuê căn hộ Studio / Phòng trọ sát sân bay Đà Nẵng', 'Ants Wallet', NULL, NULL, '81866580'),
	(320000, 1, 0, '2025-09-04 13:26:57.777000', '2025-09-04 13:26:57.777000', '2025-09-04 13:26:57.777000', _binary 0xcb0778d6e35d4ac08fe69b64cb88985d, _binary 0xb69ddf33473d4eac985cf922d7d36d84, 'Extend room post: Cho thuê phòng trọ tại Hồ Xuân Hương, Ngũ Hành Sơn, Đà Nẵng, giá ưu đãi chỉ với 2,3 triệu VND', 'Ants Wallet', NULL, NULL, '77776580'),
	(400000, 1, 0, '2025-09-11 22:37:47.227000', '2025-09-11 22:37:47.227000', '2025-09-11 22:37:47.223000', _binary 0xd2a8a180bdbf457cbcb690480e07992e, _binary 0x8ce4b4db5cfb47c4abc2fc767424cd5a, 'Payment for room post: 672/5 trần cao vân cho thuê 2 phòng trọ gác lửng', 'Ants Wallet', NULL, NULL, '72258123'),
	(190000, 1, 0, '2025-09-11 22:23:29.102000', '2025-09-11 22:23:29.102000', '2025-09-11 22:23:29.102000', _binary 0xd69d65ba90fc4b349c4013e44a98897b, _binary 0xcc3a31db049c43819b9a22faa222802e, 'Extend room post: Phòng trọ ông Nhân quận Ngũ Hành Sơn Đà Nẵng p1', 'Ants Wallet', NULL, NULL, '91022334'),
	(50000, 1, 1, '2025-09-19 11:04:07.569000', '2025-09-19 11:04:07.569000', '2025-09-19 11:04:07.126000', _binary 0xdb684e255c6e449e83d14742e14c8378, _binary 0x81863efdb21f4530b02c700239aad5ab, 'Add 50.000 ₫ to wallet', 'NCB', NULL, NULL, '15173611'),
	(22000, 1, 1, '2025-08-26 10:57:09.924000', '2025-08-26 10:57:09.924000', '2025-08-26 10:57:09.598000', _binary 0xdbafab0a35c246e7901b535f0fa0eef8, _binary 0xb69ddf33473d4eac985cf922d7d36d84, 'Add 22.000 ₫ to wallet', 'NCB', NULL, NULL, '15148950'),
	(400000, 1, 0, '2025-09-11 22:23:08.052000', '2025-09-11 22:23:08.052000', '2025-09-11 22:23:08.051000', _binary 0xdc2eeb1e48364b70a25ad7e22a3d769a, _binary 0xcc3a31db049c43819b9a22faa222802e, 'Extend room post: CHO THUÊ PHÒNG CÓ CỬA SỔ CÂY XANH RẤT ĐẸP NGAY ĐẦU CẦU RỒNG GIÁ 3 TRIỆU', 'Ants Wallet', NULL, NULL, '80512334'),
	(160000, 1, 0, '2025-09-18 10:40:05.847000', '2025-09-18 10:40:05.847000', '2025-09-18 10:40:05.834000', _binary 0xdfd6cef809f74995aa41ed8268958199, _binary 0x81863efdb21f4530b02c700239aad5ab, 'Payment for room post: Cho thuê phòng 35m2 đầy đủ tiện nghi, giá 5.5tr/tháng - Ưu tiên cho sinh viên thuê chỉ 5tr/tháng', 'Ants Wallet', NULL, NULL, '58416727'),
	(240000, 1, 0, '2025-08-24 20:43:30.050000', '2025-08-24 20:43:30.050000', '2025-08-24 20:43:30.049000', _binary 0xe4f313e27cff4c7da7c01314dacf3a97, _binary 0xcc3a31db049c43819b9a22faa222802e, 'Payment for room post: CHO THUÊ PHÒNG CÓ CỬA SỔ CÂY XANH RẤT ĐẸP NGAY ĐẦU CẦU RỒNG GIÁ 3 TRIỆU', 'Ants Wallet', NULL, NULL, '00492334'),
	(380000, 1, 0, '2025-09-10 09:44:25.557000', '2025-09-10 09:44:25.557000', '2025-09-10 09:44:25.556000', _binary 0xf50abec8eae9403da6c372fdf6d88b86, _binary 0xb69ddf33473d4eac985cf922d7d36d84, 'Extend room post: Cho thuê nhà trọ giá bình dân, khu vực an ninh và tiện ích', 'Ants Wallet', NULL, NULL, '55566580'),
	(200000, 1, 0, '2025-09-11 22:23:22.680000', '2025-09-11 22:23:22.680000', '2025-09-11 22:23:22.680000', _binary 0xf853a4f724624460975562da2cc119f4, _binary 0xcc3a31db049c43819b9a22faa222802e, 'Extend room post: Phòng trọ ông Nhân quận Ngũ Hành Sơn Đà Nẵng p2', 'Ants Wallet', NULL, NULL, '26802334'),
	(10000, 1, 1, '2025-08-26 10:21:13.455000', '2025-08-26 10:21:13.455000', '2025-08-26 10:21:13.039000', _binary 0xffa8a722ba31401780a695c70c80ec9f, _binary 0xb69ddf33473d4eac985cf922d7d36d84, 'Add 10.000 ₫ to wallet', 'NCB', NULL, NULL, '15148879');

-- Đang kết xuất đổ cấu trúc cho bảng ants.users
CREATE TABLE IF NOT EXISTS `users` (
  `is_active` int NOT NULL DEFAULT '0',
  `createddate` datetime(6) DEFAULT NULL,
  `modifieddate` datetime(6) DEFAULT NULL,
  `resetpasswordcodecreationtime` datetime(6) DEFAULT NULL,
  `id` binary(16) NOT NULL,
  `profile_id` binary(16) DEFAULT NULL,
  `wallet_id` binary(16) DEFAULT NULL,
  `createby` varchar(255) DEFAULT NULL,
  `modifiedby` varchar(255) DEFAULT NULL,
  `password` varchar(255) DEFAULT NULL,
  `resetpasswordcode` varchar(255) DEFAULT NULL,
  `username` varchar(255) NOT NULL,
  PRIMARY KEY (`id`),
  UNIQUE KEY `UKr43af9ap4edm43mmtq01oddj6` (`username`),
  UNIQUE KEY `UK7s5nlreekaxdbfml4ofky7utw` (`profile_id`),
  UNIQUE KEY `UK1vggin5xlv1ptduwmtp1rm16` (`wallet_id`),
  CONSTRAINT `FK9ni9y01cgm4kt2lp4d8smxm45` FOREIGN KEY (`profile_id`) REFERENCES `user_profiles` (`id`),
  CONSTRAINT `FKcf6cgic6n7ek155uj81npsbcm` FOREIGN KEY (`wallet_id`) REFERENCES `wallets` (`id`)
) ENGINE=InnoDB DEFAULT CHARSET=utf8mb4 COLLATE=utf8mb4_0900_ai_ci;

-- Đang kết xuất đổ dữ liệu cho bảng ants.users: ~16 rows (xấp xỉ)
INSERT INTO `users` (`is_active`, `createddate`, `modifieddate`, `resetpasswordcodecreationtime`, `id`, `profile_id`, `wallet_id`, `createby`, `modifiedby`, `password`, `resetpasswordcode`, `username`) VALUES
	(0, '2025-09-11 15:09:09.021000', '2025-09-11 15:09:09.021000', NULL, _binary 0x067d5173b7dc4b569d32bc7cd6eeba0c, _binary 0xbc771e5791b1452996e003e4d8ffc932, NULL, NULL, NULL, '$2a$10$2DhpVhJ2xIxOdb9Q84kNN.544JP79rshezDOXiyURrPNAYhWdM4VG', NULL, 'vanb'),
	(0, '2025-04-01 19:59:07.000000', '2025-08-29 23:33:20.649000', NULL, _binary 0x0b2c48dcc3694effaef3719edac27f53, _binary 0x2164fe9c84a34b759b95cc83b91a5095, _binary 0xcc3a31db049c43819b9a22faa222802e, NULL, NULL, '$2a$10$JC6icafxYOwlxbbwFS/nLu7T72XElz/waiUt1jUFGKNdQ.O5JkRaS', NULL, 'nhan'),
	(0, '2025-09-10 14:08:37.219000', '2025-09-10 14:08:37.219000', NULL, _binary 0x1c755ec7d91d47f3998ebf2f8c059b82, _binary 0x82c10bba573a45a2be990857864f25d7, NULL, NULL, NULL, '$2a$10$P6bO17eDR6a8n1MERRmnNeMDOVBtAkwQN7VuMNxeBV4usYjnS24Ia', NULL, 'anhduc'),
	(0, '2025-08-26 11:03:49.176000', '2025-08-26 11:25:30.016000', NULL, _binary 0x34249389e8e649e48d5369d1f5ac6208, _binary 0x8dead7f6ceec4cb395c5698559457813, NULL, NULL, NULL, '$2a$10$LKSBB.1fedkKxXkpT14JluIg3snILzW1deNnJdchToTMw8T06TlkK', NULL, 'trung'),
	(0, '2025-08-24 20:53:48.909000', '2025-08-25 20:32:58.881000', '2025-08-25 20:32:58.876866', _binary 0x3c2cef1872c04eb4899e6ba3e486fc0b, _binary 0xc615f4e3971b4dc791dd7d530d204bd9, _binary 0xc1d7b5f4fd6044c0b90fd574c1a48e26, NULL, NULL, '$2a$10$hghGV.rl0BKVHIdcPAh2w.sIczbWzdeJRPFjb0JlCMhncnsTepohG', '509150', 'vanteo'),
	(0, '2025-08-24 21:07:33.366000', '2025-09-19 20:24:38.870000', NULL, _binary 0x464ee3a744814965a4ce5c410d55c388, _binary 0xcc077848aa3943a7a48c1cae6919d940, NULL, NULL, NULL, NULL, NULL, 'phamphunhanpham8@gmail.com'),
	(0, '2025-07-26 09:14:28.000000', '2025-09-02 11:01:39.420000', NULL, _binary 0x498dfb4d7bcc43779d0a32a40a7f2301, _binary 0x8ed7f426388c4672ad4b651f4b45f454, NULL, NULL, NULL, NULL, NULL, 'khoinv.0105@gmail.com'),
	(0, '2025-07-26 09:35:21.609000', '2025-09-11 23:15:59.774000', NULL, _binary 0x72413dec80c54b79996f460d1eb55f62, _binary 0x62582927a9e545c09c6458f48fa69e66, _binary 0x81863efdb21f4530b02c700239aad5ab, NULL, NULL, '$2a$10$s4KcxjPn3720Pb8xUu8E8eF94J9pSKJaRxuwFWrMJVLYGVdoYeC96', NULL, 'Tony'),
	(0, '2025-08-24 19:43:09.284000', '2025-09-02 11:17:55.770000', NULL, _binary 0x77a75777df0349a284e91ab369049ad0, _binary 0xcc555a7531384480a4102c0bbeaac699, NULL, NULL, NULL, '$2a$10$gETuBJedxyTEKTvgASqN4.rSrn3m4qyGAUedBfTp.y./uGuiFy9YS', NULL, 'vana'),
	(0, '2025-05-22 21:35:05.000000', '2025-09-02 11:47:37.731000', NULL, _binary 0x854bede3e086421eb1f9971719513e60, _binary 0x6e10e7ac2dd34854b00b9a70b4fec9d3, NULL, NULL, NULL, NULL, NULL, 'trungvh.21it@vku.udn.vn'),
	(0, '2025-08-24 19:41:03.308000', '2025-08-24 19:41:03.308000', NULL, _binary 0x8ef8b916a3324b4b8965a97c68f2270c, _binary 0x70f0127fdef5433cb9e9880b0b1b8a21, NULL, NULL, NULL, '$2a$10$WLgjzQ/uCbouAD.WB3hhr.KAzDsSdLJ1emSWOxgFtLiA05uKrJtb6', NULL, 'admin'),
	(0, '2025-09-11 22:28:32.363000', '2025-09-11 22:29:30.433000', NULL, _binary 0xcfc399cbdbd64a168fed4938a6c9d3a1, _binary 0xb0f46fa030364c2fad5c1d11075e2d68, _binary 0x8ce4b4db5cfb47c4abc2fc767424cd5a, NULL, NULL, '$2a$10$lugXD9T3Q7h2ilZs58oRHOA1v2ln8JSwtf9ZAKVwaKk/WMJ1aNCKa', NULL, 'nhanlandlord'),
	(0, '2025-08-26 09:59:59.705000', '2025-09-11 22:26:04.463000', NULL, _binary 0xd01ea88b43954bcdaf52c4d90cc33e91, _binary 0x107f76cbf2d94997a445db41b427a793, NULL, NULL, NULL, '$2a$10$LiAMpsSLoKhk9JtjXFR/u.Rbuq1Dqrp8GmQs/wEHrQ/id5mapelb6', NULL, 'nhan12163'),
	(0, '2025-04-01 11:08:12.000000', '2025-09-02 11:17:48.120000', NULL, _binary 0xf56609ab7e644e639012ea6c6bf433b1, _binary 0xe14e561b3b6c406da24bb353836a7716, NULL, NULL, NULL, '$2a$10$BTEeYiAUcnv9loZEHSufzO/8H1YbwMd8yy3uRYwp4rgY7n5ZqWNHq', NULL, 'htrung'),
	(0, '2025-04-24 19:40:29.019000', '2025-08-24 20:03:55.931000', NULL, _binary 0xf765f65b19904b32a1e6a798b5da27c3, _binary 0x4b444a0b3cc042af86a8a8b8f70454f6, _binary 0xb69ddf33473d4eac985cf922d7d36d84, NULL, NULL, '$2a$10$0moIZI.xBEzxabypWKSYW.o0RZHJc.49BfS95gLWEvNVy7.JvZ/E2', NULL, 'khoi'),
	(0, '2025-09-18 10:17:22.074000', '2025-09-18 10:17:22.074000', NULL, _binary 0xf91364655a6e4504929e6736f454721c, _binary 0x647a2e5b255b494cb3713f676bc2e78c, NULL, NULL, NULL, '$2a$10$.X/q39bMlSvBo.Y6MNQZb.2uQOa9HATbSZw4KCVyu6qksJQblV.Ya', NULL, 'duc');

-- Đang kết xuất đổ cấu trúc cho bảng ants.user_profiles
CREATE TABLE IF NOT EXISTS `user_profiles` (
  `search_latitude` double DEFAULT NULL,
  `search_longitude` double DEFAULT NULL,
  `createddate` datetime(6) DEFAULT NULL,
  `modifieddate` datetime(6) DEFAULT NULL,
  `address_id` binary(16) DEFAULT NULL,
  `id` binary(16) NOT NULL,
  `search_address` varchar(500) DEFAULT NULL,
  `account_holder_name` varchar(255) DEFAULT NULL,
  `avatar` varchar(255) DEFAULT NULL,
  `bank_name` varchar(255) DEFAULT NULL,
  `bank_number` varchar(255) DEFAULT NULL,
  `bin_code` varchar(255) DEFAULT NULL,
  `createby` varchar(255) DEFAULT NULL,
  `email` varchar(255) DEFAULT NULL,
  `full_name` varchar(255) DEFAULT NULL,
  `modifiedby` varchar(255) DEFAULT NULL,
  `phone_number` varchar(255) DEFAULT NULL,
  `email_notifications` bit(1) NOT NULL,
  PRIMARY KEY (`id`),
  UNIQUE KEY `UK5381qhygxlg1knl130akws2js` (`address_id`),
  UNIQUE KEY `UKdqltqkaw58m11jbov0udx8xqg` (`email`),
  UNIQUE KEY `UKmynugghte22mpww9q1cpdn2ev` (`phone_number`),
  CONSTRAINT `FK9oj8v15tbl1lcqy9gw42wciq1` FOREIGN KEY (`address_id`) REFERENCES `addresses` (`id`)
) ENGINE=InnoDB DEFAULT CHARSET=utf8mb4 COLLATE=utf8mb4_0900_ai_ci;

-- Đang kết xuất đổ dữ liệu cho bảng ants.user_profiles: ~16 rows (xấp xỉ)
INSERT INTO `user_profiles` (`search_latitude`, `search_longitude`, `createddate`, `modifieddate`, `address_id`, `id`, `search_address`, `account_holder_name`, `avatar`, `bank_name`, `bank_number`, `bin_code`, `createby`, `email`, `full_name`, `modifiedby`, `phone_number`, `email_notifications`) VALUES
	(NULL, NULL, '2025-08-26 09:59:59.708000', '2025-08-26 09:59:59.708000', NULL, _binary 0x107f76cbf2d94997a445db41b427a793, NULL, NULL, NULL, NULL, NULL, NULL, NULL, 'phamphunhan625@gmail.com', 'pp nhan', NULL, NULL, b'0'),
	(NULL, NULL, '2025-08-24 19:59:07.869000', '2025-09-17 11:17:01.652000', _binary 0x4d6c120de0fa4d3393120df9e0d14291, _binary 0x2164fe9c84a34b759b95cc83b91a5095, NULL, 'Phạm Phú Nhân', '/dmvvs0ags/image/upload/v1758082619/p95lentn90ivmwoi6f2b.jpg', 'MBBank', '0967522025', '970422', NULL, 'nhanpp@imail.edu.vn', 'Phạm Phú Nhân', NULL, '0388953628', b'0'),
	(15.9743855, 108.2514503, '2025-08-24 19:40:29.041000', '2025-09-08 16:05:05.201000', NULL, _binary 0x4b444a0b3cc042af86a8a8b8f70454f6, 'Thư viện Việt hàn, 136 Đường Trần Đại Nghĩa, Điện Ngọc, Ngũ Hành Sơn, Đà Nẵng', 'NGUYEN VIET KHOI', NULL, 'MBBank', '0364268003', '970422', NULL, 'khoinguyen010503@gmail.com', 'Nguyen Viet Khoi', NULL, NULL, b'0'),
	(15.9994148, 108.2473678, '2025-08-26 09:35:21.623000', '2025-09-18 16:58:59.023000', _binary 0xd47b0bfe298d4a1caf74d585d039ae5d, _binary 0x62582927a9e545c09c6458f48fa69e66, 'Quảng Ngãi, Hòa Quý, Ngũ Hành Sơn, Đà Nẵng', 'lazytony', NULL, 'Vietcombank', '1024888303', '970436', NULL, 'vht@gmail.com', 'Huynh Trung', NULL, '0393949299', b'0'),
	(NULL, NULL, '2025-09-18 10:17:22.103000', '2025-09-18 10:17:22.103000', NULL, _binary 0x647a2e5b255b494cb3713f676bc2e78c, NULL, NULL, NULL, NULL, NULL, NULL, NULL, 'dinhduc120102@gmail.com', 'duc', NULL, NULL, b'0'),
	(NULL, NULL, '2025-08-24 21:35:05.500000', '2025-09-02 12:26:27.796000', _binary 0xbb0a9e231c3b489885c214ac060d1d43, _binary 0x6e10e7ac2dd34854b00b9a70b4fec9d3, 'Phường Hải Châu, Quận Hải Châu, Thành phố Đà Nẵng', NULL, '/dmvvs0ags/image/upload/v1756046105/google_avatar16803532148927153613_aukb5n.jpg', NULL, NULL, NULL, NULL, 'trungvh.21it@vku.udn.vn', 'VÕ HUỲNH TRUNG', NULL, NULL, b'0'),
	(NULL, NULL, '2025-08-24 19:41:03.308000', '2025-08-24 19:41:03.308000', NULL, _binary 0x70f0127fdef5433cb9e9880b0b1b8a21, NULL, NULL, NULL, NULL, NULL, NULL, NULL, 'admin@gmail.com', 'ADMIN', NULL, NULL, b'0'),
	(NULL, NULL, '2025-09-10 14:08:37.226000', '2025-09-10 15:56:24.621000', _binary 0x1fcf67e6d3ea44998e0cf07e92dba4e2, _binary 0x82c10bba573a45a2be990857864f25d7, NULL, NULL, '/dmvvs0ags/image/upload/v1757494582/s0dgitfx8knhwqzacg5u.jpg', NULL, NULL, NULL, NULL, 'ducdh.21it@vku.udn.vn', 'dinh duc', NULL, '0977464237', b'0'),
	(15.986558, 108.2674092, '2025-08-26 11:03:49.178000', '2025-09-18 10:06:53.357000', _binary 0xd8cc5157576d4ab78314dd7c056a4f9c, _binary 0x8dead7f6ceec4cb395c5698559457813, 'Phường Hoà Hải, Quận Ngũ Hành Sơn, Thành phố Đà Nẵng', NULL, '/dmvvs0ags/image/upload/v1758080502/gefqvhngka1y0wdi2fog.jpg', NULL, NULL, NULL, NULL, 'vohuynhtrung03@gmail.com', 'vo huynh trung', NULL, '0977455555', b'0'),
	(NULL, NULL, '2025-08-26 09:14:28.245000', '2025-08-26 09:14:28.245000', NULL, _binary 0x8ed7f426388c4672ad4b651f4b45f454, NULL, NULL, '/dmvvs0ags/image/upload/v1756174467/google_avatar9951683908047072877_c67ae0.jpg', NULL, NULL, NULL, NULL, 'khoinv.0105@gmail.com', 'NGUYỄN VIẾT KHÔI', NULL, NULL, b'0'),
	(NULL, NULL, '2025-09-11 22:28:32.370000', '2025-09-11 22:30:38.302000', _binary 0x8a0af4a9f58e40318937056b7699d9b5, _binary 0xb0f46fa030364c2fad5c1d11075e2d68, NULL, 'PHAM PHU NHAN', NULL, 'MBBank', '0967522025', '970422', NULL, 'nhan@gmail.com', 'Nhan LandLord', NULL, '0987223554', b'0'),
	(15.9743855, 108.2514503, '2025-09-11 15:09:09.031000', '2025-09-16 09:12:08.703000', NULL, _binary 0xbc771e5791b1452996e003e4d8ffc932, 'Thư viện Việt hàn, 136 Đường Trần Đại Nghĩa, Điện Ngọc, Ngũ Hành Sơn, Đà Nẵng', NULL, NULL, NULL, NULL, NULL, NULL, 'nvb@gmail.com', 'NGUYỄN VĂN B', NULL, NULL, b'0'),
	(16.08059723485234, 108.21558839386405, '2025-08-24 20:53:48.910000', '2025-08-27 10:45:09.037000', _binary 0xd943481dc641489da55881140ac52c5c, _binary 0xc615f4e3971b4dc791dd7d530d204bd9, 'Phường Thanh Bình, Quận Hải Châu, Thành phố Đà Nẵng', 'Phạm Phú Nhân', NULL, 'MBBank', '0967522025', '970422', NULL, 'teo@gmail.com', 'Phạm Văn Tèo', NULL, '0938112994', b'0'),
	(15.980413815000077, 108.24959776700007, '2025-08-24 21:07:33.366000', '2025-09-19 20:28:09.251000', NULL, _binary 0xcc077848aa3943a7a48c1cae6919d940, '80 Nguyễn Thức Tự, Hòa Hải, Ngũ Hành Sơn, Đà Nẵng', NULL, '/dmvvs0ags/image/upload/v1756044454/google_avatar16609464032690033514_apnxey.png', NULL, NULL, NULL, NULL, 'phamphunhanpham8@gmail.com', 'Nhân Phạm Phú', NULL, NULL, b'1'),
	(15.9997673, 108.2463048, '2025-08-24 19:43:09.285000', '2025-09-19 20:56:45.011000', NULL, _binary 0xcc555a7531384480a4102c0bbeaac699, 'Lớp dạy vẽ Maruko, Hoà Quý, Ngũ Hành Sơn, Đà Nẵng', NULL, NULL, NULL, NULL, NULL, NULL, 'eng.99plus@gmail.com', 'Nguyen Van A', NULL, NULL, b'1'),
	(NULL, NULL, '2025-08-26 11:08:12.366000', '2025-08-30 16:54:19.697000', NULL, _binary 0xe14e561b3b6c406da24bb353836a7716, NULL, NULL, '/dmvvs0ags/image/upload/v1756547658/ml4pxcb96wnlquft5www.jpg', NULL, NULL, NULL, NULL, 'vohuynhtrung1703@gmail.com', 'trung vo ', NULL, '0347002025', b'0');

-- Đang kết xuất đổ cấu trúc cho bảng ants.user_roles
CREATE TABLE IF NOT EXISTS `user_roles` (
  `role_id` binary(16) NOT NULL,
  `user_id` binary(16) NOT NULL,
  KEY `FKh8ciramu9cc9q3qcqiv4ue8a6` (`role_id`),
  KEY `FKhfh9dx7w3ubf1co1vdev94g3f` (`user_id`),
  CONSTRAINT `FKh8ciramu9cc9q3qcqiv4ue8a6` FOREIGN KEY (`role_id`) REFERENCES `roles` (`id`),
  CONSTRAINT `FKhfh9dx7w3ubf1co1vdev94g3f` FOREIGN KEY (`user_id`) REFERENCES `users` (`id`)
) ENGINE=InnoDB DEFAULT CHARSET=utf8mb4 COLLATE=utf8mb4_0900_ai_ci;

-- Đang kết xuất đổ dữ liệu cho bảng ants.user_roles: ~16 rows (xấp xỉ)
INSERT INTO `user_roles` (`role_id`, `user_id`) VALUES
	(_binary 0xd4db2cb46f6711f08622b42e993f445f, _binary 0xf765f65b19904b32a1e6a798b5da27c3),
	(_binary 0xcc5569866f6711f08622b42e993f445f, _binary 0x8ef8b916a3324b4b8965a97c68f2270c),
	(_binary 0xd4db2cb46f6711f08622b42e993f445f, _binary 0x0b2c48dcc3694effaef3719edac27f53),
	(_binary 0xd4db2cb46f6711f08622b42e993f445f, _binary 0x3c2cef1872c04eb4899e6ba3e486fc0b),
	(_binary 0xe017ed446f6711f08622b42e993f445f, _binary 0x34249389e8e649e48d5369d1f5ac6208),
	(_binary 0xd4db2cb46f6711f08622b42e993f445f, _binary 0x498dfb4d7bcc43779d0a32a40a7f2301),
	(_binary 0xd4db2cb46f6711f08622b42e993f445f, _binary 0x72413dec80c54b79996f460d1eb55f62),
	(_binary 0xe017ed446f6711f08622b42e993f445f, _binary 0xf56609ab7e644e639012ea6c6bf433b1),
	(_binary 0xe017ed446f6711f08622b42e993f445f, _binary 0x77a75777df0349a284e91ab369049ad0),
	(_binary 0xd4db2cb46f6711f08622b42e993f445f, _binary 0x854bede3e086421eb1f9971719513e60),
	(_binary 0xe017ed446f6711f08622b42e993f445f, _binary 0x1c755ec7d91d47f3998ebf2f8c059b82),
	(_binary 0xe017ed446f6711f08622b42e993f445f, _binary 0x067d5173b7dc4b569d32bc7cd6eeba0c),
	(_binary 0xe017ed446f6711f08622b42e993f445f, _binary 0xd01ea88b43954bcdaf52c4d90cc33e91),
	(_binary 0xd4db2cb46f6711f08622b42e993f445f, _binary 0xcfc399cbdbd64a168fed4938a6c9d3a1),
	(_binary 0xe017ed446f6711f08622b42e993f445f, _binary 0xf91364655a6e4504929e6736f454721c),
	(_binary 0xe017ed446f6711f08622b42e993f445f, _binary 0x464ee3a744814965a4ce5c410d55c388);

-- Đang kết xuất đổ cấu trúc cho bảng ants.wallets
CREATE TABLE IF NOT EXISTS `wallets` (
  `balance` double NOT NULL,
  `createddate` datetime(6) DEFAULT NULL,
  `modifieddate` datetime(6) DEFAULT NULL,
  `id` binary(16) NOT NULL,
  `createby` varchar(255) DEFAULT NULL,
  `modifiedby` varchar(255) DEFAULT NULL,
  PRIMARY KEY (`id`)
) ENGINE=InnoDB DEFAULT CHARSET=utf8mb4 COLLATE=utf8mb4_0900_ai_ci;

-- Đang kết xuất đổ dữ liệu cho bảng ants.wallets: ~5 rows (xấp xỉ)
INSERT INTO `wallets` (`balance`, `createddate`, `modifieddate`, `id`, `createby`, `modifiedby`) VALUES
	(1430000, '2025-09-11 23:15:59.743000', '2025-09-19 11:04:07.629000', _binary 0x81863efdb21f4530b02c700239aad5ab, NULL, NULL),
	(10000, '2025-09-11 22:29:30.431000', '2025-09-11 22:40:23.922000', _binary 0x8ce4b4db5cfb47c4abc2fc767424cd5a, NULL, NULL),
	(93000, '2025-08-24 20:03:55.852000', '2025-09-18 09:31:00.830000', _binary 0xb69ddf33473d4eac985cf922d7d36d84, NULL, NULL),
	(1860000, '2025-08-24 20:57:19.800000', '2025-09-11 22:25:06.339000', _binary 0xc1d7b5f4fd6044c0b90fd574c1a48e26, NULL, NULL),
	(700000, '2025-08-24 20:03:09.478000', '2025-09-18 20:57:14.002000', _binary 0xcc3a31db049c43819b9a22faa222802e, NULL, NULL);

-- Đang kết xuất đổ cấu trúc cho bảng ants.wards
CREATE TABLE IF NOT EXISTS `wards` (
  `district_id` bigint DEFAULT NULL,
  `id` bigint NOT NULL AUTO_INCREMENT,
  `name` varchar(255) DEFAULT NULL,
  PRIMARY KEY (`id`),
  KEY `FKfjqt744bo800mb5uax74lav8k` (`district_id`),
  CONSTRAINT `FKfjqt744bo800mb5uax74lav8k` FOREIGN KEY (`district_id`) REFERENCES `districts` (`id`)
) ENGINE=InnoDB AUTO_INCREMENT=32249 DEFAULT CHARSET=utf8mb4 COLLATE=utf8mb4_0900_ai_ci;

-- Đang kết xuất đổ dữ liệu cho bảng ants.wards: ~9.795 rows (xấp xỉ)
INSERT INTO `wards` (`district_id`, `id`, `name`) VALUES
	(1, 1, 'Phường Phúc Xá'),
	(1, 4, 'Phường Trúc Bạch'),
	(1, 6, 'Phường Vĩnh Phúc'),
	(1, 7, 'Phường Cống Vị'),
	(1, 8, 'Phường Liễu Giai'),
	(1, 13, 'Phường Quán Thánh'),
	(1, 16, 'Phường Ngọc Hà'),
	(1, 19, 'Phường Điện Biên'),
	(1, 22, 'Phường Đội Cấn'),
	(1, 25, 'Phường Ngọc Khánh'),
	(1, 28, 'Phường Kim Mã'),
	(1, 31, 'Phường Giảng Võ'),
	(1, 34, 'Phường Thành Công'),
	(2, 37, 'Phường Phúc Tân'),
	(2, 40, 'Phường Đồng Xuân'),
	(2, 43, 'Phường Hàng Mã'),
	(2, 46, 'Phường Hàng Buồm'),
	(2, 49, 'Phường Hàng Đào'),
	(2, 52, 'Phường Hàng Bồ'),
	(2, 55, 'Phường Cửa Đông'),
	(2, 58, 'Phường Lý Thái Tổ'),
	(2, 61, 'Phường Hàng Bạc'),
	(2, 64, 'Phường Hàng Gai'),
	(2, 67, 'Phường Chương Dương'),
	(2, 70, 'Phường Hàng Trống'),
	(2, 73, 'Phường Cửa Nam'),
	(2, 76, 'Phường Hàng Bông'),
	(2, 79, 'Phường Tràng Tiền'),
	(2, 82, 'Phường Trần Hưng Đạo'),
	(2, 85, 'Phường Phan Chu Trinh'),
	(2, 88, 'Phường Hàng Bài'),
	(3, 91, 'Phường Phú Thượng'),
	(3, 94, 'Phường Nhật Tân'),
	(3, 97, 'Phường Tứ Liên'),
	(3, 100, 'Phường Quảng An'),
	(3, 103, 'Phường Xuân La'),
	(3, 106, 'Phường Yên Phụ'),
	(3, 109, 'Phường Bưởi'),
	(3, 112, 'Phường Thụy Khuê'),
	(4, 115, 'Phường Thượng Thanh'),
	(4, 118, 'Phường Ngọc Thụy'),
	(4, 121, 'Phường Giang Biên'),
	(4, 124, 'Phường Đức Giang'),
	(4, 127, 'Phường Việt Hưng'),
	(4, 130, 'Phường Gia Thụy'),
	(4, 133, 'Phường Ngọc Lâm'),
	(4, 136, 'Phường Phúc Lợi'),
	(4, 139, 'Phường Bồ Đề'),
	(4, 145, 'Phường Long Biên'),
	(4, 148, 'Phường Thạch Bàn'),
	(4, 151, 'Phường Phúc Đồng'),
	(4, 154, 'Phường Cự Khối'),
	(5, 157, 'Phường Nghĩa Đô'),
	(5, 160, 'Phường Nghĩa Tân'),
	(5, 163, 'Phường Mai Dịch'),
	(5, 166, 'Phường Dịch Vọng'),
	(5, 167, 'Phường Dịch Vọng Hậu'),
	(5, 169, 'Phường Quan Hoa'),
	(5, 172, 'Phường Yên Hoà'),
	(5, 175, 'Phường Trung Hoà'),
	(6, 178, 'Phường Cát Linh'),
	(6, 181, 'Phường Văn Miếu - Quốc Tử Giám'),
	(6, 187, 'Phường Láng Thượng'),
	(6, 190, 'Phường Ô Chợ Dừa'),
	(6, 193, 'Phường Văn Chương'),
	(6, 196, 'Phường Hàng Bột'),
	(6, 199, 'Phường Láng Hạ'),
	(6, 202, 'Phường Khâm Thiên'),
	(6, 205, 'Phường Thổ Quan'),
	(6, 208, 'Phường Nam Đồng'),
	(6, 214, 'Phường Quang Trung'),
	(6, 217, 'Phường Trung Liệt'),
	(6, 226, 'Phường Phương Liên - Trung Tự'),
	(6, 229, 'Phường Kim Liên'),
	(6, 232, 'Phường Phương Mai'),
	(6, 235, 'Phường Thịnh Quang'),
	(6, 238, 'Phường Khương Thượng'),
	(7, 241, 'Phường Nguyễn Du'),
	(7, 244, 'Phường Bạch Đằng'),
	(7, 247, 'Phường Phạm Đình Hổ'),
	(7, 256, 'Phường Lê Đại Hành'),
	(7, 259, 'Phường Đồng Nhân'),
	(7, 262, 'Phường Phố Huế'),
	(7, 268, 'Phường Thanh Lương'),
	(7, 271, 'Phường Thanh Nhàn'),
	(7, 277, 'Phường Bách Khoa'),
	(7, 280, 'Phường Đồng Tâm'),
	(7, 283, 'Phường Vĩnh Tuy'),
	(7, 289, 'Phường Quỳnh Mai'),
	(7, 292, 'Phường Bạch Mai'),
	(7, 295, 'Phường Minh Khai'),
	(7, 298, 'Phường Trương Định'),
	(8, 301, 'Phường Thanh Trì'),
	(8, 304, 'Phường Vĩnh Hưng'),
	(8, 307, 'Phường Định Công'),
	(8, 310, 'Phường Mai Động'),
	(8, 313, 'Phường Tương Mai'),
	(8, 316, 'Phường Đại Kim'),
	(8, 319, 'Phường Tân Mai'),
	(8, 322, 'Phường Hoàng Văn Thụ'),
	(8, 325, 'Phường Giáp Bát'),
	(8, 328, 'Phường Lĩnh Nam'),
	(8, 331, 'Phường Thịnh Liệt'),
	(8, 334, 'Phường Trần Phú'),
	(8, 337, 'Phường Hoàng Liệt'),
	(8, 340, 'Phường Yên Sở'),
	(9, 343, 'Phường Nhân Chính'),
	(9, 346, 'Phường Thượng Đình'),
	(9, 349, 'Phường Khương Trung'),
	(9, 352, 'Phường Khương Mai'),
	(9, 355, 'Phường Thanh Xuân Trung'),
	(9, 358, 'Phường Phương Liệt'),
	(9, 364, 'Phường Khương Đình'),
	(9, 367, 'Phường Thanh Xuân Bắc'),
	(9, 373, 'Phường Hạ Đình'),
	(16, 376, 'Thị trấn Sóc Sơn'),
	(16, 379, 'Xã Bắc Sơn'),
	(16, 382, 'Xã Minh Trí'),
	(16, 385, 'Xã Hồng Kỳ'),
	(16, 388, 'Xã Nam Sơn'),
	(16, 391, 'Xã Trung Giã'),
	(16, 394, 'Xã Tân Hưng'),
	(16, 397, 'Xã Minh Phú'),
	(16, 400, 'Xã Phù Linh'),
	(16, 403, 'Xã Bắc Phú'),
	(16, 406, 'Xã Tân Minh'),
	(16, 409, 'Xã Quang Tiến'),
	(16, 412, 'Xã Hiền Ninh'),
	(16, 415, 'Xã Tân Dân'),
	(16, 418, 'Xã Tiên Dược'),
	(16, 421, 'Xã Việt Long'),
	(16, 424, 'Xã Xuân Giang'),
	(16, 427, 'Xã Mai Đình'),
	(16, 430, 'Xã Đức Hoà'),
	(16, 433, 'Xã Thanh Xuân'),
	(16, 436, 'Xã Đông Xuân'),
	(16, 439, 'Xã Kim Lũ'),
	(16, 442, 'Xã Phú Cường'),
	(16, 445, 'Xã Phú Minh'),
	(16, 448, 'Xã Phù Lỗ'),
	(16, 451, 'Xã Xuân Thu'),
	(17, 454, 'Thị trấn Đông Anh'),
	(17, 457, 'Xã Xuân Nộn'),
	(17, 460, 'Xã Thuỵ Lâm'),
	(17, 463, 'Xã Bắc Hồng'),
	(17, 466, 'Xã Nguyên Khê'),
	(17, 469, 'Xã Nam Hồng'),
	(17, 472, 'Xã Tiên Dương'),
	(17, 475, 'Xã Vân Hà'),
	(17, 478, 'Xã Uy Nỗ'),
	(17, 481, 'Xã Vân Nội'),
	(17, 484, 'Xã Liên Hà'),
	(17, 487, 'Xã Việt Hùng'),
	(17, 490, 'Xã Kim Nỗ'),
	(17, 493, 'Xã Kim Chung'),
	(17, 496, 'Xã Dục Tú'),
	(17, 499, 'Xã Đại Mạch'),
	(17, 502, 'Xã Vĩnh Ngọc'),
	(17, 505, 'Xã Cổ Loa'),
	(17, 508, 'Xã Hải Bối'),
	(17, 511, 'Xã Xuân Canh'),
	(17, 514, 'Xã Võng La'),
	(17, 517, 'Xã Tàm Xá'),
	(17, 520, 'Xã Mai Lâm'),
	(17, 523, 'Xã Đông Hội'),
	(18, 526, 'Thị trấn Yên Viên'),
	(18, 529, 'Xã Yên Thường'),
	(18, 532, 'Xã Yên Viên'),
	(18, 535, 'Xã Ninh Hiệp'),
	(18, 541, 'Xã Thiên Đức'),
	(18, 544, 'Xã Phù Đổng'),
	(18, 550, 'Xã Lệ Chi'),
	(18, 553, 'Xã Cổ Bi'),
	(18, 556, 'Xã Đặng Xá'),
	(18, 562, 'Xã Phú Sơn'),
	(18, 565, 'Thị trấn Trâu Quỳ'),
	(18, 568, 'Xã Dương Quang'),
	(18, 571, 'Xã Dương Xá'),
	(18, 577, 'Xã Đa Tốn'),
	(18, 580, 'Xã Kiêu Kỵ'),
	(18, 583, 'Xã Bát Tràng'),
	(18, 589, 'Xã Kim Đức'),
	(19, 592, 'Phường Cầu Diễn'),
	(21, 595, 'Phường Thượng Cát'),
	(21, 598, 'Phường Liên Mạc'),
	(21, 601, 'Phường Đông Ngạc'),
	(21, 602, 'Phường Đức Thắng'),
	(21, 604, 'Phường Thụy Phương'),
	(21, 607, 'Phường Tây Tựu'),
	(21, 610, 'Phường Xuân Đỉnh'),
	(21, 611, 'Phường Xuân Tảo'),
	(21, 613, 'Phường Minh Khai'),
	(21, 616, 'Phường Cổ Nhuế 1'),
	(21, 617, 'Phường Cổ Nhuế 2'),
	(21, 619, 'Phường Phú Diễn'),
	(21, 620, 'Phường Phúc Diễn'),
	(19, 622, 'Phường Xuân Phương'),
	(19, 623, 'Phường Phương Canh'),
	(19, 625, 'Phường Mỹ Đình 1'),
	(19, 626, 'Phường Mỹ Đình 2'),
	(19, 628, 'Phường Tây Mỗ'),
	(19, 631, 'Phường Mễ Trì'),
	(19, 632, 'Phường Phú Đô'),
	(19, 634, 'Phường Đại Mỗ'),
	(19, 637, 'Phường Trung Văn'),
	(20, 640, 'Thị trấn Văn Điển'),
	(20, 643, 'Xã Tân Triều'),
	(20, 646, 'Xã Thanh Liệt'),
	(20, 649, 'Xã Tả Thanh Oai'),
	(20, 652, 'Xã Hữu Hoà'),
	(20, 655, 'Xã Tam Hiệp'),
	(20, 658, 'Xã Tứ Hiệp'),
	(20, 661, 'Xã Yên Mỹ'),
	(20, 664, 'Xã Vĩnh Quỳnh'),
	(20, 667, 'Xã Ngũ Hiệp'),
	(20, 670, 'Xã Duyên Hà'),
	(20, 673, 'Xã Ngọc Hồi'),
	(20, 676, 'Xã Vạn Phúc'),
	(20, 679, 'Xã Đại áng'),
	(20, 682, 'Xã Liên Ninh'),
	(20, 685, 'Xã Đông Mỹ'),
	(24, 688, 'Phường Quang Trung'),
	(24, 691, 'Phường Trần Phú'),
	(24, 692, 'Phường Ngọc Hà'),
	(24, 694, 'Phường Nguyễn Trãi'),
	(24, 697, 'Phường Minh Khai'),
	(24, 700, 'Xã Ngọc Đường'),
	(30, 703, 'Xã Kim Thạch'),
	(30, 706, 'Xã Phú Linh'),
	(30, 709, 'Xã Kim Linh'),
	(26, 712, 'Thị trấn Phó Bảng'),
	(26, 715, 'Xã Lũng Cú'),
	(26, 718, 'Xã Má Lé'),
	(26, 721, 'Thị trấn Đồng Văn'),
	(26, 724, 'Xã Lũng Táo'),
	(26, 727, 'Xã Phố Là'),
	(26, 730, 'Xã Thài Phìn Tủng'),
	(26, 733, 'Xã Sủng Là'),
	(26, 736, 'Xã Xà Phìn'),
	(26, 739, 'Xã Tả Phìn'),
	(26, 742, 'Xã Tả Lủng'),
	(26, 745, 'Xã Phố Cáo'),
	(26, 748, 'Xã Sính Lủng'),
	(26, 751, 'Xã Sảng Tủng'),
	(26, 754, 'Xã Lũng Thầu'),
	(26, 757, 'Xã Hố Quáng Phìn'),
	(26, 760, 'Xã Vần Chải'),
	(26, 763, 'Xã Lũng Phìn'),
	(26, 766, 'Xã Sủng Trái'),
	(27, 769, 'Thị trấn Mèo Vạc'),
	(27, 772, 'Xã Thượng Phùng'),
	(27, 775, 'Xã Pải Lủng'),
	(27, 778, 'Xã Xín Cái'),
	(27, 781, 'Xã Pả Vi'),
	(27, 784, 'Xã Giàng Chu Phìn'),
	(27, 787, 'Xã Sủng Trà'),
	(27, 790, 'Xã Sủng Máng'),
	(27, 793, 'Xã Sơn Vĩ'),
	(27, 796, 'Xã Tả Lủng'),
	(27, 799, 'Xã Cán Chu Phìn'),
	(27, 802, 'Xã Lũng Pù'),
	(27, 805, 'Xã Lũng Chinh'),
	(27, 808, 'Xã Tát Ngà'),
	(27, 811, 'Xã Nậm Ban'),
	(27, 814, 'Xã Khâu Vai'),
	(27, 815, 'Xã Niêm Tòng'),
	(27, 817, 'Xã Niêm Sơn'),
	(28, 820, 'Thị trấn Yên Minh'),
	(28, 823, 'Xã Thắng Mố'),
	(28, 826, 'Xã Phú Lũng'),
	(28, 829, 'Xã Sủng Tráng'),
	(28, 832, 'Xã Bạch Đích'),
	(28, 835, 'Xã Na Khê'),
	(28, 838, 'Xã Sủng Thài'),
	(28, 841, 'Xã Hữu Vinh'),
	(28, 844, 'Xã Lao Và Chải'),
	(28, 847, 'Xã Mậu Duệ'),
	(28, 850, 'Xã Đông Minh'),
	(28, 853, 'Xã Mậu Long'),
	(28, 856, 'Xã Ngam La'),
	(28, 859, 'Xã Ngọc Long'),
	(28, 862, 'Xã Đường Thượng'),
	(28, 865, 'Xã Lũng Hồ'),
	(28, 868, 'Xã Du Tiến'),
	(28, 871, 'Xã Du Già'),
	(29, 874, 'Thị trấn Tam Sơn'),
	(29, 877, 'Xã Bát Đại Sơn'),
	(29, 880, 'Xã Nghĩa Thuận'),
	(29, 883, 'Xã Cán Tỷ'),
	(29, 886, 'Xã Cao Mã Pờ'),
	(29, 889, 'Xã Thanh Vân'),
	(29, 892, 'Xã Tùng Vài'),
	(29, 895, 'Xã Đông Hà'),
	(29, 898, 'Xã Quản Bạ'),
	(29, 901, 'Xã Lùng Tám'),
	(29, 904, 'Xã Quyết Tiến'),
	(29, 907, 'Xã Tả Ván'),
	(29, 910, 'Xã Thái An'),
	(30, 913, 'Thị trấn Vị Xuyên'),
	(30, 916, 'Thị trấn Nông Trường Việt Lâm'),
	(30, 919, 'Xã Minh Tân'),
	(30, 922, 'Xã Thuận Hoà'),
	(30, 925, 'Xã Tùng Bá'),
	(30, 928, 'Xã Thanh Thủy'),
	(30, 931, 'Xã Thanh Đức'),
	(30, 934, 'Xã Phong Quang'),
	(30, 937, 'Xã Xín Chải'),
	(30, 940, 'Xã Phương Tiến'),
	(30, 943, 'Xã Lao Chải'),
	(24, 946, 'Xã Phương Độ'),
	(24, 949, 'Xã Phương Thiện'),
	(30, 952, 'Xã Cao Bồ'),
	(30, 955, 'Xã Đạo Đức'),
	(30, 958, 'Xã Thượng Sơn'),
	(30, 961, 'Xã Linh Hồ'),
	(30, 964, 'Xã Quảng Ngần'),
	(30, 967, 'Xã Việt Lâm'),
	(30, 970, 'Xã Ngọc Linh'),
	(30, 973, 'Xã Ngọc Minh'),
	(30, 976, 'Xã Bạch Ngọc'),
	(30, 979, 'Xã Trung Thành'),
	(31, 982, 'Xã Minh Sơn'),
	(31, 985, 'Xã Giáp Trung'),
	(31, 988, 'Xã Yên Định'),
	(31, 991, 'Thị trấn Yên Phú'),
	(31, 994, 'Xã Minh Ngọc'),
	(31, 997, 'Xã Yên Phong'),
	(31, 1000, 'Xã Lạc Nông'),
	(31, 1003, 'Xã Phú Nam'),
	(31, 1006, 'Xã Yên Cường'),
	(31, 1009, 'Xã Thượng Tân'),
	(31, 1012, 'Xã Đường Âm'),
	(31, 1015, 'Xã Đường Hồng'),
	(31, 1018, 'Xã Phiêng Luông'),
	(32, 1021, 'Thị trấn Vinh Quang'),
	(32, 1024, 'Xã Bản Máy'),
	(32, 1027, 'Xã Thàng Tín'),
	(32, 1030, 'Xã Thèn Chu Phìn'),
	(32, 1033, 'Xã Pố Lồ'),
	(32, 1036, 'Xã Bản Phùng'),
	(32, 1039, 'Xã Túng Sán'),
	(32, 1042, 'Xã Chiến Phố'),
	(32, 1045, 'Xã Đản Ván'),
	(32, 1048, 'Xã Tụ Nhân'),
	(32, 1051, 'Xã Tân Tiến'),
	(32, 1054, 'Xã Nàng Đôn'),
	(32, 1057, 'Xã Pờ Ly Ngài'),
	(32, 1060, 'Xã Sán Xả Hồ'),
	(32, 1063, 'Xã Bản Luốc'),
	(32, 1066, 'Xã Ngàm Đăng Vài'),
	(32, 1069, 'Xã Bản Nhùng'),
	(32, 1072, 'Xã Tả Sử Choóng'),
	(32, 1075, 'Xã Nậm Dịch'),
	(32, 1081, 'Xã Hồ Thầu'),
	(32, 1084, 'Xã Nam Sơn'),
	(32, 1087, 'Xã Nậm Tỵ'),
	(32, 1090, 'Xã Thông Nguyên'),
	(32, 1093, 'Xã Nậm Khòa'),
	(33, 1096, 'Thị trấn Cốc Pài'),
	(33, 1099, 'Xã Nàn Xỉn'),
	(33, 1102, 'Xã Bản Díu'),
	(33, 1105, 'Xã Chí Cà'),
	(33, 1108, 'Xã Xín Mần'),
	(33, 1114, 'Xã Thèn Phàng'),
	(33, 1117, 'Xã Trung Thịnh'),
	(33, 1120, 'Xã Pà Vầy Sủ'),
	(33, 1123, 'Xã Cốc Rế'),
	(33, 1126, 'Xã Thu Tà'),
	(33, 1129, 'Xã Nàn Ma'),
	(33, 1132, 'Xã Tả Nhìu'),
	(33, 1135, 'Xã Bản Ngò'),
	(33, 1138, 'Xã Chế Là'),
	(33, 1141, 'Xã Nấm Dẩn'),
	(33, 1144, 'Xã Quảng Nguyên'),
	(33, 1147, 'Xã Nà Chì'),
	(33, 1150, 'Xã Khuôn Lùng'),
	(34, 1153, 'Thị trấn Việt Quang'),
	(34, 1156, 'Thị trấn Vĩnh Tuy'),
	(34, 1159, 'Xã Tân Lập'),
	(34, 1162, 'Xã Tân Thành'),
	(34, 1165, 'Xã Đồng Tiến'),
	(34, 1168, 'Xã Đồng Tâm'),
	(34, 1171, 'Xã Tân Quang'),
	(34, 1174, 'Xã Thượng Bình'),
	(34, 1177, 'Xã Hữu Sản'),
	(34, 1180, 'Xã Kim Ngọc'),
	(34, 1183, 'Xã Việt Vinh'),
	(34, 1186, 'Xã Bằng Hành'),
	(34, 1189, 'Xã Quang Minh'),
	(34, 1192, 'Xã Liên Hiệp'),
	(34, 1195, 'Xã Vô Điếm'),
	(34, 1198, 'Xã Việt Hồng'),
	(34, 1201, 'Xã Hùng An'),
	(34, 1204, 'Xã Đức Xuân'),
	(34, 1207, 'Xã Tiên Kiều'),
	(34, 1210, 'Xã Vĩnh Hảo'),
	(34, 1213, 'Xã Vĩnh Phúc'),
	(34, 1216, 'Xã Đồng Yên'),
	(34, 1219, 'Xã Đông Thành'),
	(35, 1222, 'Xã Xuân Minh'),
	(35, 1225, 'Xã Tiên Nguyên'),
	(35, 1228, 'Xã Tân Nam'),
	(35, 1231, 'Xã Bản Rịa'),
	(35, 1234, 'Xã Yên Thành'),
	(35, 1237, 'Thị trấn Yên Bình'),
	(35, 1240, 'Xã Tân Trịnh'),
	(35, 1243, 'Xã Tân Bắc'),
	(35, 1246, 'Xã Bằng Lang'),
	(35, 1249, 'Xã Yên Hà'),
	(35, 1252, 'Xã Hương Sơn'),
	(35, 1255, 'Xã Xuân Giang'),
	(35, 1258, 'Xã Nà Khương'),
	(35, 1261, 'Xã Tiên Yên'),
	(35, 1264, 'Xã Vĩ Thượng'),
	(40, 1267, 'Phường Sông Hiến'),
	(40, 1270, 'Phường Sông Bằng'),
	(40, 1273, 'Phường Hợp Giang'),
	(40, 1276, 'Phường Tân Giang'),
	(40, 1279, 'Phường Ngọc Xuân'),
	(40, 1282, 'Phường Đề Thám'),
	(40, 1285, 'Phường Hoà Chung'),
	(40, 1288, 'Phường Duyệt Trung'),
	(42, 1290, 'Thị trấn Pác Miầu'),
	(42, 1291, 'Xã Đức Hạnh'),
	(42, 1294, 'Xã Lý Bôn'),
	(42, 1296, 'Xã Nam Cao'),
	(42, 1297, 'Xã Nam Quang'),
	(42, 1300, 'Xã Vĩnh Quang'),
	(42, 1303, 'Xã Quảng Lâm'),
	(42, 1304, 'Xã Thạch Lâm'),
	(42, 1309, 'Xã Vĩnh Phong'),
	(42, 1312, 'Xã Mông Ân'),
	(42, 1315, 'Xã Thái Học'),
	(42, 1316, 'Xã Thái Sơn'),
	(42, 1318, 'Xã Yên Thổ'),
	(43, 1321, 'Thị trấn Bảo Lạc'),
	(43, 1324, 'Xã Cốc Pàng'),
	(43, 1327, 'Xã Thượng Hà'),
	(43, 1330, 'Xã Cô Ba'),
	(43, 1333, 'Xã Bảo Toàn'),
	(43, 1336, 'Xã Khánh Xuân'),
	(43, 1339, 'Xã Xuân Trường'),
	(43, 1342, 'Xã Hồng Trị'),
	(43, 1343, 'Xã Kim Cúc'),
	(43, 1345, 'Xã Phan Thanh'),
	(43, 1348, 'Xã Hồng An'),
	(43, 1351, 'Xã Hưng Đạo'),
	(43, 1352, 'Xã Hưng Thịnh'),
	(43, 1354, 'Xã Huy Giáp'),
	(43, 1357, 'Xã Đình Phùng'),
	(43, 1359, 'Xã Sơn Lập'),
	(43, 1360, 'Xã Sơn Lộ'),
	(45, 1363, 'Thị trấn Thông Nông'),
	(45, 1366, 'Xã Cần Yên'),
	(45, 1367, 'Xã Cần Nông'),
	(45, 1372, 'Xã Lương Thông'),
	(45, 1375, 'Xã Đa Thông'),
	(45, 1378, 'Xã Ngọc Động'),
	(45, 1381, 'Xã Yên Sơn'),
	(45, 1384, 'Xã Lương Can'),
	(45, 1387, 'Xã Thanh Long'),
	(45, 1392, 'Thị trấn Xuân Hòa'),
	(45, 1393, 'Xã Lũng Nặm'),
	(45, 1399, 'Xã Trường Hà'),
	(45, 1402, 'Xã Cải Viên'),
	(45, 1411, 'Xã Nội Thôn'),
	(45, 1414, 'Xã Tổng Cọt'),
	(45, 1417, 'Xã Sóc Hà'),
	(45, 1420, 'Xã Thượng Thôn'),
	(45, 1429, 'Xã Hồng Sỹ'),
	(45, 1432, 'Xã Quý Quân'),
	(45, 1435, 'Xã Mã Ba'),
	(45, 1438, 'Xã Ngọc Đào'),
	(47, 1447, 'Thị trấn Trà Lĩnh'),
	(47, 1453, 'Xã Tri Phương'),
	(47, 1456, 'Xã Quang Hán'),
	(47, 1462, 'Xã Xuân Nội'),
	(47, 1465, 'Xã Quang Trung'),
	(47, 1468, 'Xã Quang Vinh'),
	(47, 1471, 'Xã Cao Chương'),
	(49, 1474, 'Xã Quốc Toản'),
	(47, 1477, 'Thị trấn Trùng Khánh'),
	(47, 1480, 'Xã Ngọc Khê'),
	(47, 1481, 'Xã Ngọc Côn'),
	(47, 1483, 'Xã Phong Nậm'),
	(47, 1489, 'Xã Đình Phong'),
	(47, 1495, 'Xã Đàm Thuỷ'),
	(47, 1498, 'Xã Khâm Thành'),
	(47, 1501, 'Xã Chí Viễn'),
	(47, 1504, 'Xã Lăng Hiếu'),
	(47, 1507, 'Xã Phong Châu'),
	(47, 1516, 'Xã Trung Phúc'),
	(47, 1519, 'Xã Cao Thăng'),
	(47, 1522, 'Xã Đức Hồng'),
	(47, 1525, 'Xã Đoài Dương'),
	(48, 1534, 'Xã Minh Long'),
	(48, 1537, 'Xã Lý Quốc'),
	(48, 1540, 'Xã Thắng Lợi'),
	(48, 1543, 'Xã Đồng Loan'),
	(48, 1546, 'Xã Đức Quang'),
	(48, 1549, 'Xã Kim Loan'),
	(48, 1552, 'Xã Quang Long'),
	(48, 1555, 'Xã An Lạc'),
	(48, 1558, 'Thị trấn Thanh Nhật'),
	(48, 1561, 'Xã Vinh Quý'),
	(48, 1564, 'Xã Thống Nhất'),
	(48, 1567, 'Xã Cô Ngân'),
	(48, 1573, 'Xã Thị Hoa'),
	(49, 1576, 'Thị trấn Quảng Uyên'),
	(49, 1579, 'Xã Phi Hải'),
	(49, 1582, 'Xã Quảng Hưng'),
	(49, 1594, 'Xã Độc Lập'),
	(49, 1597, 'Xã Cai Bộ'),
	(49, 1603, 'Xã Phúc Sen'),
	(49, 1606, 'Xã Chí Thảo'),
	(49, 1609, 'Xã Tự Do'),
	(49, 1615, 'Xã Hồng Quang'),
	(49, 1618, 'Xã Ngọc Động'),
	(49, 1624, 'Xã Hạnh Phúc'),
	(49, 1627, 'Thị trấn Tà Lùng'),
	(49, 1630, 'Xã Bế Văn Đàn'),
	(49, 1636, 'Xã Cách Linh'),
	(49, 1639, 'Xã Đại Sơn'),
	(49, 1645, 'Xã Tiên Thành'),
	(49, 1648, 'Thị trấn Hoà Thuận'),
	(49, 1651, 'Xã Mỹ Hưng'),
	(51, 1654, 'Thị trấn Nước Hai'),
	(51, 1657, 'Xã Dân Chủ'),
	(51, 1660, 'Xã Nam Tuấn'),
	(51, 1666, 'Xã Đại Tiến'),
	(51, 1669, 'Xã Đức Long'),
	(51, 1672, 'Xã Ngũ Lão'),
	(51, 1675, 'Xã Trương Lương'),
	(51, 1687, 'Xã Hồng Việt'),
	(40, 1693, 'Xã Vĩnh Quang'),
	(51, 1696, 'Xã Hoàng Tung'),
	(51, 1699, 'Xã Nguyễn Huệ'),
	(51, 1702, 'Xã Quang Trung'),
	(40, 1705, 'Xã Hưng Đạo'),
	(51, 1708, 'Xã Bạch Đằng'),
	(51, 1711, 'Xã Bình Dương'),
	(51, 1714, 'Xã Lê Chung'),
	(40, 1720, 'Xã Chu Trinh'),
	(51, 1723, 'Xã Hồng Nam'),
	(52, 1726, 'Thị trấn Nguyên Bình'),
	(52, 1729, 'Thị trấn Tĩnh Túc'),
	(52, 1732, 'Xã Yên Lạc'),
	(52, 1735, 'Xã Triệu Nguyên'),
	(52, 1738, 'Xã Ca Thành'),
	(52, 1744, 'Xã Vũ Nông'),
	(52, 1747, 'Xã Minh Tâm'),
	(52, 1750, 'Xã Thể Dục'),
	(52, 1756, 'Xã Mai Long'),
	(52, 1762, 'Xã Vũ Minh'),
	(52, 1765, 'Xã Hoa Thám'),
	(52, 1768, 'Xã Phan Thanh'),
	(52, 1771, 'Xã Quang Thành'),
	(52, 1774, 'Xã Tam Kim'),
	(52, 1777, 'Xã Thành Công'),
	(52, 1780, 'Xã Thịnh Vượng'),
	(52, 1783, 'Xã Hưng Đạo'),
	(53, 1786, 'Thị trấn Đông Khê'),
	(53, 1789, 'Xã Canh Tân'),
	(53, 1792, 'Xã Kim Đồng'),
	(53, 1795, 'Xã Minh Khai'),
	(53, 1801, 'Xã Đức Thông'),
	(53, 1804, 'Xã Thái Cường'),
	(53, 1807, 'Xã Vân Trình'),
	(53, 1810, 'Xã Thụy Hùng'),
	(53, 1813, 'Xã Quang Trọng'),
	(53, 1816, 'Xã Trọng Con'),
	(53, 1819, 'Xã Lê Lai'),
	(53, 1822, 'Xã Đức Long'),
	(53, 1828, 'Xã Lê Lợi'),
	(53, 1831, 'Xã Đức Xuân'),
	(58, 1834, 'Phường Nguyễn Thị Minh Khai'),
	(58, 1837, 'Phường Sông Cầu'),
	(58, 1840, 'Phường Đức Xuân'),
	(58, 1843, 'Phường Phùng Chí Kiên'),
	(58, 1846, 'Phường Huyền Tụng'),
	(58, 1849, 'Xã Dương Quang'),
	(58, 1852, 'Xã Nông Thượng'),
	(58, 1855, 'Phường Xuất Hóa'),
	(60, 1858, 'Xã Bằng Thành'),
	(60, 1861, 'Xã Nhạn Môn'),
	(60, 1864, 'Xã Bộc Bố'),
	(60, 1867, 'Xã Công Bằng'),
	(60, 1870, 'Xã Giáo Hiệu'),
	(60, 1873, 'Xã Xuân La'),
	(60, 1876, 'Xã An Thắng'),
	(60, 1879, 'Xã Cổ Linh'),
	(60, 1882, 'Xã Nghiên Loan'),
	(60, 1885, 'Xã Cao Tân'),
	(61, 1888, 'Thị trấn Chợ Rã'),
	(61, 1891, 'Xã Bành Trạch'),
	(61, 1894, 'Xã Phúc Lộc'),
	(61, 1897, 'Xã Hà Hiệu'),
	(61, 1900, 'Xã Cao Thượng'),
	(61, 1906, 'Xã Khang Ninh'),
	(61, 1909, 'Xã Nam Mẫu'),
	(61, 1912, 'Xã Thượng Giáo'),
	(61, 1915, 'Xã Địa Linh'),
	(61, 1918, 'Xã Yến Dương'),
	(61, 1921, 'Xã Chu Hương'),
	(61, 1924, 'Xã Quảng Khê'),
	(61, 1927, 'Xã Mỹ Phương'),
	(61, 1930, 'Xã Hoàng Trĩ'),
	(61, 1933, 'Xã Đồng Phúc'),
	(62, 1936, 'Thị trấn Nà Phặc'),
	(62, 1939, 'Xã Thượng Ân'),
	(62, 1942, 'Xã Bằng Vân'),
	(62, 1945, 'Xã Cốc Đán'),
	(62, 1948, 'Xã Trung Hoà'),
	(62, 1951, 'Xã Đức Vân'),
	(62, 1954, 'Thị trấn Vân Tùng'),
	(62, 1957, 'Xã Thượng Quan'),
	(62, 1960, 'Xã Hiệp Lực'),
	(62, 1963, 'Xã Thuần Mang'),
	(63, 1969, 'Thị trấn Phủ Thông'),
	(63, 1975, 'Xã Vi Hương'),
	(63, 1978, 'Xã Sĩ Bình'),
	(63, 1981, 'Xã Vũ Muộn'),
	(63, 1984, 'Xã Đôn Phong'),
	(63, 1990, 'Xã Lục Bình'),
	(63, 1993, 'Xã Tân Tú'),
	(63, 1999, 'Xã Nguyên Phúc'),
	(63, 2002, 'Xã Cao Sơn'),
	(63, 2005, 'Xã Quân Hà'),
	(63, 2008, 'Xã Cẩm Giàng'),
	(63, 2011, 'Xã Mỹ Thanh'),
	(63, 2014, 'Xã Dương Phong'),
	(63, 2017, 'Xã Quang Thuận'),
	(64, 2020, 'Thị trấn Bằng Lũng'),
	(64, 2023, 'Xã Xuân Lạc'),
	(64, 2026, 'Xã Nam Cường'),
	(64, 2029, 'Xã Đồng Lạc'),
	(64, 2032, 'Xã Tân Lập'),
	(64, 2035, 'Xã Bản Thi'),
	(64, 2038, 'Xã Quảng Bạch'),
	(64, 2041, 'Xã Bằng Phúc'),
	(64, 2044, 'Xã Yên Thịnh'),
	(64, 2047, 'Xã Yên Thượng'),
	(64, 2050, 'Xã Phương Viên'),
	(64, 2053, 'Xã Ngọc Phái'),
	(64, 2059, 'Xã Đồng Thắng'),
	(64, 2062, 'Xã Lương Bằng'),
	(64, 2065, 'Xã Bằng Lãng'),
	(64, 2068, 'Xã Đại Sảo'),
	(64, 2071, 'Xã Nghĩa Tá'),
	(64, 2077, 'Xã Yên Mỹ'),
	(64, 2080, 'Xã Bình Trung'),
	(64, 2083, 'Xã Yên Phong'),
	(65, 2086, 'Thị trấn Đồng Tâm'),
	(65, 2089, 'Xã Tân Sơn'),
	(65, 2092, 'Xã Thanh Vận'),
	(65, 2095, 'Xã Mai Lạp'),
	(65, 2098, 'Xã Hoà Mục'),
	(65, 2101, 'Xã Thanh Mai'),
	(65, 2104, 'Xã Cao Kỳ'),
	(65, 2107, 'Xã Nông Hạ'),
	(65, 2110, 'Xã Yên Cư'),
	(65, 2113, 'Xã Thanh Thịnh'),
	(65, 2116, 'Xã Yên Hân'),
	(65, 2122, 'Xã Như Cố'),
	(65, 2125, 'Xã Bình Văn'),
	(65, 2131, 'Xã Quảng Chu'),
	(66, 2137, 'Xã Văn Vũ'),
	(66, 2140, 'Xã Văn Lang'),
	(66, 2143, 'Xã Lương Thượng'),
	(66, 2146, 'Xã Kim Hỷ'),
	(66, 2152, 'Xã Cường Lợi'),
	(66, 2155, 'Thị trấn Yến Lạc'),
	(66, 2158, 'Xã Kim Lư'),
	(66, 2161, 'Xã Sơn Thành'),
	(66, 2170, 'Xã Văn Minh'),
	(66, 2173, 'Xã Côn Minh'),
	(66, 2176, 'Xã Cư Lễ'),
	(66, 2179, 'Xã Trần Phú'),
	(66, 2185, 'Xã Quang Phong'),
	(66, 2188, 'Xã Dương Sơn'),
	(66, 2191, 'Xã Xuân Dương'),
	(66, 2194, 'Xã Đổng Xá'),
	(66, 2197, 'Xã Liêm Thuỷ'),
	(70, 2200, 'Phường Phan Thiết'),
	(70, 2203, 'Phường Minh Xuân'),
	(70, 2206, 'Phường Tân Quang'),
	(70, 2209, 'Xã Tràng Đà'),
	(70, 2212, 'Phường Nông Tiến'),
	(70, 2215, 'Phường Ỷ La'),
	(70, 2216, 'Phường Tân Hà'),
	(70, 2218, 'Phường Hưng Thành'),
	(72, 2221, 'Thị trấn Na Hang'),
	(72, 2227, 'Xã Sinh Long'),
	(72, 2230, 'Xã Thượng Giáp'),
	(71, 2233, 'Xã Phúc Yên'),
	(72, 2239, 'Xã Thượng Nông'),
	(71, 2242, 'Xã Xuân Lập'),
	(72, 2245, 'Xã Côn Lôn'),
	(72, 2248, 'Xã Yên Hoa'),
	(71, 2251, 'Xã Khuôn Hà'),
	(72, 2254, 'Xã Hồng Thái'),
	(72, 2260, 'Xã Đà Vị'),
	(72, 2263, 'Xã Khau Tinh'),
	(71, 2266, 'Thị trấn Lăng Can'),
	(71, 2269, 'Xã Thượng Lâm'),
	(72, 2275, 'Xã Sơn Phú'),
	(72, 2281, 'Xã Năng Khả'),
	(72, 2284, 'Xã Thanh Tương'),
	(73, 2287, 'Thị trấn Vĩnh Lộc'),
	(71, 2290, 'Xã Bình An'),
	(71, 2293, 'Xã Hồng Quang'),
	(71, 2296, 'Xã Thổ Bình'),
	(71, 2299, 'Xã Phúc Sơn'),
	(71, 2302, 'Xã Minh Quang'),
	(73, 2305, 'Xã Trung Hà'),
	(73, 2308, 'Xã Tân Mỹ'),
	(73, 2311, 'Xã Hà Lang'),
	(73, 2314, 'Xã Hùng Mỹ'),
	(73, 2317, 'Xã Yên Lập'),
	(73, 2320, 'Xã Tân An'),
	(73, 2323, 'Xã Bình Phú'),
	(73, 2326, 'Xã Xuân Quang'),
	(73, 2329, 'Xã Ngọc Hội'),
	(73, 2332, 'Xã Phú Bình'),
	(73, 2335, 'Xã Hòa Phú'),
	(73, 2338, 'Xã Phúc Thịnh'),
	(73, 2341, 'Xã Kiên Đài'),
	(73, 2344, 'Xã Tân Thịnh'),
	(73, 2347, 'Xã Trung Hòa'),
	(73, 2350, 'Xã Kim Bình'),
	(73, 2353, 'Xã Hòa An'),
	(73, 2356, 'Xã Vinh Quang'),
	(73, 2359, 'Xã Tri Phú'),
	(73, 2362, 'Xã Nhân Lý'),
	(73, 2365, 'Xã Yên Nguyên'),
	(73, 2368, 'Xã Linh Phú'),
	(73, 2371, 'Xã Bình Nhân'),
	(74, 2374, 'Thị trấn Tân Yên'),
	(74, 2377, 'Xã Yên Thuận'),
	(74, 2380, 'Xã Bạch Xa'),
	(74, 2383, 'Xã Minh Khương'),
	(74, 2386, 'Xã Yên Lâm'),
	(74, 2389, 'Xã Minh Dân'),
	(74, 2392, 'Xã Phù Lưu'),
	(74, 2395, 'Xã Minh Hương'),
	(74, 2398, 'Xã Yên Phú'),
	(74, 2401, 'Xã Tân Thành'),
	(74, 2404, 'Xã Bình Xa'),
	(74, 2407, 'Xã Thái Sơn'),
	(74, 2410, 'Xã Nhân Mục'),
	(74, 2413, 'Xã Thành Long'),
	(74, 2416, 'Xã Bằng Cốc'),
	(74, 2419, 'Xã Thái Hòa'),
	(74, 2422, 'Xã Đức Ninh'),
	(74, 2425, 'Xã Hùng Đức'),
	(75, 2431, 'Xã Quí Quân'),
	(75, 2434, 'Xã Lực Hành'),
	(75, 2437, 'Xã Kiến Thiết'),
	(75, 2440, 'Xã Trung Minh'),
	(75, 2443, 'Xã Chiêu Yên'),
	(75, 2446, 'Xã Trung Trực'),
	(75, 2449, 'Xã Xuân Vân'),
	(75, 2452, 'Xã Phúc Ninh'),
	(75, 2455, 'Xã Hùng Lợi'),
	(75, 2458, 'Xã Trung Sơn'),
	(75, 2461, 'Xã Tân Tiến'),
	(75, 2464, 'Xã Tứ Quận'),
	(75, 2467, 'Xã Đạo Viện'),
	(75, 2470, 'Xã Tân Long'),
	(75, 2473, 'Thị trấn Yên Sơn'),
	(75, 2476, 'Xã Kim Quan'),
	(75, 2479, 'Xã Lang Quán'),
	(75, 2482, 'Xã Phú Thịnh'),
	(75, 2485, 'Xã Công Đa'),
	(75, 2488, 'Xã Trung Môn'),
	(75, 2491, 'Xã Chân Sơn'),
	(75, 2494, 'Xã Thái Bình'),
	(70, 2497, 'Xã Kim Phú'),
	(75, 2500, 'Xã Tiến Bộ'),
	(70, 2503, 'Xã An Khang'),
	(75, 2506, 'Xã Mỹ Bằng'),
	(70, 2509, 'Phường Mỹ Lâm'),
	(70, 2512, 'Phường An Tường'),
	(70, 2515, 'Xã Lưỡng Vượng'),
	(75, 2518, 'Xã Hoàng Khai'),
	(70, 2521, 'Xã Thái Long'),
	(70, 2524, 'Phường Đội Cấn'),
	(75, 2527, 'Xã Nhữ Hán'),
	(75, 2530, 'Xã Nhữ Khê'),
	(75, 2533, 'Xã Đội Bình'),
	(76, 2536, 'Thị trấn Sơn Dương'),
	(76, 2539, 'Xã Trung Yên'),
	(76, 2542, 'Xã Minh Thanh'),
	(76, 2545, 'Xã Tân Trào'),
	(76, 2548, 'Xã Vĩnh Lợi'),
	(76, 2551, 'Xã Thượng Ấm'),
	(76, 2554, 'Xã Bình Yên'),
	(76, 2557, 'Xã Lương Thiện'),
	(76, 2560, 'Xã Tú Thịnh'),
	(76, 2563, 'Xã Cấp Tiến'),
	(76, 2566, 'Xã Hợp Thành'),
	(76, 2569, 'Xã Phúc Ứng'),
	(76, 2572, 'Xã Đông Thọ'),
	(76, 2575, 'Xã Kháng Nhật'),
	(76, 2578, 'Xã Hợp Hòa'),
	(76, 2584, 'Xã Quyết Thắng'),
	(76, 2587, 'Xã Đồng Quý'),
	(76, 2590, 'Xã Tân Thanh'),
	(76, 2596, 'Xã Văn Phú'),
	(76, 2599, 'Xã Chi Thiết'),
	(76, 2602, 'Xã Đông Lợi'),
	(76, 2605, 'Xã Thiện Kế'),
	(76, 2608, 'Xã Hồng Sơn'),
	(76, 2611, 'Xã Phú Lương'),
	(76, 2614, 'Xã Ninh Lai'),
	(76, 2617, 'Xã Đại Phú'),
	(76, 2620, 'Xã Sơn Nam'),
	(76, 2623, 'Xã Hào Phú'),
	(76, 2626, 'Xã Tam Đa'),
	(76, 2632, 'Xã Trường Sinh'),
	(80, 2635, 'Phường Duyên Hải'),
	(80, 2641, 'Phường Lào Cai'),
	(80, 2644, 'Phường Cốc Lếu'),
	(80, 2647, 'Phường Kim Tân'),
	(80, 2650, 'Phường Bắc Lệnh'),
	(80, 2653, 'Phường Pom Hán'),
	(80, 2656, 'Phường Xuân Tăng'),
	(80, 2658, 'Phường Bình Minh'),
	(80, 2659, 'Xã Thống Nhất'),
	(80, 2662, 'Xã Đồng Tuyển'),
	(80, 2665, 'Xã Vạn Hoà'),
	(80, 2668, 'Phường Bắc Cường'),
	(80, 2671, 'Phường Nam Cường'),
	(80, 2674, 'Xã Cam Đường'),
	(80, 2677, 'Xã Tả Phời'),
	(80, 2680, 'Xã Hợp Thành'),
	(82, 2683, 'Thị trấn Bát Xát'),
	(82, 2686, 'Xã A Mú Sung'),
	(82, 2689, 'Xã Nậm Chạc'),
	(82, 2692, 'Xã A Lù'),
	(82, 2695, 'Xã Trịnh Tường'),
	(82, 2701, 'Xã Y Tý'),
	(82, 2704, 'Xã Cốc Mỳ'),
	(82, 2707, 'Xã Dền Sáng'),
	(82, 2710, 'Xã Bản Vược'),
	(82, 2713, 'Xã Sàng Ma Sáo'),
	(82, 2716, 'Xã Bản Qua'),
	(82, 2719, 'Xã Mường Vi'),
	(82, 2722, 'Xã Dền Thàng'),
	(82, 2725, 'Xã Bản Xèo'),
	(82, 2728, 'Xã Mường Hum'),
	(82, 2731, 'Xã Trung Lèng Hồ'),
	(82, 2734, 'Xã Quang Kim'),
	(82, 2737, 'Xã Pa Cheo'),
	(82, 2740, 'Xã Nậm Pung'),
	(82, 2743, 'Xã Phìn Ngan'),
	(80, 2746, 'Xã Cốc San'),
	(82, 2749, 'Xã Tòng Sành'),
	(83, 2752, 'Xã Pha Long'),
	(83, 2755, 'Xã Tả Ngải Chồ'),
	(83, 2758, 'Xã Tung Chung Phố'),
	(83, 2761, 'Thị trấn Mường Khương'),
	(83, 2764, 'Xã Dìn Chin'),
	(83, 2767, 'Xã Tả Gia Khâu'),
	(83, 2770, 'Xã Nậm Chảy'),
	(83, 2773, 'Xã Nấm Lư'),
	(83, 2776, 'Xã Lùng Khấu Nhin'),
	(83, 2779, 'Xã Thanh Bình'),
	(83, 2782, 'Xã Cao Sơn'),
	(83, 2785, 'Xã Lùng Vai'),
	(83, 2788, 'Xã Bản Lầu'),
	(83, 2791, 'Xã La Pan Tẩn'),
	(83, 2794, 'Xã Tả Thàng'),
	(83, 2797, 'Xã Bản Sen'),
	(84, 2800, 'Xã Nàn Sán'),
	(84, 2803, 'Xã Thào Chư Phìn'),
	(84, 2806, 'Xã Bản Mế'),
	(84, 2809, 'Thị trấn Si Ma Cai'),
	(84, 2812, 'Xã Sán Chải'),
	(84, 2818, 'Xã Lùng Thẩn'),
	(84, 2821, 'Xã Cán Cấu'),
	(84, 2824, 'Xã Sín Chéng'),
	(84, 2827, 'Xã Quan Hồ Thẩn'),
	(84, 2836, 'Xã Nàn Xín'),
	(85, 2839, 'Thị trấn Bắc Hà'),
	(85, 2842, 'Xã Lùng Cải'),
	(85, 2848, 'Xã Lùng Phình'),
	(85, 2851, 'Xã Tả Van Chư'),
	(85, 2854, 'Xã Tả Củ Tỷ'),
	(85, 2857, 'Xã Thải Giàng Phố'),
	(85, 2863, 'Xã Hoàng Thu Phố'),
	(85, 2866, 'Xã Bản Phố'),
	(85, 2869, 'Xã Bản Liền'),
	(85, 2875, 'Xã Na Hối'),
	(85, 2878, 'Xã Cốc Ly'),
	(85, 2881, 'Xã Nậm Mòn'),
	(85, 2884, 'Xã Nậm Đét'),
	(85, 2887, 'Xã Nậm Khánh'),
	(85, 2890, 'Xã Bảo Nhai'),
	(85, 2893, 'Xã Nậm Lúc'),
	(85, 2896, 'Xã Cốc Lầu'),
	(85, 2899, 'Xã Bản Cái'),
	(86, 2902, 'Thị trấn N.T Phong Hải'),
	(86, 2905, 'Thị trấn Phố Lu'),
	(86, 2908, 'Thị trấn Tằng Loỏng'),
	(86, 2911, 'Xã Bản Phiệt'),
	(86, 2914, 'Xã Bản Cầm'),
	(86, 2917, 'Xã Thái Niên'),
	(86, 2920, 'Xã Phong Niên'),
	(86, 2923, 'Xã Gia Phú'),
	(86, 2926, 'Xã Xuân Quang'),
	(86, 2929, 'Xã Sơn Hải'),
	(86, 2932, 'Xã Xuân Giao'),
	(86, 2935, 'Xã Trì Quang'),
	(86, 2938, 'Xã Sơn Hà'),
	(86, 2944, 'Xã Phú Nhuận'),
	(87, 2947, 'Thị trấn Phố Ràng'),
	(87, 2950, 'Xã Tân Tiến'),
	(87, 2953, 'Xã Nghĩa Đô'),
	(87, 2956, 'Xã Vĩnh Yên'),
	(87, 2959, 'Xã Điện Quan'),
	(87, 2962, 'Xã Xuân Hoà'),
	(87, 2965, 'Xã Tân Dương'),
	(87, 2968, 'Xã Thượng Hà'),
	(87, 2971, 'Xã Kim Sơn'),
	(87, 2974, 'Xã Cam Cọn'),
	(87, 2977, 'Xã Minh Tân'),
	(87, 2980, 'Xã Xuân Thượng'),
	(87, 2983, 'Xã Việt Tiến'),
	(87, 2986, 'Xã Yên Sơn'),
	(87, 2989, 'Xã Bảo Hà'),
	(87, 2992, 'Xã Lương Sơn'),
	(87, 2998, 'Xã Phúc Khánh'),
	(88, 3001, 'Phường Sa Pa'),
	(88, 3002, 'Phường Sa Pả'),
	(88, 3003, 'Phường Ô Quý Hồ'),
	(88, 3004, 'Xã Ngũ Chỉ Sơn'),
	(88, 3006, 'Phường Phan Si Păng'),
	(88, 3010, 'Xã Trung Chải'),
	(88, 3013, 'Xã Tả Phìn'),
	(88, 3016, 'Phường Hàm Rồng'),
	(88, 3019, 'Xã Hoàng Liên'),
	(88, 3022, 'Xã Thanh Bình'),
	(88, 3028, 'Phường Cầu Mây'),
	(88, 3037, 'Xã Mường Hoa'),
	(88, 3040, 'Xã Tả Van'),
	(88, 3043, 'Xã Mường Bo'),
	(88, 3046, 'Xã Bản Hồ'),
	(88, 3052, 'Xã Liên Minh'),
	(89, 3055, 'Thị trấn Khánh Yên'),
	(89, 3061, 'Xã Võ Lao'),
	(89, 3064, 'Xã Sơn Thuỷ'),
	(89, 3067, 'Xã Nậm Mả'),
	(89, 3070, 'Xã Tân Thượng'),
	(89, 3073, 'Xã Nậm Rạng'),
	(89, 3076, 'Xã Nậm Chầy'),
	(89, 3079, 'Xã Tân An'),
	(89, 3082, 'Xã Khánh Yên Thượng'),
	(89, 3085, 'Xã Nậm Xé'),
	(89, 3088, 'Xã Dần Thàng'),
	(89, 3091, 'Xã Chiềng Ken'),
	(89, 3094, 'Xã Làng Giàng'),
	(89, 3097, 'Xã Hoà Mạc'),
	(89, 3100, 'Xã Khánh Yên Trung'),
	(89, 3103, 'Xã Khánh Yên Hạ'),
	(89, 3106, 'Xã Dương Quỳ'),
	(89, 3109, 'Xã Nậm Tha'),
	(89, 3112, 'Xã Minh Lương'),
	(89, 3115, 'Xã Thẩm Dương'),
	(89, 3118, 'Xã Liêm Phú'),
	(89, 3121, 'Xã Nậm Xây'),
	(94, 3124, 'Phường Noong Bua'),
	(94, 3127, 'Phường Him Lam'),
	(94, 3130, 'Phường Thanh Bình'),
	(94, 3133, 'Phường Tân Thanh'),
	(94, 3136, 'Phường Mường Thanh'),
	(94, 3139, 'Phường Nam Thanh'),
	(94, 3142, 'Phường Thanh Trường'),
	(94, 3145, 'Xã Thanh Minh'),
	(95, 3148, 'Phường Sông Đà'),
	(95, 3151, 'Phường Na Lay'),
	(96, 3154, 'Xã Sín Thầu'),
	(96, 3155, 'Xã Sen Thượng'),
	(103, 3156, 'Xã Nậm Tin'),
	(96, 3157, 'Xã Chung Chải'),
	(96, 3158, 'Xã Leng Su Sìn'),
	(96, 3159, 'Xã Pá Mỳ'),
	(96, 3160, 'Xã Mường Nhé'),
	(96, 3161, 'Xã Nậm Vì'),
	(96, 3162, 'Xã Nậm Kè'),
	(96, 3163, 'Xã Mường Toong'),
	(96, 3164, 'Xã Quảng Lâm'),
	(103, 3165, 'Xã Pa Tần'),
	(103, 3166, 'Xã Chà Cang'),
	(103, 3167, 'Xã Na Cô Sa'),
	(103, 3168, 'Xã Nà Khoa'),
	(103, 3169, 'Xã Nà Hỳ'),
	(103, 3170, 'Xã Nà Bủng'),
	(103, 3171, 'Xã Nậm Nhừ'),
	(97, 3172, 'Thị trấn Mường Chà'),
	(103, 3173, 'Xã Nậm Chua'),
	(103, 3174, 'Xã Nậm Khăn'),
	(103, 3175, 'Xã Chà Tở'),
	(103, 3176, 'Xã Vàng Đán'),
	(96, 3177, 'Xã Huổi Lếnh'),
	(97, 3178, 'Xã Xá Tổng'),
	(97, 3181, 'Xã Mường Tùng'),
	(95, 3184, 'Xã Lay Nưa'),
	(103, 3187, 'Xã Chà Nưa'),
	(97, 3190, 'Xã Hừa Ngài'),
	(97, 3191, 'Xã Huổi Mí'),
	(97, 3193, 'Xã Pa Ham'),
	(97, 3194, 'Xã Nậm Nèn'),
	(97, 3196, 'Xã Huổi Lèng'),
	(97, 3197, 'Xã Sa Lông'),
	(103, 3198, 'Xã Phìn Hồ'),
	(103, 3199, 'Xã Si Pa Phìn'),
	(97, 3200, 'Xã Ma Thì Hồ'),
	(97, 3201, 'Xã Na Sang'),
	(97, 3202, 'Xã Mường Mươn'),
	(101, 3203, 'Thị trấn Điện Biên Đông'),
	(101, 3205, 'Xã Na Son'),
	(101, 3208, 'Xã Phì Nhừ'),
	(101, 3211, 'Xã Chiềng Sơ'),
	(101, 3214, 'Xã Mường Luân'),
	(98, 3217, 'Thị trấn Tủa Chùa'),
	(98, 3220, 'Xã Huổi Só'),
	(98, 3223, 'Xã Xín Chải'),
	(98, 3226, 'Xã Tả Sìn Thàng'),
	(98, 3229, 'Xã Lao Xả Phình'),
	(98, 3232, 'Xã Tả Phìn'),
	(98, 3235, 'Xã Tủa Thàng'),
	(98, 3238, 'Xã Trung Thu'),
	(98, 3241, 'Xã Sính Phình'),
	(98, 3244, 'Xã Sáng Nhè'),
	(98, 3247, 'Xã Mường Đun'),
	(98, 3250, 'Xã Mường Báng'),
	(99, 3253, 'Thị trấn Tuần Giáo'),
	(102, 3256, 'Thị trấn Mường Ảng'),
	(99, 3259, 'Xã Phình Sáng'),
	(99, 3260, 'Xã Rạng Đông'),
	(99, 3262, 'Xã Mùn Chung'),
	(99, 3263, 'Xã Nà Tòng'),
	(99, 3265, 'Xã Ta Ma'),
	(99, 3268, 'Xã Mường Mùn'),
	(99, 3269, 'Xã Pú Xi'),
	(99, 3271, 'Xã Pú Nhung'),
	(99, 3274, 'Xã Quài Nưa'),
	(99, 3277, 'Xã Mường Thín'),
	(99, 3280, 'Xã Tỏa Tình'),
	(99, 3283, 'Xã Nà Sáy'),
	(99, 3284, 'Xã Mường Khong'),
	(102, 3286, 'Xã Mường Đăng'),
	(102, 3287, 'Xã Ngối Cáy'),
	(99, 3289, 'Xã Quài Cang'),
	(102, 3292, 'Xã Ẳng Tở'),
	(99, 3295, 'Xã Quài Tở'),
	(99, 3298, 'Xã Chiềng Sinh'),
	(99, 3299, 'Xã Chiềng Đông'),
	(102, 3301, 'Xã Búng Lao'),
	(102, 3302, 'Xã Xuân Lao'),
	(99, 3304, 'Xã Tênh Phông'),
	(102, 3307, 'Xã Ẳng Nưa'),
	(102, 3310, 'Xã Ẳng Cang'),
	(102, 3312, 'Xã Nặm Lịch'),
	(102, 3313, 'Xã Mường Lạn'),
	(94, 3316, 'Xã Nà Tấu'),
	(94, 3317, 'Xã Nà Nhạn'),
	(100, 3319, 'Xã Mường Pồn'),
	(100, 3322, 'Xã Thanh Nưa'),
	(100, 3323, 'Xã Hua Thanh'),
	(94, 3325, 'Xã Mường Phăng'),
	(94, 3326, 'Xã Pá Khoang'),
	(100, 3328, 'Xã Thanh Luông'),
	(100, 3331, 'Xã Thanh Hưng'),
	(100, 3334, 'Xã Thanh Xương'),
	(100, 3337, 'Xã Thanh Chăn'),
	(100, 3340, 'Xã Pa Thơm'),
	(100, 3343, 'Xã Thanh An'),
	(100, 3346, 'Xã Thanh Yên'),
	(100, 3349, 'Xã Noong Luống'),
	(100, 3352, 'Xã Noọng Hẹt'),
	(100, 3355, 'Xã Sam Mứn'),
	(100, 3356, 'Xã Pom Lót'),
	(100, 3358, 'Xã Núa Ngam'),
	(100, 3359, 'Xã Hẹ Muông'),
	(100, 3361, 'Xã Na Ư'),
	(100, 3364, 'Xã Mường Nhà'),
	(100, 3365, 'Xã Na Tông'),
	(100, 3367, 'Xã Mường Lói'),
	(100, 3368, 'Xã Phu Luông'),
	(101, 3370, 'Xã Pú Nhi'),
	(101, 3371, 'Xã Nong U'),
	(101, 3373, 'Xã Xa Dung'),
	(101, 3376, 'Xã Keo Lôm'),
	(101, 3379, 'Xã Luân Giới'),
	(101, 3382, 'Xã Phình Giàng'),
	(101, 3383, 'Xã Pú Hồng'),
	(101, 3384, 'Xã Tìa Dình'),
	(101, 3385, 'Xã Háng Lìa'),
	(105, 3386, 'Phường Quyết Thắng'),
	(105, 3387, 'Phường Tân Phong'),
	(105, 3388, 'Phường Quyết Tiến'),
	(105, 3389, 'Phường Đoàn Kết'),
	(106, 3390, 'Thị trấn Tam Đường'),
	(109, 3391, 'Xã Lả Nhì Thàng'),
	(106, 3394, 'Xã Thèn Sin'),
	(106, 3400, 'Xã Tả Lèng'),
	(105, 3403, 'Xã Sùng Phài'),
	(106, 3405, 'Xã Giang Ma'),
	(106, 3406, 'Xã Hồ Thầu'),
	(105, 3408, 'Phường Đông Phong'),
	(105, 3409, 'Xã San Thàng'),
	(106, 3412, 'Xã Bình Lư'),
	(106, 3413, 'Xã Sơn Bình'),
	(106, 3415, 'Xã Nùng Nàng'),
	(106, 3418, 'Xã Bản Giang'),
	(106, 3421, 'Xã Bản Hon'),
	(106, 3424, 'Xã Bản Bo'),
	(106, 3427, 'Xã Nà Tăm'),
	(106, 3430, 'Xã Khun Há'),
	(107, 3433, 'Thị trấn Mường Tè'),
	(112, 3434, 'Thị trấn Nậm Nhùn'),
	(107, 3436, 'Xã Thu Lũm'),
	(107, 3439, 'Xã Ka Lăng'),
	(107, 3440, 'Xã Tá Bạ'),
	(107, 3442, 'Xã Pa ủ'),
	(107, 3445, 'Xã Mường Tè'),
	(107, 3448, 'Xã Pa Vệ Sử'),
	(107, 3451, 'Xã Mù Cả'),
	(107, 3454, 'Xã Bum Tở'),
	(107, 3457, 'Xã Nậm Khao'),
	(112, 3460, 'Xã Hua Bun'),
	(107, 3463, 'Xã Tà Tổng'),
	(107, 3466, 'Xã Bum Nưa'),
	(107, 3467, 'Xã Vàng San'),
	(107, 3469, 'Xã Kan Hồ'),
	(112, 3472, 'Xã Mường Mô'),
	(112, 3473, 'Xã Nậm Chà'),
	(112, 3474, 'Xã Nậm Manh'),
	(112, 3475, 'Xã Nậm Hàng'),
	(108, 3478, 'Thị trấn Sìn Hồ'),
	(112, 3481, 'Xã Lê Lợi'),
	(112, 3484, 'Xã Pú Đao'),
	(108, 3487, 'Xã Chăn Nưa'),
	(112, 3488, 'Xã Nậm Pì'),
	(109, 3490, 'Xã Huổi Luông'),
	(108, 3493, 'Xã Pa Tần'),
	(108, 3496, 'Xã Phìn Hồ'),
	(108, 3499, 'Xã Hồng Thu'),
	(112, 3502, 'Xã Nậm Ban'),
	(112, 3503, 'Xã Trung Chải'),
	(108, 3505, 'Xã Phăng Sô Lin'),
	(108, 3508, 'Xã Ma Quai'),
	(108, 3509, 'Xã Lùng Thàng'),
	(108, 3511, 'Xã Tả Phìn'),
	(108, 3514, 'Xã Sà Dề Phìn'),
	(108, 3517, 'Xã Nậm Tăm'),
	(108, 3520, 'Xã Tả Ngảo'),
	(108, 3523, 'Xã Pu Sam Cáp'),
	(108, 3526, 'Xã Nậm Cha'),
	(108, 3527, 'Xã Pa Khoá'),
	(108, 3529, 'Xã Làng Mô'),
	(108, 3532, 'Xã Noong Hẻo'),
	(108, 3535, 'Xã Nậm Mạ'),
	(108, 3538, 'Xã Căn Co'),
	(108, 3541, 'Xã Tủa Sín Chải'),
	(108, 3544, 'Xã Nậm Cuổi'),
	(108, 3547, 'Xã Nậm Hăn'),
	(109, 3549, 'Thị trấn Phong Thổ'),
	(109, 3550, 'Xã Sì Lở Lầu'),
	(109, 3553, 'Xã Mồ Sì San'),
	(109, 3559, 'Xã Pa Vây Sử'),
	(109, 3562, 'Xã Vàng Ma Chải'),
	(109, 3565, 'Xã Tông Qua Lìn'),
	(109, 3568, 'Xã Mù Sang'),
	(109, 3571, 'Xã Dào San'),
	(109, 3574, 'Xã Ma Ly Pho'),
	(109, 3577, 'Xã Bản Lang'),
	(109, 3580, 'Xã Hoang Thèn'),
	(109, 3583, 'Xã Khổng Lào'),
	(109, 3586, 'Xã Nậm Xe'),
	(109, 3589, 'Xã Mường So'),
	(109, 3592, 'Xã Sin Suối Hồ'),
	(110, 3595, 'Thị trấn Than Uyên'),
	(111, 3598, 'Thị trấn Tân Uyên'),
	(111, 3601, 'Xã Mường Khoa'),
	(111, 3602, 'Xã Phúc Khoa'),
	(111, 3604, 'Xã Thân Thuộc'),
	(111, 3605, 'Xã Trung Đồng'),
	(111, 3607, 'Xã Hố Mít'),
	(111, 3610, 'Xã Nậm Cần'),
	(111, 3613, 'Xã Nậm Sỏ'),
	(111, 3616, 'Xã Pắc Ta'),
	(110, 3618, 'Xã Phúc Than'),
	(110, 3619, 'Xã Mường Than'),
	(111, 3622, 'Xã Tà Mít'),
	(110, 3625, 'Xã Mường Mít'),
	(110, 3628, 'Xã Pha Mu'),
	(110, 3631, 'Xã Mường Cang'),
	(110, 3632, 'Xã Hua Nà'),
	(110, 3634, 'Xã Tà Hừa'),
	(110, 3637, 'Xã Mường Kim'),
	(110, 3638, 'Xã Tà Mung'),
	(110, 3640, 'Xã Tà Gia'),
	(110, 3643, 'Xã Khoen On'),
	(116, 3646, 'Phường Chiềng Lề'),
	(116, 3649, 'Phường Tô Hiệu'),
	(116, 3652, 'Phường Quyết Thắng'),
	(116, 3655, 'Phường Quyết Tâm'),
	(116, 3658, 'Xã Chiềng Cọ'),
	(116, 3661, 'Xã Chiềng Đen'),
	(116, 3664, 'Xã Chiềng Xôm'),
	(116, 3667, 'Phường Chiềng An'),
	(116, 3670, 'Phường Chiềng Cơi'),
	(116, 3673, 'Xã Chiềng Ngần'),
	(116, 3676, 'Xã Hua La'),
	(116, 3679, 'Phường Chiềng Sinh'),
	(118, 3682, 'Xã Mường Chiên'),
	(118, 3685, 'Xã Cà Nàng'),
	(118, 3688, 'Xã Chiềng Khay'),
	(118, 3694, 'Xã Mường Giôn'),
	(118, 3697, 'Xã Pá Ma Pha Khinh'),
	(118, 3700, 'Xã Chiềng Ơn'),
	(118, 3703, 'Xã Mường Giàng'),
	(118, 3706, 'Xã Chiềng Bằng'),
	(118, 3709, 'Xã Mường Sại'),
	(118, 3712, 'Xã Nậm ét'),
	(118, 3718, 'Xã Chiềng Khoang'),
	(119, 3721, 'Thị trấn Thuận Châu'),
	(119, 3724, 'Xã Phổng Lái'),
	(119, 3727, 'Xã Mường é'),
	(119, 3730, 'Xã Chiềng Pha'),
	(119, 3733, 'Xã Chiềng La'),
	(119, 3736, 'Xã Chiềng Ngàm'),
	(119, 3739, 'Xã Liệp Tè'),
	(119, 3742, 'Xã é Tòng'),
	(119, 3745, 'Xã Phổng Lập'),
	(119, 3748, 'Xã Phổng Lăng'),
	(119, 3751, 'Xã Chiềng Ly'),
	(119, 3754, 'Xã Noong Lay'),
	(119, 3757, 'Xã Mường Khiêng'),
	(119, 3760, 'Xã Mường Bám'),
	(119, 3763, 'Xã Long Hẹ'),
	(119, 3766, 'Xã Chiềng Bôm'),
	(119, 3769, 'Xã Thôm Mòn'),
	(119, 3772, 'Xã Tông Lạnh'),
	(119, 3775, 'Xã Tông Cọ'),
	(119, 3778, 'Xã Bó Mười'),
	(119, 3781, 'Xã Co Mạ'),
	(119, 3784, 'Xã Púng Tra'),
	(119, 3787, 'Xã Chiềng Pấc'),
	(119, 3790, 'Xã Nậm Lầu'),
	(119, 3793, 'Xã Bon Phặng'),
	(119, 3796, 'Xã Co Tòng'),
	(119, 3799, 'Xã Muổi Nọi'),
	(119, 3802, 'Xã Pá Lông'),
	(119, 3805, 'Xã Bản Lầm'),
	(120, 3808, 'Thị trấn Ít Ong'),
	(120, 3811, 'Xã Nậm Giôn'),
	(120, 3814, 'Xã Chiềng Lao'),
	(120, 3817, 'Xã Hua Trai'),
	(120, 3820, 'Xã Ngọc Chiến'),
	(120, 3823, 'Xã Mường Trai'),
	(120, 3826, 'Xã Nậm Păm'),
	(120, 3829, 'Xã Chiềng Muôn'),
	(120, 3832, 'Xã Chiềng Ân'),
	(120, 3835, 'Xã Pi Toong'),
	(120, 3838, 'Xã Chiềng Công'),
	(120, 3841, 'Xã Tạ Bú'),
	(120, 3844, 'Xã Chiềng San'),
	(120, 3847, 'Xã Mường Bú'),
	(120, 3850, 'Xã Chiềng Hoa'),
	(120, 3853, 'Xã Mường Chùm'),
	(121, 3856, 'Thị trấn Bắc Yên'),
	(121, 3859, 'Xã Phiêng Ban'),
	(121, 3862, 'Xã Hang Chú'),
	(121, 3865, 'Xã Xím Vàng'),
	(121, 3868, 'Xã Tà Xùa'),
	(121, 3869, 'Xã Háng Đồng'),
	(121, 3871, 'Xã Pắc Ngà'),
	(121, 3874, 'Xã Làng Chếu'),
	(121, 3877, 'Xã Chim Vàn'),
	(121, 3880, 'Xã Mường Khoa'),
	(121, 3883, 'Xã Song Pe'),
	(121, 3886, 'Xã Hồng Ngài'),
	(121, 3889, 'Xã Tạ Khoa'),
	(121, 3890, 'Xã Hua Nhàn'),
	(121, 3892, 'Xã Phiêng Côn'),
	(121, 3895, 'Xã Chiềng Sại'),
	(122, 3898, 'Thị trấn Phù Yên'),
	(122, 3901, 'Xã Suối Tọ'),
	(122, 3904, 'Xã Mường Thải'),
	(122, 3907, 'Xã Mường Cơi'),
	(122, 3910, 'Xã Quang Huy'),
	(122, 3913, 'Xã Huy Bắc'),
	(122, 3916, 'Xã Huy Thượng'),
	(122, 3919, 'Xã Tân Lang'),
	(122, 3922, 'Xã Gia Phù'),
	(122, 3925, 'Xã Tường Phù'),
	(122, 3928, 'Xã Huy Hạ'),
	(122, 3931, 'Xã Huy Tân'),
	(122, 3934, 'Xã Mường Lang'),
	(122, 3937, 'Xã Suối Bau'),
	(122, 3940, 'Xã Huy Tường'),
	(122, 3943, 'Xã Mường Do'),
	(122, 3946, 'Xã Sập Xa'),
	(122, 3949, 'Xã Tường Thượng'),
	(122, 3952, 'Xã Tường Tiến'),
	(122, 3955, 'Xã Tường Phong'),
	(122, 3958, 'Xã Tường Hạ'),
	(122, 3961, 'Xã Kim Bon'),
	(122, 3964, 'Xã Mường Bang'),
	(122, 3967, 'Xã Đá Đỏ'),
	(122, 3970, 'Xã Tân Phong'),
	(122, 3973, 'Xã Nam Phong'),
	(122, 3976, 'Xã Bắc Phong'),
	(123, 3979, 'Thị trấn Mộc Châu'),
	(123, 3982, 'Thị trấn NT Mộc Châu'),
	(123, 3985, 'Xã Chiềng Sơn'),
	(123, 3988, 'Xã Tân Hợp'),
	(123, 3991, 'Xã Qui Hướng'),
	(128, 3994, 'Xã Suối Bàng'),
	(123, 3997, 'Xã Tân Lập'),
	(123, 4000, 'Xã Nà Mường'),
	(123, 4003, 'Xã Tà Lai'),
	(128, 4006, 'Xã Song Khủa'),
	(128, 4009, 'Xã Liên Hoà'),
	(123, 4012, 'Xã Chiềng Hắc'),
	(123, 4015, 'Xã Hua Păng'),
	(128, 4018, 'Xã Tô Múa'),
	(128, 4021, 'Xã Mường Tè'),
	(123, 4024, 'Xã Chiềng Khừa'),
	(123, 4027, 'Xã Mường Sang'),
	(123, 4030, 'Xã Đông Sang'),
	(123, 4033, 'Xã Phiêng Luông'),
	(128, 4036, 'Xã Chiềng Khoa'),
	(128, 4039, 'Xã Mường Men'),
	(128, 4042, 'Xã Quang Minh'),
	(123, 4045, 'Xã Lóng Sập'),
	(128, 4048, 'Xã Vân Hồ'),
	(128, 4051, 'Xã Lóng Luông'),
	(128, 4054, 'Xã Chiềng Yên'),
	(128, 4056, 'Xã Chiềng Xuân'),
	(128, 4057, 'Xã Xuân Nha'),
	(128, 4058, 'Xã Tân Xuân'),
	(124, 4060, 'Thị trấn Yên Châu'),
	(124, 4063, 'Xã Chiềng Đông'),
	(124, 4066, 'Xã Sập Vạt'),
	(124, 4069, 'Xã Chiềng Sàng'),
	(124, 4072, 'Xã Chiềng Pằn'),
	(124, 4075, 'Xã Viêng Lán'),
	(124, 4078, 'Xã Chiềng Hặc'),
	(124, 4081, 'Xã Mường Lựm'),
	(124, 4084, 'Xã Chiềng On'),
	(124, 4087, 'Xã Yên Sơn'),
	(124, 4090, 'Xã Chiềng Khoi'),
	(124, 4093, 'Xã Tú Nang'),
	(124, 4096, 'Xã Lóng Phiêng'),
	(124, 4099, 'Xã Phiêng Khoài'),
	(124, 4102, 'Xã Chiềng Tương'),
	(125, 4105, 'Thị trấn Hát Lót'),
	(125, 4108, 'Xã Chiềng Sung'),
	(125, 4111, 'Xã Mường Bằng'),
	(125, 4114, 'Xã Chiềng Chăn'),
	(125, 4117, 'Xã Mương Chanh'),
	(125, 4120, 'Xã Chiềng Ban'),
	(125, 4123, 'Xã Chiềng Mung'),
	(125, 4126, 'Xã Mường Bon'),
	(125, 4129, 'Xã Chiềng Chung'),
	(125, 4132, 'Xã Chiềng Mai'),
	(125, 4135, 'Xã Hát Lót'),
	(125, 4136, 'Xã Nà Pó'),
	(125, 4138, 'Xã Cò Nòi'),
	(125, 4141, 'Xã Chiềng Nơi'),
	(125, 4144, 'Xã Phiêng Cằm'),
	(125, 4147, 'Xã Chiềng Dong'),
	(125, 4150, 'Xã Chiềng Kheo'),
	(125, 4153, 'Xã Chiềng Ve'),
	(125, 4156, 'Xã Chiềng Lương'),
	(125, 4159, 'Xã Phiêng Pằn'),
	(125, 4162, 'Xã Nà Ơt'),
	(125, 4165, 'Xã Tà Hộc'),
	(126, 4168, 'Thị trấn Sông Mã'),
	(126, 4171, 'Xã Bó Sinh'),
	(126, 4174, 'Xã Pú Pẩu'),
	(126, 4177, 'Xã Chiềng Phung'),
	(126, 4180, 'Xã Chiềng En'),
	(126, 4183, 'Xã Mường Lầm'),
	(126, 4186, 'Xã Nậm Ty'),
	(126, 4189, 'Xã Đứa Mòn'),
	(126, 4192, 'Xã Yên Hưng'),
	(126, 4195, 'Xã Chiềng Sơ'),
	(126, 4198, 'Xã Nà Nghịu'),
	(126, 4201, 'Xã Nậm Mằn'),
	(126, 4204, 'Xã Chiềng Khoong'),
	(126, 4207, 'Xã Chiềng Cang'),
	(126, 4210, 'Xã Huổi Một'),
	(126, 4213, 'Xã Mường Sai'),
	(126, 4216, 'Xã Mường Cai'),
	(126, 4219, 'Xã Mường Hung'),
	(126, 4222, 'Xã Chiềng Khương'),
	(127, 4225, 'Xã Sam Kha'),
	(127, 4228, 'Xã Púng Bánh'),
	(127, 4231, 'Xã Sốp Cộp'),
	(127, 4234, 'Xã Dồm Cang'),
	(127, 4237, 'Xã Nậm Lạnh'),
	(127, 4240, 'Xã Mường Lèo'),
	(127, 4243, 'Xã Mường Và'),
	(127, 4246, 'Xã Mường Lạn'),
	(132, 4249, 'Phường Yên Thịnh'),
	(132, 4252, 'Phường Yên Ninh'),
	(132, 4255, 'Phường Minh Tân'),
	(132, 4258, 'Phường Nguyễn Thái Học'),
	(132, 4261, 'Phường Đồng Tâm'),
	(132, 4264, 'Phường Hồng Hà'),
	(132, 4270, 'Xã Minh Bảo'),
	(132, 4273, 'Phường Nam Cường'),
	(132, 4276, 'Xã Tuy Lộc'),
	(132, 4279, 'Xã Tân Thịnh'),
	(133, 4282, 'Phường Pú Trạng'),
	(133, 4285, 'Phường Trung Tâm'),
	(133, 4288, 'Phường Tân An'),
	(133, 4291, 'Phường Cầu Thia'),
	(133, 4294, 'Xã Nghĩa Lợi'),
	(133, 4297, 'Xã Nghĩa Phúc'),
	(133, 4300, 'Xã Nghĩa An'),
	(135, 4303, 'Thị trấn Yên Thế'),
	(135, 4306, 'Xã Tân Phượng'),
	(135, 4309, 'Xã Lâm Thượng'),
	(135, 4312, 'Xã Khánh Thiện'),
	(135, 4315, 'Xã Minh Chuẩn'),
	(135, 4318, 'Xã Mai Sơn'),
	(135, 4321, 'Xã Khai Trung'),
	(135, 4324, 'Xã Mường Lai'),
	(135, 4327, 'Xã An Lạc'),
	(135, 4330, 'Xã Minh Xuân'),
	(135, 4333, 'Xã Tô Mậu'),
	(135, 4336, 'Xã Tân Lĩnh'),
	(135, 4339, 'Xã Yên Thắng'),
	(135, 4342, 'Xã Khánh Hoà'),
	(135, 4345, 'Xã Vĩnh Lạc'),
	(135, 4348, 'Xã Liễu Đô'),
	(135, 4351, 'Xã Động Quan'),
	(135, 4354, 'Xã Tân Lập'),
	(135, 4357, 'Xã Minh Tiến'),
	(135, 4360, 'Xã Trúc Lâu'),
	(135, 4363, 'Xã Phúc Lợi'),
	(135, 4366, 'Xã Phan Thanh'),
	(135, 4369, 'Xã An Phú'),
	(135, 4372, 'Xã Trung Tâm'),
	(136, 4375, 'Thị trấn Mậu A'),
	(136, 4378, 'Xã Lang Thíp'),
	(136, 4381, 'Xã Lâm Giang'),
	(136, 4384, 'Xã Châu Quế Thượng'),
	(136, 4387, 'Xã Châu Quế Hạ'),
	(136, 4390, 'Xã An Bình'),
	(136, 4393, 'Xã Quang Minh'),
	(136, 4396, 'Xã Đông An'),
	(136, 4399, 'Xã Đông Cuông'),
	(136, 4402, 'Xã Phong Dụ Hạ'),
	(136, 4405, 'Xã Mậu Đông'),
	(136, 4408, 'Xã Ngòi A'),
	(136, 4411, 'Xã Xuân Tầm'),
	(136, 4414, 'Xã Tân Hợp'),
	(136, 4417, 'Xã An Thịnh'),
	(136, 4420, 'Xã Yên Thái'),
	(136, 4423, 'Xã Phong Dụ Thượng'),
	(136, 4426, 'Xã Yên Hợp'),
	(136, 4429, 'Xã Đại Sơn'),
	(136, 4435, 'Xã Đại Phác'),
	(136, 4438, 'Xã Yên Phú'),
	(136, 4441, 'Xã Xuân Ái'),
	(136, 4447, 'Xã Viễn Sơn'),
	(136, 4450, 'Xã Mỏ Vàng'),
	(136, 4453, 'Xã Nà Hẩu'),
	(137, 4456, 'Thị trấn Mù Căng Chải'),
	(137, 4459, 'Xã Hồ Bốn'),
	(137, 4462, 'Xã Nậm Có'),
	(137, 4465, 'Xã Khao Mang'),
	(137, 4468, 'Xã Mồ Dề'),
	(137, 4471, 'Xã Chế Cu Nha'),
	(137, 4474, 'Xã Lao Chải'),
	(137, 4477, 'Xã Kim Nọi'),
	(137, 4480, 'Xã Cao Phạ'),
	(137, 4483, 'Xã La Pán Tẩn'),
	(137, 4486, 'Xã Dế Su Phình'),
	(137, 4489, 'Xã Chế Tạo'),
	(137, 4492, 'Xã Púng Luông'),
	(137, 4495, 'Xã Nậm Khắt'),
	(138, 4498, 'Thị trấn Cổ Phúc'),
	(138, 4501, 'Xã Tân Đồng'),
	(138, 4504, 'Xã Báo Đáp'),
	(138, 4510, 'Xã Thành Thịnh'),
	(138, 4513, 'Xã Hòa Cuông'),
	(138, 4516, 'Xã Minh Quán'),
	(138, 4519, 'Xã Quy Mông'),
	(138, 4522, 'Xã Cường Thịnh'),
	(138, 4525, 'Xã Kiên Thành'),
	(138, 4531, 'Xã Y Can'),
	(138, 4537, 'Xã Lương Thịnh'),
	(132, 4540, 'Xã Âu Lâu'),
	(132, 4543, 'Xã Giới Phiên'),
	(132, 4546, 'Phường Hợp Minh'),
	(132, 4558, 'Xã Văn Phú'),
	(138, 4564, 'Xã Việt Cường'),
	(138, 4567, 'Xã Minh Quân'),
	(138, 4570, 'Xã Hồng Ca'),
	(138, 4573, 'Xã Hưng Thịnh'),
	(138, 4576, 'Xã Hưng Khánh'),
	(138, 4579, 'Xã Việt Hồng'),
	(138, 4582, 'Xã Vân Hội'),
	(139, 4585, 'Thị trấn Trạm Tấu'),
	(139, 4588, 'Xã Túc Đán'),
	(139, 4591, 'Xã Pá Lau'),
	(139, 4594, 'Xã Xà Hồ'),
	(139, 4597, 'Xã Phình Hồ'),
	(139, 4600, 'Xã Trạm Tấu'),
	(139, 4603, 'Xã Tà Si Láng'),
	(139, 4606, 'Xã Pá Hu'),
	(139, 4609, 'Xã Làng Nhì'),
	(139, 4612, 'Xã Bản Công'),
	(139, 4615, 'Xã Bản Mù'),
	(139, 4618, 'Xã Hát Lìu'),
	(140, 4621, 'Thị trấn NT Liên Sơn'),
	(133, 4624, 'Xã Nghĩa Lộ'),
	(140, 4627, 'Thị trấn NT Trần Phú'),
	(140, 4630, 'Xã Tú Lệ'),
	(140, 4633, 'Xã Nậm Búng'),
	(140, 4636, 'Xã Gia Hội'),
	(140, 4639, 'Xã Sùng Đô'),
	(140, 4642, 'Xã Nậm Mười'),
	(140, 4645, 'Xã An Lương'),
	(140, 4648, 'Xã Nậm Lành'),
	(140, 4651, 'Xã Sơn Lương'),
	(140, 4654, 'Xã Suối Quyền'),
	(140, 4657, 'Xã Suối Giàng'),
	(133, 4660, 'Xã Sơn A'),
	(133, 4663, 'Xã Phù Nham'),
	(140, 4666, 'Xã Nghĩa Sơn'),
	(140, 4669, 'Xã Suối Bu'),
	(140, 4672, 'Thị trấn Sơn Thịnh'),
	(133, 4675, 'Xã Thanh Lương'),
	(133, 4678, 'Xã Hạnh Sơn'),
	(133, 4681, 'Xã Phúc Sơn'),
	(133, 4684, 'Xã Thạch Lương'),
	(140, 4687, 'Xã Đại Lịch'),
	(140, 4690, 'Xã Đồng Khê'),
	(140, 4693, 'Xã Cát Thịnh'),
	(140, 4696, 'Xã Tân Thịnh'),
	(140, 4699, 'Xã Chấn Thịnh'),
	(140, 4702, 'Xã Bình Thuận'),
	(140, 4705, 'Xã Thượng Bằng La'),
	(140, 4708, 'Xã Minh An'),
	(140, 4711, 'Xã Nghĩa Tâm'),
	(141, 4714, 'Thị trấn Yên Bình'),
	(141, 4717, 'Thị trấn Thác Bà'),
	(141, 4720, 'Xã Xuân Long'),
	(141, 4726, 'Xã Cảm Nhân'),
	(141, 4729, 'Xã Ngọc Chấn'),
	(141, 4732, 'Xã Tân Nguyên'),
	(141, 4735, 'Xã Phúc Ninh'),
	(141, 4738, 'Xã Bảo Ái'),
	(141, 4741, 'Xã Mỹ Gia'),
	(141, 4744, 'Xã Xuân Lai'),
	(141, 4747, 'Xã Mông Sơn'),
	(141, 4750, 'Xã Cảm Ân'),
	(141, 4753, 'Xã Yên Thành'),
	(141, 4756, 'Xã Tân Hương'),
	(141, 4759, 'Xã Phúc An'),
	(141, 4762, 'Xã Bạch Hà'),
	(141, 4765, 'Xã Vũ Linh'),
	(141, 4768, 'Xã Đại Đồng'),
	(141, 4771, 'Xã Vĩnh Kiên'),
	(141, 4777, 'Xã Thịnh Hưng'),
	(141, 4780, 'Xã Hán Đà'),
	(141, 4783, 'Xã Phú Thịnh'),
	(141, 4786, 'Xã Đại Minh'),
	(148, 4789, 'Phường Thái Bình'),
	(148, 4792, 'Phường Tân Hòa'),
	(148, 4795, 'Phường Thịnh Lang'),
	(148, 4798, 'Phường Hữu Nghị'),
	(148, 4801, 'Phường Tân Thịnh'),
	(148, 4804, 'Phường Đồng Tiến'),
	(148, 4807, 'Phường Phương Lâm'),
	(148, 4813, 'Xã Yên Mông'),
	(148, 4816, 'Phường Quỳnh Lâm'),
	(148, 4819, 'Phường Dân Chủ'),
	(148, 4825, 'Xã Hòa Bình'),
	(148, 4828, 'Phường Thống Nhất'),
	(150, 4831, 'Thị trấn Đà Bắc'),
	(150, 4834, 'Xã Nánh Nghê'),
	(150, 4840, 'Xã Giáp Đắt'),
	(150, 4846, 'Xã Mường Chiềng'),
	(150, 4849, 'Xã Tân Pheo'),
	(150, 4852, 'Xã Đồng Chum'),
	(150, 4855, 'Xã Tân Minh'),
	(150, 4858, 'Xã Đoàn Kết'),
	(150, 4861, 'Xã Đồng Ruộng'),
	(150, 4867, 'Xã Tú Lý'),
	(150, 4870, 'Xã Trung Thành'),
	(150, 4873, 'Xã Yên Hòa'),
	(150, 4876, 'Xã Cao Sơn'),
	(150, 4879, 'Xã Toàn Sơn'),
	(156, 4882, 'Xã Tân Thành'),
	(150, 4885, 'Xã Hiền Lương'),
	(150, 4888, 'Xã Tiền Phong'),
	(150, 4891, 'Xã Vầy Nưa'),
	(148, 4894, 'Phường Kỳ Sơn'),
	(148, 4897, 'Xã Thịnh Minh'),
	(148, 4903, 'Xã Hợp Thành'),
	(148, 4906, 'Xã Quang Tiến'),
	(148, 4912, 'Xã Mông Hóa'),
	(148, 4918, 'Phường Trung Minh'),
	(148, 4921, 'Xã Độc Lập'),
	(152, 4924, 'Thị trấn Lương Sơn'),
	(276, 4927, 'Xã Yên Trung'),
	(276, 4930, 'Xã Yên Bình'),
	(276, 4936, 'Xã Tiến Xuân'),
	(275, 4939, 'Xã Đông Xuân'),
	(152, 4942, 'Xã Lâm Sơn'),
	(152, 4945, 'Xã Hòa Sơn'),
	(152, 4951, 'Xã Tân Vinh'),
	(152, 4954, 'Xã Nhuận Trạch'),
	(152, 4957, 'Xã Cao Sơn'),
	(152, 4960, 'Xã Cư Yên'),
	(152, 4969, 'Xã Liên Sơn'),
	(153, 4978, 'Thị trấn Bo'),
	(159, 4981, 'Thị trấn Ba Hàng Đồi'),
	(153, 4984, 'Xã Đú Sáng'),
	(153, 4987, 'Xã Hùng Sơn'),
	(153, 4990, 'Xã Bình Sơn'),
	(153, 4999, 'Xã Tú Sơn'),
	(153, 5005, 'Xã Vĩnh Tiến'),
	(152, 5008, 'Xã Cao Dương'),
	(153, 5014, 'Xã Đông Bắc'),
	(153, 5017, 'Xã Xuân Thủy'),
	(153, 5026, 'Xã Vĩnh Đồng'),
	(153, 5035, 'Xã Kim Lập'),
	(153, 5038, 'Xã Hợp Tiến'),
	(152, 5041, 'Xã Thanh Sơn'),
	(152, 5047, 'Xã Thanh Cao'),
	(153, 5065, 'Xã Kim Bôi'),
	(153, 5068, 'Xã Nam Thượng'),
	(153, 5077, 'Xã Cuối Hạ'),
	(153, 5080, 'Xã Sào Báy'),
	(153, 5083, 'Xã Mi Hòa'),
	(153, 5086, 'Xã Nuông Dăm'),
	(154, 5089, 'Thị trấn Cao Phong'),
	(154, 5092, 'Xã Bình Thanh'),
	(154, 5095, 'Xã Thung Nai'),
	(154, 5098, 'Xã Bắc Phong'),
	(154, 5101, 'Xã Thu Phong'),
	(154, 5104, 'Xã Hợp Phong'),
	(154, 5110, 'Xã Tây Phong'),
	(154, 5116, 'Xã Dũng Phong'),
	(154, 5119, 'Xã Nam Phong'),
	(154, 5125, 'Xã Thạch Yên'),
	(155, 5128, 'Thị trấn Mãn Đức'),
	(155, 5134, 'Xã Suối Hoa'),
	(155, 5137, 'Xã Phú Vinh'),
	(155, 5140, 'Xã Phú Cường'),
	(155, 5143, 'Xã Mỹ Hòa'),
	(155, 5152, 'Xã Quyết Chiến'),
	(155, 5158, 'Xã Phong Phú'),
	(155, 5164, 'Xã Tử Nê'),
	(155, 5167, 'Xã Thanh Hối'),
	(155, 5170, 'Xã Ngọc Mỹ'),
	(155, 5173, 'Xã Đông Lai'),
	(155, 5176, 'Xã Vân Sơn'),
	(155, 5182, 'Xã Nhân Mỹ'),
	(155, 5191, 'Xã Lỗ Sơn'),
	(155, 5194, 'Xã Ngổ Luông'),
	(155, 5197, 'Xã Gia Mô'),
	(156, 5200, 'Thị trấn Mai Châu'),
	(156, 5206, 'Xã Sơn Thủy'),
	(156, 5209, 'Xã Pà Cò'),
	(156, 5212, 'Xã Hang Kia'),
	(156, 5221, 'Xã Đồng Tân'),
	(156, 5224, 'Xã Cun Pheo'),
	(156, 5227, 'Xã Bao La'),
	(156, 5233, 'Xã Tòng Đậu'),
	(156, 5242, 'Xã Nà Phòn'),
	(156, 5245, 'Xã Săm Khóe'),
	(156, 5248, 'Xã Chiềng Châu'),
	(156, 5251, 'Xã Mai Hạ'),
	(156, 5254, 'Xã Thành Sơn'),
	(156, 5257, 'Xã Mai Hịch'),
	(156, 5263, 'Xã Vạn Mai'),
	(157, 5266, 'Thị trấn Vụ Bản'),
	(157, 5269, 'Xã Quý Hòa'),
	(157, 5272, 'Xã Miền Đồi'),
	(157, 5275, 'Xã Mỹ Thành'),
	(157, 5278, 'Xã Tuân Đạo'),
	(157, 5281, 'Xã Văn Nghĩa'),
	(157, 5284, 'Xã Văn Sơn'),
	(157, 5287, 'Xã Tân Lập'),
	(157, 5290, 'Xã Nhân Nghĩa'),
	(157, 5293, 'Xã Thượng Cốc'),
	(157, 5299, 'Xã Quyết Thắng'),
	(157, 5302, 'Xã Xuất Hóa'),
	(157, 5305, 'Xã Yên Phú'),
	(157, 5308, 'Xã Bình Hẻm'),
	(157, 5320, 'Xã Định Cư'),
	(157, 5323, 'Xã Chí Đạo'),
	(157, 5329, 'Xã Ngọc Sơn'),
	(157, 5332, 'Xã Hương Nhượng'),
	(157, 5335, 'Xã Vũ Bình'),
	(157, 5338, 'Xã Tự Do'),
	(157, 5341, 'Xã Yên Nghiệp'),
	(157, 5344, 'Xã Tân Mỹ'),
	(157, 5347, 'Xã Ân Nghĩa'),
	(157, 5350, 'Xã Ngọc Lâu'),
	(158, 5353, 'Thị trấn Hàng Trạm'),
	(158, 5356, 'Xã Lạc Sỹ'),
	(158, 5362, 'Xã Lạc Lương'),
	(158, 5365, 'Xã Bảo Hiệu'),
	(158, 5368, 'Xã Đa Phúc'),
	(158, 5371, 'Xã Hữu Lợi'),
	(158, 5374, 'Xã Lạc Thịnh'),
	(158, 5380, 'Xã Đoàn Kết'),
	(158, 5383, 'Xã Phú Lai'),
	(158, 5386, 'Xã Yên Trị'),
	(158, 5389, 'Xã Ngọc Lương'),
	(159, 5392, 'Thị trấn Chi Nê'),
	(159, 5395, 'Xã Phú Nghĩa'),
	(159, 5398, 'Xã Phú Thành'),
	(159, 5404, 'Xã Hưng Thi'),
	(159, 5413, 'Xã Khoan Dụ'),
	(159, 5419, 'Xã Đồng Tâm'),
	(159, 5422, 'Xã Yên Bồng'),
	(159, 5425, 'Xã Thống Nhất'),
	(159, 5428, 'Xã An Bình'),
	(164, 5431, 'Phường Quán Triều'),
	(164, 5434, 'Phường Quang Vinh'),
	(164, 5437, 'Phường Túc Duyên'),
	(164, 5440, 'Phường Hoàng Văn Thụ'),
	(164, 5443, 'Phường Trưng Vương'),
	(164, 5446, 'Phường Quang Trung'),
	(164, 5449, 'Phường Phan Đình Phùng'),
	(164, 5452, 'Phường Tân Thịnh'),
	(164, 5455, 'Phường Thịnh Đán'),
	(164, 5458, 'Phường Đồng Quang'),
	(164, 5461, 'Phường Gia Sàng'),
	(164, 5464, 'Phường Tân Lập'),
	(164, 5467, 'Phường Cam Giá'),
	(164, 5470, 'Phường Phú Xá'),
	(164, 5473, 'Phường Hương Sơn'),
	(164, 5476, 'Phường Trung Thành'),
	(164, 5479, 'Phường Tân Thành'),
	(164, 5482, 'Phường Tân Long'),
	(164, 5485, 'Xã Phúc Hà'),
	(164, 5488, 'Xã Phúc Xuân'),
	(164, 5491, 'Xã Quyết Thắng'),
	(164, 5494, 'Xã Phúc Trìu'),
	(164, 5497, 'Xã Thịnh Đức'),
	(164, 5500, 'Phường Tích Lương'),
	(164, 5503, 'Xã Tân Cương'),
	(165, 5506, 'Phường Lương Sơn'),
	(165, 5509, 'Phường Châu Sơn'),
	(165, 5512, 'Phường Mỏ Chè'),
	(165, 5515, 'Phường Cải Đan'),
	(165, 5518, 'Phường Thắng Lợi'),
	(165, 5521, 'Phường Phố Cò'),
	(165, 5527, 'Xã Tân Quang'),
	(165, 5528, 'Phường Bách Quang'),
	(165, 5530, 'Xã Bình Sơn'),
	(165, 5533, 'Xã Bá Xuyên'),
	(167, 5539, 'Xã Linh Thông'),
	(167, 5542, 'Xã Lam Vỹ'),
	(167, 5545, 'Xã Quy Kỳ'),
	(167, 5548, 'Xã Tân Thịnh'),
	(167, 5551, 'Xã Kim Phượng'),
	(167, 5554, 'Xã Bảo Linh'),
	(167, 5560, 'Xã Phúc Chu'),
	(167, 5563, 'Xã Tân Dương'),
	(167, 5566, 'Xã Phượng Tiến'),
	(167, 5569, 'Thị trấn Chợ Chu'),
	(167, 5572, 'Xã Đồng Thịnh'),
	(167, 5575, 'Xã Định Biên'),
	(167, 5578, 'Xã Thanh Định'),
	(167, 5581, 'Xã Trung Hội'),
	(167, 5584, 'Xã Trung Lương'),
	(167, 5587, 'Xã Bình Yên'),
	(167, 5590, 'Xã Điềm Mặc'),
	(167, 5593, 'Xã Phú Tiến'),
	(167, 5596, 'Xã Bộc Nhiêu'),
	(167, 5599, 'Xã Sơn Phú'),
	(167, 5602, 'Xã Phú Đình'),
	(167, 5605, 'Xã Bình Thành'),
	(168, 5611, 'Thị trấn Đu'),
	(168, 5614, 'Xã Yên Ninh'),
	(168, 5617, 'Xã Yên Trạch'),
	(168, 5620, 'Xã Yên Đổ'),
	(168, 5623, 'Xã Yên Lạc'),
	(168, 5626, 'Xã Ôn Lương'),
	(168, 5629, 'Xã Động Đạt'),
	(168, 5632, 'Xã Phủ Lý'),
	(168, 5635, 'Xã Phú Đô'),
	(168, 5638, 'Xã Hợp Thành'),
	(168, 5641, 'Xã Tức Tranh'),
	(168, 5644, 'Thị trấn Giang Tiên'),
	(168, 5647, 'Xã Vô Tranh'),
	(168, 5650, 'Xã Cổ Lũng'),
	(164, 5653, 'Xã Sơn Cẩm'),
	(169, 5656, 'Thị trấn Sông Cầu'),
	(164, 5659, 'Phường Chùa Hang'),
	(169, 5662, 'Thị trấn Trại Cau'),
	(169, 5665, 'Xã Văn Lăng'),
	(169, 5668, 'Xã Tân Long'),
	(169, 5671, 'Xã Hòa Bình'),
	(169, 5674, 'Xã Quang Sơn'),
	(169, 5677, 'Xã Minh Lập'),
	(169, 5680, 'Xã Văn Hán'),
	(169, 5683, 'Xã Hóa Trung'),
	(169, 5686, 'Xã Khe Mo'),
	(169, 5689, 'Xã Cây Thị'),
	(169, 5692, 'Thị trấn Hóa Thượng'),
	(164, 5695, 'Xã Cao Ngạn'),
	(169, 5698, 'Xã Hợp Tiến'),
	(164, 5701, 'Xã Linh Sơn'),
	(169, 5707, 'Xã Nam Hòa'),
	(164, 5710, 'Phường Đồng Bẩm'),
	(164, 5713, 'Xã Huống Thượng'),
	(170, 5716, 'Thị trấn Đình Cả'),
	(170, 5719, 'Xã Sảng Mộc'),
	(170, 5722, 'Xã Nghinh Tường'),
	(170, 5725, 'Xã Thần Xa'),
	(170, 5728, 'Xã Vũ Chấn'),
	(170, 5731, 'Xã Thượng Nung'),
	(170, 5734, 'Xã Phú Thượng'),
	(170, 5737, 'Xã Cúc Đường'),
	(170, 5740, 'Xã La Hiên'),
	(170, 5743, 'Xã Lâu Thượng'),
	(170, 5746, 'Xã Tràng Xá'),
	(170, 5749, 'Xã Phương Giao'),
	(170, 5752, 'Xã Liên Minh'),
	(170, 5755, 'Xã Dân Tiến'),
	(170, 5758, 'Xã Bình Long'),
	(171, 5761, 'Thị trấn Hùng Sơn'),
	(171, 5767, 'Xã Phúc Lương'),
	(171, 5770, 'Xã Minh Tiến'),
	(171, 5773, 'Xã Yên Lãng'),
	(171, 5776, 'Xã Đức Lương'),
	(171, 5779, 'Xã Phú Cường'),
	(171, 5785, 'Xã Phú Lạc'),
	(171, 5788, 'Xã Tân Linh'),
	(171, 5791, 'Xã Phú Thịnh'),
	(171, 5794, 'Xã Phục Linh'),
	(171, 5797, 'Xã Phú Xuyên'),
	(171, 5800, 'Xã Bản Ngoại'),
	(171, 5803, 'Xã Tiên Hội'),
	(171, 5809, 'Xã Cù Vân'),
	(171, 5812, 'Xã Hà Thượng'),
	(171, 5815, 'Xã La Bằng'),
	(171, 5818, 'Xã Hoàng Nông'),
	(171, 5821, 'Xã Khôi Kỳ'),
	(171, 5824, 'Xã An Khánh'),
	(171, 5827, 'Xã Tân Thái'),
	(171, 5830, 'Xã Bình Thuận'),
	(171, 5833, 'Xã Lục Ba'),
	(171, 5836, 'Xã Mỹ Yên'),
	(171, 5842, 'Xã Văn Yên'),
	(171, 5845, 'Xã Vạn Phú'),
	(171, 5848, 'Xã Cát Nê'),
	(171, 5851, 'Thị trấn Quân Chu'),
	(172, 5854, 'Phường Bãi Bông'),
	(172, 5857, 'Phường Bắc Sơn'),
	(172, 5860, 'Phường Ba Hàng'),
	(172, 5863, 'Xã Phúc Tân'),
	(172, 5866, 'Xã Phúc Thuận'),
	(172, 5869, 'Phường Hồng Tiến'),
	(172, 5872, 'Xã Minh Đức'),
	(172, 5875, 'Phường Đắc Sơn'),
	(172, 5878, 'Phường Đồng Tiến'),
	(172, 5881, 'Xã Thành Công'),
	(172, 5884, 'Phường Tiên Phong'),
	(172, 5887, 'Xã Vạn Phái'),
	(172, 5890, 'Phường Nam Tiến'),
	(172, 5893, 'Phường Tân Hương'),
	(172, 5896, 'Phường Đông Cao'),
	(172, 5899, 'Phường Trung Thành'),
	(172, 5902, 'Phường Tân Phú'),
	(172, 5905, 'Phường Thuận Thành'),
	(173, 5908, 'Thị trấn Hương Sơn'),
	(173, 5911, 'Xã Bàn Đạt'),
	(164, 5914, 'Xã Đồng Liên'),
	(173, 5917, 'Xã Tân Khánh'),
	(173, 5920, 'Xã Tân Kim'),
	(173, 5923, 'Xã Tân Thành'),
	(173, 5926, 'Xã Đào Xá'),
	(173, 5929, 'Xã Bảo Lý'),
	(173, 5932, 'Xã Thượng Đình'),
	(173, 5935, 'Xã Tân Hòa'),
	(173, 5938, 'Xã Nhã Lộng'),
	(173, 5941, 'Xã Điềm Thụy'),
	(173, 5944, 'Xã Xuân Phương'),
	(173, 5947, 'Xã Tân Đức'),
	(173, 5950, 'Xã Úc Kỳ'),
	(173, 5953, 'Xã Lương Phú'),
	(173, 5956, 'Xã Nga My'),
	(173, 5959, 'Xã Kha Sơn'),
	(173, 5962, 'Xã Thanh Ninh'),
	(173, 5965, 'Xã Dương Thành'),
	(173, 5968, 'Xã Hà Châu'),
	(178, 5971, 'Phường Hoàng Văn Thụ'),
	(178, 5974, 'Phường Tam Thanh'),
	(178, 5977, 'Phường Vĩnh Trại'),
	(178, 5980, 'Phường Đông Kinh'),
	(178, 5983, 'Phường Chi Lăng'),
	(178, 5986, 'Xã Hoàng Đồng'),
	(178, 5989, 'Xã Quảng Lạc'),
	(178, 5992, 'Xã Mai Pha'),
	(180, 5998, 'Xã Khánh Long'),
	(180, 6001, 'Xã Đoàn Kết'),
	(180, 6004, 'Xã Quốc Khánh'),
	(180, 6010, 'Xã Cao Minh'),
	(180, 6013, 'Xã Chí Minh'),
	(180, 6016, 'Xã Tri Phương'),
	(180, 6019, 'Xã Tân Tiến'),
	(180, 6022, 'Xã Tân Yên'),
	(180, 6025, 'Xã Đội Cấn'),
	(180, 6028, 'Xã Tân Minh'),
	(180, 6031, 'Xã Kim Đồng'),
	(180, 6034, 'Xã Chi Lăng'),
	(180, 6037, 'Xã Trung Thành'),
	(180, 6040, 'Thị trấn Thất Khê'),
	(180, 6043, 'Xã Đào Viên'),
	(180, 6046, 'Xã Đề Thám'),
	(180, 6049, 'Xã Kháng Chiến'),
	(180, 6055, 'Xã Hùng Sơn'),
	(180, 6058, 'Xã Quốc Việt'),
	(180, 6061, 'Xã Hùng Việt'),
	(181, 6067, 'Xã Hưng Đạo'),
	(181, 6070, 'Xã Vĩnh Yên'),
	(181, 6073, 'Xã Hoa Thám'),
	(181, 6076, 'Xã Quý Hòa'),
	(181, 6079, 'Xã Hồng Phong'),
	(181, 6082, 'Xã Yên Lỗ'),
	(181, 6085, 'Xã Thiện Hòa'),
	(181, 6088, 'Xã Quang Trung'),
	(181, 6091, 'Xã Thiện Thuật'),
	(181, 6094, 'Xã Minh Khai'),
	(181, 6097, 'Xã Thiện Long'),
	(181, 6100, 'Xã Hoàng Văn Thụ'),
	(181, 6103, 'Xã Hòa Bình'),
	(181, 6106, 'Xã Mông Ân'),
	(181, 6109, 'Xã Tân Hòa'),
	(181, 6112, 'Thị trấn Bình Gia'),
	(181, 6115, 'Xã Hồng Thái'),
	(181, 6118, 'Xã Bình La'),
	(181, 6121, 'Xã Tân Văn'),
	(182, 6124, 'Thị trấn Na Sầm'),
	(182, 6127, 'Xã Trùng Khánh'),
	(182, 6133, 'Xã Bắc La'),
	(182, 6136, 'Xã Thụy Hùng'),
	(182, 6139, 'Xã Bắc Hùng'),
	(182, 6142, 'Xã Tân Tác'),
	(182, 6148, 'Xã Thanh Long'),
	(182, 6151, 'Xã Hội Hoan'),
	(182, 6154, 'Xã Bắc Việt'),
	(182, 6157, 'Xã Hoàng Việt'),
	(182, 6160, 'Xã Gia Miễn'),
	(182, 6163, 'Xã Thành Hòa'),
	(182, 6166, 'Xã Tân Thanh'),
	(182, 6172, 'Xã Tân Mỹ'),
	(182, 6175, 'Xã Hồng Thái'),
	(182, 6178, 'Xã Hoàng Văn Thụ'),
	(182, 6181, 'Xã Nhạc Kỳ'),
	(183, 6184, 'Thị trấn Đồng Đăng'),
	(183, 6187, 'Thị trấn Cao Lộc'),
	(183, 6190, 'Xã Bảo Lâm'),
	(183, 6193, 'Xã Thanh Lòa'),
	(183, 6196, 'Xã Cao Lâu'),
	(183, 6199, 'Xã Thạch Đạn'),
	(183, 6202, 'Xã Xuất Lễ'),
	(183, 6205, 'Xã Hồng Phong'),
	(183, 6208, 'Xã Thụy Hùng'),
	(183, 6211, 'Xã Lộc Yên'),
	(183, 6214, 'Xã Phú Xá'),
	(183, 6217, 'Xã Bình Trung'),
	(183, 6220, 'Xã Hải Yến'),
	(183, 6223, 'Xã Hòa Cư'),
	(183, 6226, 'Xã Hợp Thành'),
	(183, 6232, 'Xã Công Sơn'),
	(183, 6235, 'Xã Gia Cát'),
	(183, 6238, 'Xã Mẫu Sơn'),
	(183, 6241, 'Xã Xuân Long'),
	(183, 6244, 'Xã Tân Liên'),
	(183, 6247, 'Xã Yên Trạch'),
	(183, 6250, 'Xã Tân Thành'),
	(184, 6253, 'Thị trấn Văn Quan'),
	(184, 6256, 'Xã Trấn Ninh'),
	(184, 6268, 'Xã Liên Hội'),
	(184, 6274, 'Xã Hòa Bình'),
	(184, 6277, 'Xã Tú Xuyên'),
	(184, 6280, 'Xã Điềm He'),
	(184, 6283, 'Xã An Sơn'),
	(184, 6286, 'Xã Khánh Khê'),
	(184, 6292, 'Xã Lương Năng'),
	(184, 6298, 'Xã Bình Phúc'),
	(184, 6307, 'Xã Tân Đoàn'),
	(184, 6313, 'Xã Tri Lễ'),
	(184, 6316, 'Xã Tràng Phái'),
	(184, 6319, 'Xã Yên Phúc'),
	(184, 6322, 'Xã Hữu Lễ'),
	(185, 6325, 'Thị trấn Bắc Sơn'),
	(185, 6328, 'Xã Long Đống'),
	(185, 6331, 'Xã Vạn Thủy'),
	(185, 6337, 'Xã Đồng ý'),
	(185, 6340, 'Xã Tân Tri'),
	(185, 6343, 'Xã Bắc Quỳnh'),
	(185, 6349, 'Xã Hưng Vũ'),
	(185, 6352, 'Xã Tân Lập'),
	(185, 6355, 'Xã Vũ Sơn'),
	(185, 6358, 'Xã Chiêu Vũ'),
	(185, 6361, 'Xã Tân Hương'),
	(185, 6364, 'Xã Chiến Thắng'),
	(185, 6367, 'Xã Vũ Lăng'),
	(185, 6370, 'Xã Trấn Yên'),
	(185, 6373, 'Xã Vũ Lễ'),
	(185, 6376, 'Xã Nhất Hòa'),
	(185, 6379, 'Xã Tân Thành'),
	(185, 6382, 'Xã Nhất Tiến'),
	(186, 6385, 'Thị trấn Hữu Lũng'),
	(186, 6388, 'Xã Hữu Liên'),
	(186, 6391, 'Xã Yên Bình'),
	(186, 6394, 'Xã Quyết Thắng'),
	(186, 6397, 'Xã Hòa Bình'),
	(186, 6400, 'Xã Yên Thịnh'),
	(186, 6403, 'Xã Yên Sơn'),
	(186, 6406, 'Xã Thiện Tân'),
	(186, 6412, 'Xã Yên Vượng'),
	(186, 6415, 'Xã Minh Tiến'),
	(186, 6418, 'Xã Nhật Tiến'),
	(186, 6421, 'Xã Thanh Sơn'),
	(186, 6424, 'Xã Đồng Tân'),
	(186, 6427, 'Xã Cai Kinh'),
	(186, 6430, 'Xã Hòa Lạc'),
	(186, 6433, 'Xã Vân Nham'),
	(186, 6436, 'Xã Đồng Tiến'),
	(186, 6442, 'Xã Tân Thành'),
	(186, 6445, 'Xã Hòa Sơn'),
	(186, 6448, 'Xã Minh Sơn'),
	(186, 6451, 'Xã Hồ Sơn'),
	(186, 6457, 'Xã Minh Hòa'),
	(186, 6460, 'Xã Hòa Thắng'),
	(187, 6463, 'Thị trấn Đồng Mỏ'),
	(187, 6466, 'Thị trấn Chi Lăng'),
	(187, 6469, 'Xã Vân An'),
	(187, 6472, 'Xã Vân Thủy'),
	(187, 6475, 'Xã Gia Lộc'),
	(187, 6478, 'Xã Bắc Thủy'),
	(187, 6481, 'Xã Chiến Thắng'),
	(187, 6484, 'Xã Mai Sao'),
	(187, 6487, 'Xã Bằng Hữu'),
	(187, 6490, 'Xã Thượng Cường'),
	(187, 6493, 'Xã Bằng Mạc'),
	(187, 6496, 'Xã Nhân Lý'),
	(187, 6499, 'Xã Lâm Sơn'),
	(187, 6502, 'Xã Liên Sơn'),
	(187, 6505, 'Xã Vạn Linh'),
	(187, 6508, 'Xã Hòa Bình'),
	(187, 6514, 'Xã Hữu Kiên'),
	(187, 6517, 'Xã Quan Sơn'),
	(187, 6520, 'Xã Y Tịch'),
	(187, 6523, 'Xã Chi Lăng'),
	(188, 6526, 'Thị trấn Na Dương'),
	(188, 6529, 'Thị trấn Lộc Bình'),
	(188, 6532, 'Xã Mẫu Sơn'),
	(188, 6541, 'Xã Yên Khoái'),
	(188, 6544, 'Xã Khánh Xuân'),
	(188, 6547, 'Xã Tú Mịch'),
	(188, 6550, 'Xã Hữu Khánh'),
	(188, 6553, 'Xã Đồng Bục'),
	(188, 6559, 'Xã Tam Gia'),
	(188, 6562, 'Xã Tú Đoạn'),
	(188, 6565, 'Xã Khuất Xá'),
	(188, 6577, 'Xã Thống Nhất'),
	(188, 6589, 'Xã Sàn Viên'),
	(188, 6592, 'Xã Đông Quan'),
	(188, 6595, 'Xã Minh Hiệp'),
	(188, 6598, 'Xã Hữu Lân'),
	(188, 6601, 'Xã Lợi Bác'),
	(188, 6604, 'Xã Nam Quan'),
	(188, 6607, 'Xã Xuân Dương'),
	(188, 6610, 'Xã Ái Quốc'),
	(189, 6613, 'Thị trấn Đình Lập'),
	(189, 6616, 'Thị trấn NT Thái Bình'),
	(189, 6619, 'Xã Bắc Xa'),
	(189, 6622, 'Xã Bính Xá'),
	(189, 6625, 'Xã Kiên Mộc'),
	(189, 6628, 'Xã Đình Lập'),
	(189, 6631, 'Xã Thái Bình'),
	(189, 6634, 'Xã Cường Lợi'),
	(189, 6637, 'Xã Châu Sơn'),
	(189, 6640, 'Xã Lâm Ca'),
	(189, 6643, 'Xã Đồng Thắng'),
	(189, 6646, 'Xã Bắc Lãng'),
	(193, 6649, 'Phường Hà Khánh'),
	(193, 6652, 'Phường Hà Phong'),
	(193, 6655, 'Phường Hà Khẩu'),
	(193, 6658, 'Phường Cao Xanh'),
	(193, 6661, 'Phường Giếng Đáy'),
	(193, 6664, 'Phường Hà Tu'),
	(193, 6667, 'Phường Hà Trung'),
	(193, 6670, 'Phường Hà Lầm'),
	(193, 6673, 'Phường Bãi Cháy'),
	(193, 6676, 'Phường Cao Thắng'),
	(193, 6679, 'Phường Hùng Thắng'),
	(193, 6685, 'Phường Trần Hưng Đạo'),
	(193, 6688, 'Phường Hồng Hải'),
	(193, 6691, 'Phường Hồng Gai'),
	(193, 6694, 'Phường Bạch Đằng'),
	(193, 6697, 'Phường Hồng Hà'),
	(193, 6700, 'Phường Tuần Châu'),
	(193, 6703, 'Phường Việt Hưng'),
	(193, 6706, 'Phường Đại Yên'),
	(194, 6709, 'Phường Ka Long'),
	(194, 6712, 'Phường Trần Phú'),
	(194, 6715, 'Phường Ninh Dương'),
	(194, 6721, 'Phường Trà Cổ'),
	(194, 6724, 'Xã Hải Sơn'),
	(194, 6727, 'Xã Bắc Sơn'),
	(194, 6730, 'Xã Hải Đông'),
	(194, 6733, 'Xã Hải Tiến'),
	(194, 6736, 'Phường Hải Yên'),
	(194, 6739, 'Xã Quảng Nghĩa'),
	(194, 6742, 'Phường Hải Hoà'),
	(194, 6745, 'Xã Hải Xuân'),
	(194, 6748, 'Xã Vạn Ninh'),
	(194, 6751, 'Phường Bình Ngọc'),
	(194, 6754, 'Xã Vĩnh Trung'),
	(194, 6757, 'Xã Vĩnh Thực'),
	(195, 6760, 'Phường Mông Dương'),
	(195, 6763, 'Phường Cửa Ông'),
	(195, 6766, 'Phường Cẩm Sơn'),
	(195, 6769, 'Phường Cẩm Đông'),
	(195, 6772, 'Phường Cẩm Phú'),
	(195, 6775, 'Phường Cẩm Tây'),
	(195, 6778, 'Phường Quang Hanh'),
	(195, 6781, 'Phường Cẩm Thịnh'),
	(195, 6784, 'Phường Cẩm Thủy'),
	(195, 6787, 'Phường Cẩm Thạch'),
	(195, 6790, 'Phường Cẩm Thành'),
	(195, 6793, 'Phường Cẩm Trung'),
	(195, 6796, 'Phường Cẩm Bình'),
	(195, 6799, 'Xã Hải Hòa'),
	(195, 6805, 'Xã Dương Huy'),
	(196, 6808, 'Phường Vàng Danh'),
	(196, 6811, 'Phường Thanh Sơn'),
	(196, 6814, 'Phường Bắc Sơn'),
	(196, 6817, 'Phường Quang Trung'),
	(196, 6820, 'Phường Trưng Vương'),
	(196, 6823, 'Phường Nam Khê'),
	(196, 6826, 'Phường Yên Thanh'),
	(196, 6829, 'Xã Thượng Yên Công'),
	(196, 6832, 'Phường Phương Đông'),
	(196, 6835, 'Phường Phương Nam'),
	(198, 6838, 'Thị trấn Bình Liêu'),
	(198, 6841, 'Xã Hoành Mô'),
	(198, 6844, 'Xã Đồng Tâm'),
	(198, 6847, 'Xã Đồng Văn'),
	(198, 6853, 'Xã Vô Ngại'),
	(198, 6856, 'Xã Lục Hồn'),
	(198, 6859, 'Xã Húc Động'),
	(199, 6862, 'Thị trấn Tiên Yên'),
	(199, 6865, 'Xã Hà Lâu'),
	(199, 6868, 'Xã Đại Dực'),
	(199, 6871, 'Xã Phong Dụ'),
	(199, 6874, 'Xã Điền Xá'),
	(199, 6877, 'Xã Đông Ngũ'),
	(199, 6880, 'Xã Yên Than'),
	(199, 6883, 'Xã Đông Hải'),
	(199, 6886, 'Xã Hải Lạng'),
	(199, 6889, 'Xã Tiên Lãng'),
	(199, 6892, 'Xã Đồng Rui'),
	(200, 6895, 'Thị trấn Đầm Hà'),
	(200, 6898, 'Xã Quảng Lâm'),
	(200, 6901, 'Xã Quảng An'),
	(200, 6904, 'Xã Tân Bình'),
	(200, 6910, 'Xã Dực Yên'),
	(200, 6913, 'Xã Quảng Tân'),
	(200, 6916, 'Xã Đầm Hà'),
	(200, 6917, 'Xã Tân Lập'),
	(200, 6919, 'Xã Đại Bình'),
	(201, 6922, 'Thị trấn Quảng Hà'),
	(201, 6925, 'Xã Quảng Đức'),
	(201, 6928, 'Xã Quảng Sơn'),
	(201, 6931, 'Xã Quảng Thành'),
	(201, 6937, 'Xã Quảng Thịnh'),
	(201, 6940, 'Xã Quảng Minh'),
	(201, 6943, 'Xã Quảng Chính'),
	(201, 6946, 'Xã Quảng Long'),
	(201, 6949, 'Xã Đường Hoa'),
	(201, 6952, 'Xã Quảng Phong'),
	(201, 6967, 'Xã Cái Chiên'),
	(202, 6970, 'Thị trấn Ba Chẽ'),
	(202, 6973, 'Xã Thanh Sơn'),
	(202, 6976, 'Xã Thanh Lâm'),
	(202, 6979, 'Xã Đạp Thanh'),
	(202, 6982, 'Xã Nam Sơn'),
	(202, 6985, 'Xã Lương Minh'),
	(202, 6988, 'Xã Đồn Đạc'),
	(203, 6994, 'Thị trấn Cái Rồng'),
	(203, 6997, 'Xã Đài Xuyên'),
	(203, 7000, 'Xã Bình Dân'),
	(203, 7003, 'Xã Vạn Yên'),
	(203, 7006, 'Xã Minh Châu'),
	(203, 7009, 'Xã Đoàn Kết'),
	(203, 7012, 'Xã Hạ Long'),
	(203, 7015, 'Xã Đông Xá'),
	(203, 7018, 'Xã Bản Sen'),
	(203, 7021, 'Xã Thắng Lợi'),
	(203, 7024, 'Xã Quan Lạn'),
	(203, 7027, 'Xã Ngọc Vừng'),
	(193, 7030, 'Phường Hoành Bồ'),
	(193, 7033, 'Xã Kỳ Thượng'),
	(193, 7036, 'Xã Đồng Sơn'),
	(193, 7039, 'Xã Tân Dân'),
	(193, 7042, 'Xã Đồng Lâm'),
	(193, 7045, 'Xã Hòa Bình'),
	(193, 7048, 'Xã Vũ Oai'),
	(193, 7051, 'Xã Dân Chủ'),
	(193, 7054, 'Xã Quảng La'),
	(193, 7057, 'Xã Bằng Cả'),
	(193, 7060, 'Xã Thống Nhất'),
	(193, 7063, 'Xã Sơn Dương'),
	(193, 7066, 'Xã Lê Lợi'),
	(205, 7069, 'Phường Mạo Khê'),
	(205, 7075, 'Xã An Sinh'),
	(205, 7078, 'Xã Tràng Lương'),
	(205, 7081, 'Phường Bình Khê'),
	(205, 7084, 'Xã Việt Dân'),
	(205, 7090, 'Phường Bình Dương'),
	(205, 7093, 'Phường Đức Chính'),
	(205, 7096, 'Phường Tràng An'),
	(205, 7099, 'Xã Nguyễn Huệ'),
	(205, 7102, 'Phường Thủy An'),
	(205, 7105, 'Phường Xuân Sơn'),
	(205, 7108, 'Xã Hồng Thái Tây'),
	(205, 7111, 'Xã Hồng Thái Đông'),
	(205, 7114, 'Phường Hoàng Quế'),
	(205, 7117, 'Phường Yên Thọ'),
	(205, 7120, 'Phường Hồng Phong'),
	(205, 7123, 'Phường Kim Sơn'),
	(205, 7126, 'Phường Hưng Đạo'),
	(205, 7129, 'Phường Yên Đức'),
	(206, 7132, 'Phường Quảng Yên'),
	(206, 7135, 'Phường Đông Mai'),
	(206, 7138, 'Phường Minh Thành'),
	(206, 7144, 'Xã Sông Khoai'),
	(206, 7147, 'Xã Hiệp Hòa'),
	(206, 7150, 'Phường Cộng Hòa'),
	(206, 7153, 'Xã Tiền An'),
	(206, 7156, 'Xã Hoàng Tân'),
	(206, 7159, 'Phường Tân An'),
	(206, 7162, 'Phường Yên Giang'),
	(206, 7165, 'Phường Nam Hoà'),
	(206, 7168, 'Phường Hà An'),
	(206, 7171, 'Xã Cẩm La'),
	(206, 7174, 'Phường Phong Hải'),
	(206, 7177, 'Phường Yên Hải'),
	(206, 7180, 'Xã Liên Hòa'),
	(206, 7183, 'Phường Phong Cốc'),
	(206, 7186, 'Xã Liên Vị'),
	(206, 7189, 'Xã Tiền Phong'),
	(207, 7192, 'Thị trấn Cô Tô'),
	(207, 7195, 'Xã Đồng Tiến'),
	(207, 7198, 'Xã Thanh Lân'),
	(213, 7201, 'Phường Thọ Xương'),
	(213, 7207, 'Phường Ngô Quyền'),
	(213, 7210, 'Phường Hoàng Văn Thụ'),
	(213, 7213, 'Phường Trần Phú'),
	(213, 7216, 'Phường Mỹ Độ'),
	(213, 7222, 'Phường Song Mai'),
	(213, 7225, 'Phường Xương Giang'),
	(213, 7228, 'Phường Đa Mai'),
	(213, 7231, 'Phường Dĩnh Kế'),
	(215, 7243, 'Xã Đồng Tiến'),
	(215, 7246, 'Xã Canh Nậu'),
	(215, 7249, 'Xã Xuân Lương'),
	(215, 7252, 'Xã Tam Tiến'),
	(215, 7255, 'Xã Đồng Vương'),
	(215, 7258, 'Xã Đồng Hưu'),
	(215, 7260, 'Xã Đồng Tâm'),
	(215, 7261, 'Xã Tân Hiệp'),
	(215, 7264, 'Xã Tiến Thắng'),
	(215, 7270, 'Xã Đồng Lạc'),
	(215, 7273, 'Xã Đông Sơn'),
	(215, 7279, 'Xã Hương Vĩ'),
	(215, 7282, 'Xã Đồng Kỳ'),
	(215, 7285, 'Xã An Thượng'),
	(215, 7288, 'Thị trấn Phồn Xương'),
	(215, 7291, 'Xã Tân Sỏi'),
	(215, 7294, 'Thị trấn Bố Hạ'),
	(216, 7306, 'Thị trấn Nhã Nam'),
	(216, 7309, 'Xã Tân Trung'),
	(216, 7315, 'Xã Quang Trung'),
	(216, 7321, 'Xã An Dương'),
	(216, 7324, 'Xã Phúc Hòa'),
	(216, 7327, 'Xã Liên Sơn'),
	(216, 7330, 'Xã Hợp Đức'),
	(216, 7333, 'Xã Lam Sơn'),
	(216, 7336, 'Xã Cao Xá'),
	(216, 7339, 'Thị trấn Cao Thượng'),
	(216, 7342, 'Xã Việt Ngọc'),
	(216, 7345, 'Xã Song Vân'),
	(216, 7348, 'Xã Ngọc Châu'),
	(216, 7351, 'Xã Ngọc Vân'),
	(216, 7354, 'Xã Việt Lập'),
	(216, 7357, 'Xã Liên Chung'),
	(216, 7360, 'Xã Ngọc Thiện'),
	(216, 7363, 'Xã Ngọc Lý'),
	(216, 7366, 'Xã Quế Nham'),
	(217, 7375, 'Thị trấn Vôi'),
	(217, 7378, 'Xã Nghĩa Hòa'),
	(217, 7381, 'Xã Nghĩa Hưng'),
	(217, 7384, 'Xã Quang Thịnh'),
	(217, 7387, 'Xã Hương Sơn'),
	(217, 7390, 'Xã Đào Mỹ'),
	(217, 7393, 'Xã Tiên Lục'),
	(217, 7396, 'Xã An Hà'),
	(217, 7399, 'Thị trấn Kép'),
	(217, 7405, 'Xã Hương Lạc'),
	(217, 7408, 'Xã Dương Đức'),
	(217, 7411, 'Xã Tân Thanh'),
	(217, 7417, 'Xã Tân Hưng'),
	(217, 7420, 'Xã Mỹ Thái'),
	(217, 7426, 'Xã Xương Lâm'),
	(217, 7429, 'Xã Xuân Hương'),
	(217, 7432, 'Xã Tân Dĩnh'),
	(217, 7435, 'Xã Đại Lâm'),
	(217, 7438, 'Xã Thái Đào'),
	(213, 7441, 'Phường Dĩnh Trì'),
	(218, 7444, 'Thị trấn Đồi Ngô'),
	(218, 7450, 'Xã Đông Hưng'),
	(218, 7453, 'Xã Đông Phú'),
	(218, 7456, 'Xã Tam Dị'),
	(218, 7459, 'Xã Bảo Sơn'),
	(218, 7462, 'Xã Bảo Đài'),
	(218, 7465, 'Xã Thanh Lâm'),
	(218, 7468, 'Xã Tiên Nha'),
	(218, 7471, 'Xã Trường Giang'),
	(218, 7477, 'Thị trấn Phương Sơn'),
	(218, 7480, 'Xã Chu Điện'),
	(218, 7483, 'Xã Cương Sơn'),
	(218, 7486, 'Xã Nghĩa Phương'),
	(218, 7489, 'Xã Vô Tranh'),
	(218, 7492, 'Xã Bình Sơn'),
	(218, 7495, 'Xã Lan Mẫu'),
	(218, 7498, 'Xã Yên Sơn'),
	(218, 7501, 'Xã Khám Lạng'),
	(218, 7504, 'Xã Huyền Sơn'),
	(218, 7507, 'Xã Trường Sơn'),
	(218, 7510, 'Xã Lục Sơn'),
	(218, 7513, 'Xã Bắc Lũng'),
	(218, 7519, 'Xã Cẩm Lý'),
	(218, 7522, 'Xã Đan Hội'),
	(224, 7525, 'Phường Chũ'),
	(219, 7528, 'Xã Cấm Sơn'),
	(219, 7531, 'Xã Tân Sơn'),
	(219, 7534, 'Xã Phong Minh'),
	(219, 7537, 'Xã Phong Vân'),
	(219, 7540, 'Xã Xa Lý'),
	(219, 7543, 'Xã Hộ Đáp'),
	(219, 7546, 'Xã Sơn Hải'),
	(224, 7549, 'Phường Thanh Hải'),
	(224, 7552, 'Xã Kiên Lao'),
	(219, 7555, 'Xã Biên Sơn'),
	(224, 7558, 'Xã Kiên Thành'),
	(224, 7561, 'Phường Hồng Giang'),
	(219, 7564, 'Xã Kim Sơn'),
	(219, 7567, 'Xã Tân Hoa'),
	(219, 7570, 'Xã Giáp Sơn'),
	(219, 7573, 'Thị trấn Biển Động'),
	(224, 7576, 'Xã Quý Sơn'),
	(224, 7579, 'Phường Trù Hựu'),
	(219, 7582, 'Thị trấn Phì Điền'),
	(219, 7588, 'Xã Tân Quang'),
	(219, 7591, 'Xã Đồng Cốc'),
	(219, 7594, 'Xã Tân Lập'),
	(219, 7597, 'Xã Phú Nhuận'),
	(224, 7600, 'Xã Mỹ An'),
	(224, 7603, 'Xã Nam Dương'),
	(219, 7606, 'Xã Tân Mộc'),
	(219, 7609, 'Xã Đèo Gia'),
	(224, 7612, 'Phường Phượng Sơn'),
	(220, 7615, 'Thị trấn An Châu'),
	(220, 7616, 'Thị trấn Tây Yên Tử'),
	(220, 7621, 'Xã Vân Sơn'),
	(220, 7624, 'Xã Hữu Sản'),
	(220, 7627, 'Xã Đại Sơn'),
	(220, 7630, 'Xã Phúc Sơn'),
	(220, 7636, 'Xã Giáo Liêm'),
	(220, 7642, 'Xã Cẩm Đàn'),
	(220, 7645, 'Xã An Lạc'),
	(220, 7648, 'Xã Vĩnh An'),
	(220, 7651, 'Xã Yên Định'),
	(220, 7654, 'Xã Lệ Viễn'),
	(220, 7660, 'Xã An Bá'),
	(220, 7663, 'Xã Tuấn Đạo'),
	(220, 7666, 'Xã Dương Hưu'),
	(220, 7672, 'Xã Long Sơn'),
	(220, 7678, 'Xã Thanh Luận'),
	(213, 7681, 'Phường Nham Biền'),
	(213, 7682, 'Phường Tân An'),
	(213, 7687, 'Phường Tân Mỹ'),
	(213, 7690, 'Phường Hương Gián'),
	(213, 7693, 'Xã Tân An'),
	(213, 7696, 'Phường Đồng Sơn'),
	(213, 7699, 'Phường Tân Tiến'),
	(213, 7702, 'Xã Quỳnh Sơn'),
	(213, 7705, 'Phường Song Khê'),
	(213, 7708, 'Phường Nội Hoàng'),
	(213, 7711, 'Phường Tiền Phong'),
	(213, 7714, 'Xã Xuân Phú'),
	(213, 7717, 'Phường Tân Liễu'),
	(213, 7720, 'Xã Trí Yên'),
	(213, 7723, 'Xã Lãng Sơn'),
	(213, 7726, 'Xã Yên Lư'),
	(213, 7729, 'Xã Tiến Dũng'),
	(213, 7732, 'Xã Nham Sơn'),
	(213, 7735, 'Xã Đức Giang'),
	(213, 7738, 'Phường Cảnh Thụy'),
	(213, 7741, 'Xã Tư Mại'),
	(213, 7744, 'Xã Thắng Cương'),
	(213, 7747, 'Xã Đồng Việt'),
	(213, 7750, 'Xã Đồng Phúc'),
	(222, 7759, 'Xã Thượng Lan'),
	(222, 7762, 'Xã Việt Tiến'),
	(222, 7765, 'Xã Nghĩa Trung'),
	(222, 7768, 'Xã Minh Đức'),
	(222, 7771, 'Xã Hương Mai'),
	(222, 7774, 'Phường Tự Lạn'),
	(222, 7777, 'Phường Bích Động'),
	(222, 7780, 'Xã Trung Sơn'),
	(222, 7783, 'Phường Hồng Thái'),
	(222, 7786, 'Xã Tiên Sơn'),
	(222, 7789, 'Phường Tăng Tiến'),
	(222, 7792, 'Phường Quảng Minh'),
	(222, 7795, 'Phường Nếnh'),
	(222, 7798, 'Phường Ninh Sơn'),
	(222, 7801, 'Phường Vân Trung'),
	(222, 7804, 'Xã Vân Hà'),
	(222, 7807, 'Phường Quang Châu'),
	(223, 7816, 'Xã Đồng Tiến'),
	(223, 7822, 'Xã Hoàng Vân'),
	(223, 7825, 'Xã Toàn Thắng'),
	(223, 7831, 'Xã Ngọc Sơn'),
	(223, 7840, 'Thị trấn Thắng'),
	(223, 7843, 'Xã Sơn Thịnh'),
	(223, 7846, 'Xã Lương Phong'),
	(223, 7849, 'Xã Hùng Thái'),
	(223, 7855, 'Xã Thường Thắng'),
	(223, 7858, 'Xã Hợp Thịnh'),
	(223, 7861, 'Xã Danh Thắng'),
	(223, 7864, 'Xã Mai Trung'),
	(223, 7867, 'Xã Đoan Bái'),
	(223, 7870, 'Thị trấn Bắc Lý'),
	(223, 7873, 'Xã Xuân Cẩm'),
	(223, 7876, 'Xã Hương Lâm'),
	(223, 7879, 'Xã Đông Lỗ'),
	(223, 7882, 'Xã Châu Minh'),
	(223, 7885, 'Xã Mai Đình'),
	(227, 7888, 'Phường Dữu Lâu'),
	(227, 7894, 'Phường Nông Trang'),
	(227, 7897, 'Phường Tân Dân'),
	(227, 7900, 'Phường Gia Cẩm'),
	(227, 7903, 'Phường Tiên Cát'),
	(227, 7906, 'Phường Thọ Sơn'),
	(227, 7909, 'Phường Thanh Miếu'),
	(227, 7912, 'Phường Bạch Hạc'),
	(227, 7918, 'Phường Vân Phú'),
	(227, 7921, 'Xã Phượng Lâu'),
	(227, 7924, 'Xã Thụy Vân'),
	(227, 7927, 'Phường Minh Phương'),
	(227, 7930, 'Xã Trưng Vương'),
	(227, 7933, 'Phường Minh Nông'),
	(227, 7936, 'Xã Sông Lô'),
	(228, 7942, 'Phường Hùng Vương'),
	(228, 7945, 'Phường Phong Châu'),
	(228, 7948, 'Phường Âu Cơ'),
	(228, 7951, 'Xã Hà Lộc'),
	(228, 7954, 'Xã Phú Hộ'),
	(228, 7957, 'Xã Văn Lung'),
	(228, 7960, 'Xã Thanh Minh'),
	(228, 7963, 'Xã Hà Thạch'),
	(228, 7966, 'Phường Thanh Vinh'),
	(230, 7969, 'Thị trấn Đoan Hùng'),
	(230, 7975, 'Xã Hùng Xuyên'),
	(230, 7981, 'Xã Bằng Luân'),
	(230, 7987, 'Xã Phú Lâm'),
	(230, 7996, 'Xã Bằng Doãn'),
	(230, 7999, 'Xã Chí Đám'),
	(230, 8005, 'Xã Phúc Lai'),
	(230, 8008, 'Xã Ngọc Quan'),
	(230, 8014, 'Xã Hợp Nhất'),
	(230, 8023, 'Xã Tây Cốc'),
	(230, 8035, 'Xã Hùng Long'),
	(230, 8038, 'Xã Yên Kiện'),
	(230, 8044, 'Xã Chân Mộng'),
	(230, 8050, 'Xã Ca Đình'),
	(231, 8053, 'Thị trấn Hạ Hoà'),
	(231, 8056, 'Xã Đại Phạm'),
	(231, 8062, 'Xã Đan Thượng'),
	(231, 8065, 'Xã Hà Lương'),
	(231, 8071, 'Xã Tứ Hiệp'),
	(231, 8080, 'Xã Hiền Lương'),
	(231, 8089, 'Xã Phương Viên'),
	(231, 8092, 'Xã Gia Điền'),
	(231, 8095, 'Xã Ấm Hạ'),
	(231, 8104, 'Xã Hương Xạ'),
	(231, 8110, 'Xã Xuân Áng'),
	(231, 8113, 'Xã Yên Kỳ'),
	(231, 8119, 'Xã Minh Hạc'),
	(231, 8122, 'Xã Lang Sơn'),
	(231, 8125, 'Xã Bằng Giã'),
	(231, 8128, 'Xã Yên Luật'),
	(231, 8131, 'Xã Vô Tranh'),
	(231, 8134, 'Xã Văn Lang'),
	(231, 8140, 'Xã Minh Côi'),
	(231, 8143, 'Xã Vĩnh Chân'),
	(232, 8152, 'Thị trấn Thanh Ba'),
	(232, 8156, 'Xã Vân Lĩnh'),
	(232, 8158, 'Xã Đông Lĩnh'),
	(232, 8161, 'Xã Đại An'),
	(232, 8164, 'Xã Hanh Cù'),
	(232, 8170, 'Xã Đồng Xuân'),
	(232, 8173, 'Xã Quảng Yên'),
	(232, 8179, 'Xã Ninh Dân'),
	(232, 8194, 'Xã Võ Lao'),
	(232, 8197, 'Xã Khải Xuân'),
	(232, 8200, 'Xã Mạn Lạn'),
	(232, 8203, 'Xã Hoàng Cương'),
	(232, 8206, 'Xã Chí Tiên'),
	(232, 8209, 'Xã Đông Thành'),
	(232, 8215, 'Xã Sơn Cương'),
	(232, 8218, 'Xã Thanh Hà'),
	(232, 8221, 'Xã Đỗ Sơn'),
	(232, 8224, 'Xã Đỗ Xuyên'),
	(232, 8227, 'Xã Lương Lỗ'),
	(233, 8230, 'Thị trấn Phong Châu'),
	(233, 8233, 'Xã Phú Mỹ'),
	(233, 8234, 'Xã Lệ Mỹ'),
	(233, 8236, 'Xã Liên Hoa'),
	(233, 8239, 'Xã Trạm Thản'),
	(233, 8242, 'Xã Trị Quận'),
	(233, 8245, 'Xã Trung Giáp'),
	(233, 8248, 'Xã Tiên Phú'),
	(233, 8251, 'Xã Hạ Giáp'),
	(233, 8254, 'Xã Bảo Thanh'),
	(233, 8257, 'Xã Phú Lộc'),
	(233, 8260, 'Xã Gia Thanh'),
	(233, 8263, 'Xã Tiên Du'),
	(233, 8266, 'Xã Phú Nham'),
	(233, 8272, 'Xã An Đạo'),
	(233, 8275, 'Xã Bình Phú'),
	(233, 8278, 'Xã Phù Ninh'),
	(227, 8281, 'Xã Kim Đức'),
	(227, 8287, 'Xã Hùng Lô'),
	(234, 8290, 'Thị trấn Yên Lập'),
	(234, 8293, 'Xã Mỹ Lung'),
	(234, 8296, 'Xã Mỹ Lương'),
	(234, 8299, 'Xã Lương Sơn'),
	(234, 8302, 'Xã Xuân An'),
	(234, 8305, 'Xã Xuân Viên'),
	(234, 8308, 'Xã Xuân Thủy'),
	(234, 8311, 'Xã Trung Sơn'),
	(234, 8314, 'Xã Hưng Long'),
	(234, 8317, 'Xã Nga Hoàng'),
	(234, 8320, 'Xã Đồng Lạc'),
	(234, 8323, 'Xã Thượng Long'),
	(234, 8326, 'Xã Đồng Thịnh'),
	(234, 8329, 'Xã Phúc Khánh'),
	(234, 8332, 'Xã Minh Hòa'),
	(234, 8335, 'Xã Ngọc Lập'),
	(234, 8338, 'Xã Ngọc Đồng'),
	(235, 8341, 'Thị trấn Cẩm Khê'),
	(235, 8344, 'Xã Tiên Lương'),
	(235, 8350, 'Xã Minh Thắng'),
	(235, 8353, 'Xã Minh Tân'),
	(235, 8356, 'Xã Phượng Vĩ'),
	(235, 8374, 'Xã Tùng Khê'),
	(235, 8377, 'Xã Tam Sơn'),
	(235, 8380, 'Xã Văn Bán'),
	(235, 8389, 'Xã Phong Thịnh'),
	(235, 8398, 'Xã Phú Khê'),
	(235, 8401, 'Xã Hương Lung'),
	(235, 8413, 'Xã Nhật Tiến'),
	(235, 8416, 'Xã Hùng Việt'),
	(235, 8422, 'Xã Yên Dưỡng'),
	(235, 8428, 'Xã Điêu Lương'),
	(235, 8431, 'Xã Đồng Lương'),
	(236, 8434, 'Thị trấn Hưng Hoá'),
	(236, 8440, 'Xã Hiền Quan'),
	(236, 8443, 'Xã Bắc Sơn'),
	(236, 8446, 'Xã Thanh Uyên'),
	(236, 8461, 'Xã Lam Sơn'),
	(236, 8467, 'Xã Vạn Xuân'),
	(236, 8470, 'Xã Quang Húc'),
	(236, 8473, 'Xã Hương Nộn'),
	(236, 8476, 'Xã Tề Lễ'),
	(236, 8479, 'Xã Thọ Văn'),
	(236, 8482, 'Xã Dị Nậu'),
	(236, 8491, 'Xã Dân Quyền'),
	(237, 8494, 'Thị trấn Lâm Thao'),
	(237, 8497, 'Xã Tiên Kiên'),
	(237, 8498, 'Thị trấn Hùng Sơn'),
	(237, 8500, 'Xã Xuân Lũng'),
	(227, 8503, 'Xã Hy Cương'),
	(227, 8506, 'Xã Chu Hóa'),
	(237, 8509, 'Xã Xuân Huy'),
	(237, 8512, 'Xã Thạch Sơn'),
	(227, 8515, 'Xã Thanh Đình'),
	(237, 8518, 'Xã Sơn Vi'),
	(237, 8521, 'Xã Phùng Nguyên'),
	(237, 8527, 'Xã Cao Xá'),
	(237, 8533, 'Xã Vĩnh Lại'),
	(237, 8536, 'Xã Tứ Xã'),
	(237, 8539, 'Xã Bản Nguyên'),
	(238, 8542, 'Thị trấn Thanh Sơn'),
	(240, 8545, 'Xã Thu Cúc'),
	(240, 8548, 'Xã Thạch Kiệt'),
	(240, 8551, 'Xã Thu Ngạc'),
	(240, 8554, 'Xã Kiệt Sơn'),
	(240, 8557, 'Xã Đồng Sơn'),
	(240, 8560, 'Xã Lai Đồng'),
	(238, 8563, 'Xã Sơn Hùng'),
	(240, 8566, 'Thị trấn Tân Phú'),
	(240, 8569, 'Xã Mỹ Thuận'),
	(238, 8572, 'Xã Địch Quả'),
	(238, 8575, 'Xã Giáp Lai'),
	(240, 8578, 'Xã Tân Sơn'),
	(238, 8581, 'Xã Thục Luyện'),
	(238, 8584, 'Xã Võ Miếu'),
	(238, 8587, 'Xã Thạch Khoán'),
	(240, 8590, 'Xã Xuân Đài'),
	(240, 8593, 'Xã Minh Đài'),
	(240, 8596, 'Xã Văn Luông'),
	(240, 8599, 'Xã Xuân Sơn'),
	(238, 8602, 'Xã Cự Thắng'),
	(238, 8605, 'Xã Tất Thắng'),
	(240, 8608, 'Xã Long Cốc'),
	(238, 8611, 'Xã Văn Miếu'),
	(238, 8614, 'Xã Cự Đồng'),
	(240, 8617, 'Xã Kim Thượng'),
	(240, 8620, 'Xã Tam Thanh'),
	(238, 8623, 'Xã Thắng Sơn'),
	(240, 8626, 'Xã Vinh Tiền'),
	(238, 8629, 'Xã Tân Minh'),
	(238, 8632, 'Xã Hương Cần'),
	(238, 8635, 'Xã Khả Cửu'),
	(238, 8638, 'Xã Đông Cửu'),
	(238, 8641, 'Xã Tân Lập'),
	(238, 8644, 'Xã Yên Lãng'),
	(238, 8647, 'Xã Yên Lương'),
	(238, 8650, 'Xã Thượng Cửu'),
	(238, 8653, 'Xã Lương Nha'),
	(238, 8656, 'Xã Yên Sơn'),
	(238, 8659, 'Xã Tinh Nhuệ'),
	(239, 8662, 'Xã Đào Xá'),
	(239, 8665, 'Xã Thạch Đồng'),
	(239, 8668, 'Xã Xuân Lộc'),
	(239, 8671, 'Xã Tân Phương'),
	(239, 8674, 'Thị trấn Thanh Thủy'),
	(239, 8677, 'Xã Sơn Thủy'),
	(239, 8680, 'Xã Bảo Yên'),
	(239, 8683, 'Xã Đoan Hạ'),
	(239, 8686, 'Xã Đồng Trung'),
	(239, 8689, 'Xã Hoàng Xá'),
	(239, 8701, 'Xã Tu Vũ'),
	(243, 8707, 'Phường Tích Sơn'),
	(243, 8710, 'Phường Liên Bảo'),
	(243, 8713, 'Phường Hội Hợp'),
	(243, 8716, 'Phường Đống Đa'),
	(243, 8719, 'Phường Ngô Quyền'),
	(243, 8722, 'Phường Đồng Tâm'),
	(243, 8725, 'Phường Định Trung'),
	(243, 8728, 'Phường Khai Quang'),
	(243, 8731, 'Xã Thanh Trù'),
	(244, 8737, 'Phường Hùng Vương'),
	(244, 8740, 'Phường Hai Bà Trưng'),
	(244, 8743, 'Phường Phúc Thắng'),
	(244, 8746, 'Phường Xuân Hoà'),
	(244, 8747, 'Phường Đồng Xuân'),
	(244, 8749, 'Xã Ngọc Thanh'),
	(244, 8752, 'Xã Cao Minh'),
	(244, 8755, 'Phường Nam Viêm'),
	(244, 8758, 'Phường Tiền Châu'),
	(246, 8761, 'Thị trấn Lập Thạch'),
	(246, 8764, 'Xã Quang Sơn'),
	(246, 8767, 'Xã Ngọc Mỹ'),
	(246, 8770, 'Xã Hợp Lý'),
	(253, 8773, 'Xã Lãng Công'),
	(253, 8776, 'Xã Quang Yên'),
	(253, 8782, 'Xã Hải Lựu'),
	(246, 8785, 'Xã Bắc Bình'),
	(246, 8788, 'Xã Thái Hòa'),
	(246, 8789, 'Thị trấn Hoa Sơn'),
	(246, 8791, 'Xã Liễn Sơn'),
	(246, 8794, 'Xã Xuân Hòa'),
	(246, 8797, 'Xã Vân Trục'),
	(253, 8800, 'Xã Đồng Quế'),
	(253, 8803, 'Xã Nhân Đạo'),
	(253, 8806, 'Xã Đôn Nhân'),
	(253, 8809, 'Xã Phương Khoan'),
	(246, 8812, 'Xã Liên Hòa'),
	(246, 8815, 'Xã Tử Du'),
	(253, 8818, 'Xã Tân Lập'),
	(253, 8824, 'Thị trấn Tam Sơn'),
	(253, 8830, 'Xã Yên Thạch'),
	(246, 8833, 'Xã Bàn Giản'),
	(246, 8836, 'Xã Xuân Lôi'),
	(246, 8839, 'Xã Đồng Ích'),
	(246, 8842, 'Xã Tiên Lữ'),
	(246, 8845, 'Xã Văn Quán'),
	(253, 8848, 'Xã Đồng Thịnh'),
	(253, 8851, 'Xã Tứ Yên'),
	(253, 8854, 'Xã Đức Bác'),
	(253, 8860, 'Xã Cao Phong'),
	(246, 8863, 'Xã Tây Sơn'),
	(246, 8866, 'Xã Sơn Đông'),
	(247, 8869, 'Thị trấn Hợp Hòa'),
	(247, 8872, 'Xã Hoàng Hoa'),
	(247, 8875, 'Xã Đồng Tĩnh'),
	(247, 8878, 'Thị trấn Kim Long'),
	(247, 8881, 'Xã Hướng Đạo'),
	(247, 8884, 'Xã Đạo Tú'),
	(247, 8887, 'Xã An Hòa'),
	(247, 8890, 'Xã Thanh Vân'),
	(247, 8893, 'Xã Duy Phiên'),
	(247, 8896, 'Xã Hoàng Đan'),
	(247, 8899, 'Xã Hoàng Lâu'),
	(247, 8905, 'Xã Hội Thịnh'),
	(248, 8908, 'Thị trấn Tam Đảo'),
	(248, 8911, 'Thị trấn Hợp Châu'),
	(248, 8914, 'Xã Đạo Trù'),
	(248, 8917, 'Xã Yên Dương'),
	(248, 8920, 'Xã Bồ Lý'),
	(248, 8923, 'Thị trấn Đại Đình'),
	(248, 8926, 'Xã Tam Quan'),
	(248, 8929, 'Xã Hồ Sơn'),
	(248, 8932, 'Xã Minh Quang'),
	(249, 8935, 'Thị trấn Hương Canh'),
	(249, 8936, 'Thị trấn Gia Khánh'),
	(249, 8938, 'Xã Trung Mỹ'),
	(249, 8944, 'Thị trấn Bá Hiến'),
	(249, 8947, 'Xã Thiện Kế'),
	(249, 8950, 'Xã Hương Sơn'),
	(249, 8953, 'Xã Tam Hợp'),
	(249, 8956, 'Xã Quất Lưu'),
	(249, 8959, 'Xã Sơn Lôi'),
	(249, 8962, 'Thị trấn Đạo Đức'),
	(249, 8965, 'Xã Tân Phong'),
	(249, 8968, 'Thị trấn Thanh Lãng'),
	(249, 8971, 'Xã Phú Xuân'),
	(250, 8973, 'Thị trấn Chi Đông'),
	(250, 8974, 'Xã Đại Thịnh'),
	(250, 8977, 'Xã Kim Hoa'),
	(250, 8980, 'Xã Thạch Đà'),
	(250, 8983, 'Xã Tiến Thắng'),
	(250, 8986, 'Xã Tự Lập'),
	(250, 8989, 'Thị trấn Quang Minh'),
	(250, 8992, 'Xã Thanh Lâm'),
	(250, 8995, 'Xã Tam Đồng'),
	(250, 8998, 'Xã Liên Mạc'),
	(250, 9004, 'Xã Chu Phan'),
	(250, 9007, 'Xã Tiến Thịnh'),
	(250, 9010, 'Xã Mê Linh'),
	(250, 9013, 'Xã Văn Khê'),
	(250, 9016, 'Xã Hoàng Kim'),
	(250, 9019, 'Xã Tiền Phong'),
	(250, 9022, 'Xã Tráng Việt'),
	(251, 9025, 'Thị trấn Yên Lạc'),
	(251, 9028, 'Xã Đồng Cương'),
	(251, 9031, 'Xã Đồng Văn'),
	(251, 9034, 'Xã Bình Định'),
	(251, 9037, 'Xã Trung Nguyên'),
	(251, 9040, 'Xã Tề Lỗ'),
	(251, 9043, 'Thị trấn Tam Hồng'),
	(251, 9046, 'Xã Yên Đồng'),
	(251, 9049, 'Xã Văn Tiến'),
	(251, 9052, 'Xã Nguyệt Đức'),
	(251, 9055, 'Xã Yên Phương'),
	(251, 9061, 'Xã Trung Kiên'),
	(251, 9064, 'Xã Liên Châu'),
	(251, 9067, 'Xã Đại Tự'),
	(251, 9070, 'Xã Hồng Châu'),
	(251, 9073, 'Xã Trung Hà'),
	(252, 9076, 'Thị trấn Vĩnh Tường'),
	(252, 9079, 'Xã Kim Xá'),
	(252, 9082, 'Xã Yên Bình'),
	(252, 9085, 'Xã Chấn Hưng'),
	(252, 9088, 'Xã Nghĩa Hưng'),
	(252, 9091, 'Xã Yên Lập'),
	(252, 9097, 'Xã Sao Đại Việt'),
	(252, 9100, 'Xã Đại Đồng'),
	(252, 9106, 'Xã Lũng Hoà'),
	(252, 9112, 'Thị trấn Thổ Tang'),
	(252, 9118, 'Xã Lương Điền'),
	(252, 9124, 'Xã Tân Phú'),
	(252, 9127, 'Xã Thượng Trưng'),
	(252, 9130, 'Xã Vũ Di'),
	(252, 9136, 'Xã Tuân Chính'),
	(252, 9145, 'Thị trấn Tứ Trưng'),
	(252, 9148, 'Xã Ngũ Kiên'),
	(252, 9151, 'Xã An Nhân'),
	(252, 9154, 'Xã Vĩnh Thịnh'),
	(252, 9157, 'Xã Vĩnh Phú'),
	(256, 9163, 'Phường Vũ Ninh'),
	(256, 9166, 'Phường Đáp Cầu'),
	(256, 9169, 'Phường Thị Cầu'),
	(256, 9172, 'Phường Kinh Bắc'),
	(256, 9181, 'Phường Đại Phúc'),
	(256, 9184, 'Phường Tiền Ninh Vệ'),
	(256, 9187, 'Phường Suối Hoa'),
	(256, 9190, 'Phường Võ Cường'),
	(258, 9193, 'Thị trấn Chờ'),
	(258, 9196, 'Xã Dũng Liệt'),
	(258, 9199, 'Xã Tam Đa'),
	(258, 9202, 'Xã Tam Giang'),
	(258, 9205, 'Xã Yên Trung'),
	(258, 9208, 'Xã Thụy Hòa'),
	(258, 9211, 'Xã Hòa Tiến'),
	(256, 9214, 'Phường Hòa Long'),
	(258, 9217, 'Xã Đông Tiến'),
	(258, 9220, 'Xã Yên Phụ'),
	(258, 9223, 'Xã Trung Nghĩa'),
	(256, 9226, 'Phường Vạn An'),
	(258, 9229, 'Xã Đông Phong'),
	(258, 9232, 'Xã Long Châu'),
	(256, 9235, 'Phường Khúc Xuyên'),
	(258, 9238, 'Xã Văn Môn'),
	(258, 9241, 'Xã Đông Thọ'),
	(256, 9244, 'Phường Phong Khê'),
	(259, 9247, 'Phường Phố Mới'),
	(259, 9250, 'Xã Việt Thống'),
	(259, 9253, 'Phường Đại Xuân'),
	(256, 9256, 'Phường Kim Chân'),
	(259, 9259, 'Phường Nhân Hòa'),
	(259, 9262, 'Phường Bằng An'),
	(259, 9265, 'Phường Phương Liễu'),
	(259, 9268, 'Phường Quế Tân'),
	(256, 9271, 'Phường Vân Dương'),
	(259, 9274, 'Phường Phù Lương'),
	(259, 9277, 'Xã Phù Lãng'),
	(259, 9280, 'Phường Phượng Mao'),
	(259, 9283, 'Phường Việt Hùng'),
	(256, 9286, 'Phường Nam Sơn'),
	(259, 9289, 'Xã Ngọc Xá'),
	(259, 9292, 'Xã Châu Phong'),
	(259, 9295, 'Phường Bồng Lai'),
	(259, 9298, 'Phường Cách Bi'),
	(259, 9301, 'Xã Đào Viên'),
	(259, 9304, 'Xã Yên Giả'),
	(259, 9307, 'Xã Mộ Đạo'),
	(259, 9310, 'Xã Đức Long'),
	(259, 9313, 'Xã Chi Lăng'),
	(260, 9319, 'Thị trấn Lim'),
	(260, 9322, 'Xã Phú Lâm'),
	(256, 9325, 'Phường Khắc Niệm'),
	(260, 9328, 'Xã Nội Duệ'),
	(256, 9331, 'Phường Hạp Lĩnh'),
	(260, 9334, 'Xã Liên Bão'),
	(260, 9337, 'Xã Hiên Vân'),
	(260, 9340, 'Xã Hoàn Sơn'),
	(260, 9343, 'Xã Lạc Vệ'),
	(260, 9346, 'Xã Việt Đoàn'),
	(260, 9349, 'Xã Phật Tích'),
	(260, 9352, 'Xã Tân Chi'),
	(260, 9355, 'Xã Đại Đồng'),
	(260, 9358, 'Xã Tri Phương'),
	(260, 9361, 'Xã Minh Đạo'),
	(260, 9364, 'Xã Cảnh Hưng'),
	(261, 9367, 'Phường Đông Ngàn'),
	(261, 9370, 'Phường Tam Sơn'),
	(261, 9373, 'Phường Hương Mạc'),
	(261, 9376, 'Phường Tương Giang'),
	(261, 9379, 'Phường Phù Khê'),
	(261, 9382, 'Phường Đồng Kỵ'),
	(261, 9383, 'Phường Trang Hạ'),
	(261, 9385, 'Phường Đồng Nguyên'),
	(261, 9388, 'Phường Châu Khê'),
	(261, 9391, 'Phường Tân Hồng'),
	(261, 9394, 'Phường Đình Bảng'),
	(261, 9397, 'Phường Phù Chẩn'),
	(262, 9400, 'Phường Hồ'),
	(262, 9403, 'Xã Hoài Thượng'),
	(262, 9406, 'Xã Đại Đồng Thành'),
	(262, 9409, 'Xã Mão Điền'),
	(262, 9412, 'Phường Song Hồ'),
	(262, 9415, 'Xã Đình Tổ'),
	(262, 9418, 'Phường An Bình'),
	(262, 9421, 'Phường Trí Quả'),
	(262, 9424, 'Phường Gia Đông'),
	(262, 9427, 'Phường Thanh Khương'),
	(262, 9430, 'Phường Trạm Lộ'),
	(262, 9433, 'Phường Xuân Lâm'),
	(262, 9436, 'Phường Hà Mãn'),
	(262, 9439, 'Xã Ngũ Thái'),
	(262, 9442, 'Xã Nguyệt Đức'),
	(262, 9445, 'Phường Ninh Xá'),
	(262, 9448, 'Xã Nghĩa Đạo'),
	(262, 9451, 'Xã Song Liễu'),
	(263, 9454, 'Thị trấn Gia Bình'),
	(263, 9457, 'Xã Vạn Ninh'),
	(263, 9460, 'Xã Thái Bảo'),
	(263, 9463, 'Xã Giang Sơn'),
	(263, 9466, 'Xã Cao Đức'),
	(263, 9469, 'Xã Đại Lai'),
	(263, 9472, 'Xã Song Giang'),
	(263, 9475, 'Xã Bình Dương'),
	(263, 9478, 'Xã Lãng Ngâm'),
	(263, 9481, 'Thị trấn Nhân Thắng'),
	(263, 9484, 'Xã Xuân Lai'),
	(263, 9487, 'Xã Đông Cứu'),
	(263, 9490, 'Xã Đại Bái'),
	(263, 9493, 'Xã Quỳnh Phú'),
	(264, 9496, 'Thị trấn Thứa'),
	(264, 9499, 'Xã An Thịnh'),
	(264, 9502, 'Xã Trung Kênh'),
	(264, 9505, 'Xã Phú Hòa'),
	(264, 9508, 'Xã An Tập'),
	(264, 9511, 'Xã Tân Lãng'),
	(264, 9514, 'Xã Quảng Phú'),
	(264, 9517, 'Xã Quang Minh'),
	(264, 9523, 'Xã Trung Chính'),
	(264, 9529, 'Xã Bình Định'),
	(264, 9532, 'Xã Phú Lương'),
	(264, 9535, 'Xã Lâm Thao'),
	(268, 9538, 'Phường Quang Trung'),
	(268, 9541, 'Phường Mộ Lao'),
	(268, 9542, 'Phường Văn Quán'),
	(268, 9544, 'Phường Vạn Phúc'),
	(268, 9551, 'Phường La Khê'),
	(268, 9552, 'Phường Phú La'),
	(268, 9553, 'Phường Phúc La'),
	(268, 9556, 'Phường Hà Cầu'),
	(268, 9562, 'Phường Yên Nghĩa'),
	(268, 9565, 'Phường Kiến Hưng'),
	(268, 9568, 'Phường Phú Lãm'),
	(268, 9571, 'Phường Phú Lương'),
	(269, 9574, 'Phường Ngô Quyền'),
	(269, 9577, 'Phường Phú Thịnh'),
	(269, 9586, 'Phường Sơn Lộc'),
	(269, 9589, 'Phường Xuân Khanh'),
	(269, 9592, 'Xã Đường Lâm'),
	(269, 9595, 'Phường Viên Sơn'),
	(269, 9598, 'Xã Xuân Sơn'),
	(269, 9601, 'Phường Trung Hưng'),
	(269, 9604, 'Xã Thanh Mỹ'),
	(269, 9607, 'Phường Trung Sơn Trầm'),
	(269, 9610, 'Xã Kim Sơn'),
	(269, 9613, 'Xã Sơn Đông'),
	(269, 9616, 'Xã Cổ Đông'),
	(271, 9619, 'Thị trấn Tây Đằng'),
	(271, 9625, 'Xã Phú Cường'),
	(271, 9628, 'Xã Cổ Đô'),
	(271, 9634, 'Xã Vạn Thắng'),
	(271, 9640, 'Xã Phong Vân'),
	(271, 9643, 'Xã Phú Đông'),
	(271, 9646, 'Xã Phú Hồng'),
	(271, 9649, 'Xã Phú Châu'),
	(271, 9652, 'Xã Thái Hòa'),
	(271, 9655, 'Xã Đồng Thái'),
	(271, 9658, 'Xã Phú Sơn'),
	(271, 9661, 'Xã Minh Châu'),
	(271, 9664, 'Xã Vật Lại'),
	(271, 9667, 'Xã Chu Minh'),
	(271, 9670, 'Xã Tòng Bạt'),
	(271, 9673, 'Xã Cẩm Lĩnh'),
	(271, 9676, 'Xã Sơn Đà'),
	(271, 9679, 'Xã Đông Quang'),
	(271, 9682, 'Xã Tiên Phong'),
	(271, 9685, 'Xã Thụy An'),
	(271, 9688, 'Xã Cam Thượng'),
	(271, 9691, 'Xã Thuần Mỹ'),
	(271, 9694, 'Xã Tản Lĩnh'),
	(271, 9697, 'Xã Ba Trại'),
	(271, 9700, 'Xã Minh Quang'),
	(271, 9703, 'Xã Ba Vì'),
	(271, 9706, 'Xã Vân Hòa'),
	(271, 9709, 'Xã Yên Bài'),
	(271, 9712, 'Xã Khánh Thượng'),
	(272, 9715, 'Thị trấn Phúc Thọ'),
	(272, 9721, 'Xã Vân Phúc'),
	(272, 9724, 'Xã Nam Hà'),
	(272, 9727, 'Xã Xuân Đình'),
	(272, 9733, 'Xã Sen Phương'),
	(272, 9739, 'Xã Võng Xuyên'),
	(272, 9742, 'Xã Tích Lộc'),
	(272, 9745, 'Xã Long Thượng'),
	(272, 9751, 'Xã Hát Môn'),
	(272, 9757, 'Xã Thanh Đa'),
	(272, 9760, 'Xã Trạch Mỹ Lộc'),
	(272, 9763, 'Xã Phúc Hòa'),
	(272, 9766, 'Xã Ngọc Tảo'),
	(272, 9769, 'Xã Phụng Thượng'),
	(272, 9772, 'Xã Tam Thuấn'),
	(272, 9775, 'Xã Tam Hiệp'),
	(272, 9778, 'Xã Hiệp Thuận'),
	(272, 9781, 'Xã Liên Hiệp'),
	(273, 9784, 'Thị trấn Phùng'),
	(273, 9787, 'Xã Trung Châu'),
	(273, 9790, 'Xã Thọ An'),
	(273, 9793, 'Xã Thọ Xuân'),
	(273, 9796, 'Xã Hồng Hà'),
	(273, 9799, 'Xã Liên Hồng'),
	(273, 9802, 'Xã Liên Hà'),
	(273, 9805, 'Xã Hạ Mỗ'),
	(273, 9808, 'Xã Liên Trung'),
	(273, 9811, 'Xã Phương Đình'),
	(273, 9814, 'Xã Thượng Mỗ'),
	(273, 9817, 'Xã Tân Hội'),
	(273, 9820, 'Xã Tân Lập'),
	(273, 9823, 'Xã Đan Phượng'),
	(273, 9826, 'Xã Đồng Tháp'),
	(273, 9829, 'Xã Song Phượng'),
	(274, 9832, 'Thị trấn Trạm Trôi'),
	(274, 9835, 'Xã Đức Thượng'),
	(274, 9838, 'Xã Minh Khai'),
	(274, 9841, 'Xã Dương Liễu'),
	(274, 9844, 'Xã Di Trạch'),
	(274, 9847, 'Xã Đức Giang'),
	(274, 9850, 'Xã Cát Quế'),
	(274, 9853, 'Xã Kim Chung'),
	(274, 9856, 'Xã Yên Sở'),
	(274, 9859, 'Xã Sơn Đồng'),
	(274, 9862, 'Xã Vân Canh'),
	(274, 9865, 'Xã Đắc Sở'),
	(274, 9868, 'Xã Lại Yên'),
	(274, 9871, 'Xã Tiền Yên'),
	(274, 9874, 'Xã Song Phương'),
	(274, 9877, 'Xã An Khánh'),
	(274, 9880, 'Xã An Thượng'),
	(274, 9883, 'Xã Vân Côn'),
	(268, 9886, 'Phường Dương Nội'),
	(274, 9889, 'Xã La Phù'),
	(274, 9892, 'Xã Đông La'),
	(275, 9895, 'Thị trấn Quốc Oai'),
	(275, 9898, 'Xã Sài Sơn'),
	(275, 9904, 'Xã Phượng Sơn'),
	(275, 9907, 'Xã Ngọc Liệp'),
	(275, 9910, 'Xã Ngọc Mỹ'),
	(275, 9916, 'Xã Thạch Thán'),
	(275, 9919, 'Xã Đồng Quang'),
	(275, 9922, 'Xã Phú Cát'),
	(275, 9925, 'Xã Tuyết Nghĩa'),
	(275, 9928, 'Xã Liệp Nghĩa'),
	(275, 9931, 'Xã Cộng Hòa'),
	(275, 9934, 'Xã Hưng Đạo'),
	(275, 9940, 'Xã Phú Mãn'),
	(275, 9943, 'Xã Cấn Hữu'),
	(275, 9949, 'Xã Hòa Thạch'),
	(275, 9952, 'Xã Đông Yên'),
	(276, 9955, 'Thị trấn Liên Quan'),
	(276, 9958, 'Xã Đại Đồng'),
	(276, 9961, 'Xã Cẩm Yên'),
	(276, 9964, 'Xã Lại Thượng'),
	(276, 9967, 'Xã Phú Kim'),
	(276, 9970, 'Xã Hương Ngải'),
	(276, 9973, 'Xã Lam Sơn'),
	(276, 9976, 'Xã Kim Quan'),
	(276, 9982, 'Xã Bình Yên'),
	(276, 9988, 'Xã Thạch Hoà'),
	(276, 9991, 'Xã Cần Kiệm'),
	(276, 9997, 'Xã Phùng Xá'),
	(276, 10000, 'Xã Tân Xã'),
	(276, 10003, 'Xã Thạch Xá'),
	(276, 10006, 'Xã Quang Trung'),
	(276, 10009, 'Xã Hạ Bằng'),
	(276, 10012, 'Xã Đồng Trúc'),
	(277, 10015, 'Thị trấn Chúc Sơn'),
	(277, 10018, 'Thị trấn Xuân Mai'),
	(277, 10021, 'Xã Phụng Châu'),
	(277, 10024, 'Xã Tiên Phương'),
	(277, 10027, 'Xã Đông Sơn'),
	(277, 10030, 'Xã Đông Phương Yên'),
	(277, 10033, 'Xã Phú Nghĩa'),
	(277, 10039, 'Xã Trường Yên'),
	(277, 10042, 'Xã Ngọc Hòa'),
	(277, 10045, 'Xã Thủy Xuân Tiên'),
	(277, 10048, 'Xã Thanh Bình'),
	(277, 10051, 'Xã Trung Hòa'),
	(277, 10054, 'Xã Đại Yên'),
	(277, 10057, 'Xã Thụy Hương'),
	(277, 10060, 'Xã Tốt Động'),
	(277, 10063, 'Xã Lam Điền'),
	(277, 10066, 'Xã Tân Tiến'),
	(277, 10069, 'Xã Nam Phương Tiến'),
	(277, 10072, 'Xã Hợp Đồng'),
	(277, 10075, 'Xã Hoàng Văn Thụ'),
	(277, 10078, 'Xã Hoàng Diệu'),
	(277, 10081, 'Xã Hữu Văn'),
	(277, 10084, 'Xã Quảng Bị'),
	(277, 10087, 'Xã Mỹ Lương'),
	(277, 10090, 'Xã Thượng Vực'),
	(277, 10096, 'Xã Hồng Phú'),
	(277, 10099, 'Xã Trần Phú'),
	(277, 10102, 'Xã Văn Võ'),
	(277, 10105, 'Xã Đồng Lạc'),
	(277, 10108, 'Xã Hòa Phú'),
	(278, 10114, 'Thị trấn Kim Bài'),
	(268, 10117, 'Phường Đồng Mai'),
	(278, 10120, 'Xã Cự Khê'),
	(268, 10123, 'Phường Biên Giang'),
	(278, 10126, 'Xã Bích Hòa'),
	(278, 10129, 'Xã Mỹ Hưng'),
	(278, 10132, 'Xã Cao Viên'),
	(278, 10135, 'Xã Bình Minh'),
	(278, 10138, 'Xã Tam Hưng'),
	(278, 10141, 'Xã Thanh Cao'),
	(278, 10144, 'Xã Thanh Thùy'),
	(278, 10147, 'Xã Thanh Mai'),
	(278, 10150, 'Xã Thanh Văn'),
	(278, 10153, 'Xã Đỗ Động'),
	(278, 10156, 'Xã Kim An'),
	(278, 10159, 'Xã Kim Thư'),
	(278, 10162, 'Xã Phương Trung'),
	(278, 10165, 'Xã Tân Ước'),
	(278, 10168, 'Xã Dân Hòa'),
	(278, 10171, 'Xã Liên Châu'),
	(278, 10174, 'Xã Cao Xuân Dương'),
	(278, 10180, 'Xã Hồng Dương'),
	(279, 10183, 'Thị trấn Thường Tín'),
	(279, 10186, 'Xã Ninh Sở'),
	(279, 10189, 'Xã Nhị Khê'),
	(279, 10192, 'Xã Duyên Thái'),
	(279, 10195, 'Xã Khánh Hà'),
	(279, 10198, 'Xã Hòa Bình'),
	(279, 10201, 'Xã Văn Bình'),
	(279, 10204, 'Xã Hiền Giang'),
	(279, 10207, 'Xã Hồng Vân'),
	(279, 10210, 'Xã Vân Tảo'),
	(279, 10213, 'Xã Liên Phương'),
	(279, 10216, 'Xã Văn Phú'),
	(279, 10219, 'Xã Tự Nhiên'),
	(279, 10222, 'Xã Tiền Phong'),
	(279, 10225, 'Xã Hà Hồi'),
	(279, 10231, 'Xã Nguyễn Trãi'),
	(279, 10234, 'Xã Quất Động'),
	(279, 10237, 'Xã Chương Dương'),
	(279, 10240, 'Xã Tân Minh'),
	(279, 10243, 'Xã Lê Lợi'),
	(279, 10246, 'Xã Thắng Lợi'),
	(279, 10249, 'Xã Dũng Tiến'),
	(279, 10255, 'Xã Nghiêm Xuyên'),
	(279, 10258, 'Xã Tô Hiệu'),
	(279, 10261, 'Xã Văn Tự'),
	(279, 10264, 'Xã Vạn Nhất'),
	(279, 10267, 'Xã Minh Cường'),
	(280, 10270, 'Thị trấn Phú Minh'),
	(280, 10273, 'Thị trấn Phú Xuyên'),
	(280, 10276, 'Xã Hồng Minh'),
	(280, 10279, 'Xã Phượng Dực'),
	(280, 10282, 'Xã Nam Tiến'),
	(280, 10291, 'Xã Văn Hoàng'),
	(280, 10294, 'Xã Phú Túc'),
	(280, 10300, 'Xã Hồng Thái'),
	(280, 10303, 'Xã Hoàng Long'),
	(280, 10312, 'Xã Nam Phong'),
	(280, 10315, 'Xã Tân Dân'),
	(280, 10318, 'Xã Quang Hà'),
	(280, 10321, 'Xã Chuyên Mỹ'),
	(280, 10324, 'Xã Khai Thái'),
	(280, 10327, 'Xã Phúc Tiến'),
	(280, 10330, 'Xã Vân Từ'),
	(280, 10333, 'Xã Tri Thủy'),
	(280, 10336, 'Xã Đại Xuyên'),
	(280, 10339, 'Xã Phú Yên'),
	(280, 10342, 'Xã Bạch Hạ'),
	(280, 10345, 'Xã Quang Lãng'),
	(280, 10348, 'Xã Châu Can'),
	(280, 10351, 'Xã Minh Tân'),
	(281, 10354, 'Thị trấn Vân Đình'),
	(281, 10363, 'Xã Hoa Viên'),
	(281, 10366, 'Xã Quảng Phú Cầu'),
	(281, 10369, 'Xã Trường Thịnh'),
	(281, 10375, 'Xã Liên Bạt'),
	(281, 10378, 'Xã Cao Sơn Tiến'),
	(281, 10384, 'Xã Phương Tú'),
	(281, 10387, 'Xã Trung Tú'),
	(281, 10390, 'Xã Đồng Tân'),
	(281, 10393, 'Xã Tảo Dương Văn'),
	(281, 10396, 'Xã Thái Hòa'),
	(281, 10399, 'Xã Minh Đức'),
	(281, 10402, 'Xã Trầm Lộng'),
	(281, 10411, 'Xã Kim Đường'),
	(281, 10417, 'Xã Hòa Phú'),
	(281, 10423, 'Xã Đại Hùng'),
	(281, 10426, 'Xã Đông Lỗ'),
	(281, 10429, 'Xã Phù Lưu'),
	(281, 10432, 'Xã Đại Cường'),
	(281, 10435, 'Xã Bình Lưu Quang'),
	(282, 10441, 'Thị trấn Đại Nghĩa'),
	(282, 10444, 'Xã Đồng Tâm'),
	(282, 10447, 'Xã Thượng Lâm'),
	(282, 10450, 'Xã Tuy Lai'),
	(282, 10453, 'Xã Phúc Lâm'),
	(282, 10459, 'Xã Mỹ Xuyên'),
	(282, 10462, 'Xã An Mỹ'),
	(282, 10465, 'Xã Hồng Sơn'),
	(282, 10468, 'Xã Lê Thanh'),
	(282, 10471, 'Xã Xuy Xá'),
	(282, 10474, 'Xã Phùng Xá'),
	(282, 10477, 'Xã Phù Lưu Tế'),
	(282, 10480, 'Xã Đại Hưng'),
	(282, 10483, 'Xã Vạn Tín'),
	(282, 10489, 'Xã Hương Sơn'),
	(282, 10492, 'Xã Hùng Tiến'),
	(282, 10495, 'Xã An Tiến'),
	(282, 10498, 'Xã Hợp Tiến'),
	(282, 10501, 'Xã Hợp Thanh'),
	(282, 10504, 'Xã An Phú'),
	(288, 10507, 'Phường Cẩm Thượng'),
	(288, 10510, 'Phường Bình Hàn'),
	(288, 10513, 'Phường Ngọc Châu'),
	(288, 10514, 'Phường Nhị Châu'),
	(288, 10516, 'Phường Quang Trung'),
	(288, 10519, 'Phường Nguyễn Trãi'),
	(288, 10525, 'Phường Trần Hưng Đạo'),
	(288, 10528, 'Phường Trần Phú'),
	(288, 10531, 'Phường Thanh Bình'),
	(288, 10532, 'Phường Tân Bình'),
	(288, 10534, 'Phường Lê Thanh Nghị'),
	(288, 10537, 'Phường Hải Tân'),
	(288, 10540, 'Phường Tứ Minh'),
	(288, 10543, 'Phường Việt Hoà'),
	(290, 10546, 'Phường Phả Lại'),
	(290, 10549, 'Phường Sao Đỏ'),
	(290, 10552, 'Phường Bến Tắm'),
	(290, 10555, 'Xã Hoàng Hoa Thám'),
	(290, 10558, 'Xã Bắc An'),
	(290, 10561, 'Xã Hưng Đạo'),
	(290, 10564, 'Xã Lê Lợi'),
	(290, 10567, 'Phường Hoàng Tiến'),
	(290, 10570, 'Phường Cộng Hoà'),
	(290, 10573, 'Phường Hoàng Tân'),
	(290, 10576, 'Phường Cổ Thành'),
	(290, 10579, 'Phường Văn An'),
	(290, 10582, 'Phường Chí Minh'),
	(290, 10585, 'Phường Văn Đức'),
	(290, 10588, 'Phường Thái Học'),
	(290, 10591, 'Xã Nhân Huệ'),
	(290, 10594, 'Phường An Lạc'),
	(290, 10600, 'Phường Đồng Lạc'),
	(290, 10603, 'Phường Tân Dân'),
	(291, 10606, 'Thị trấn Nam Sách'),
	(291, 10609, 'Xã Nam Hưng'),
	(291, 10612, 'Xã Nam Tân'),
	(291, 10615, 'Xã Hợp Tiến'),
	(291, 10618, 'Xã Hiệp Cát'),
	(291, 10621, 'Xã Quốc Tuấn'),
	(291, 10630, 'Xã An Bình'),
	(291, 10633, 'Xã Trần Phú'),
	(291, 10636, 'Xã An Sơn'),
	(291, 10639, 'Xã Cộng Hòa'),
	(291, 10642, 'Xã Thái Tân'),
	(291, 10645, 'Xã An Phú'),
	(291, 10654, 'Xã Hồng Phong'),
	(291, 10657, 'Xã Đồng Lạc'),
	(288, 10660, 'Phường Ái Quốc'),
	(288, 10663, 'Xã An Thượng'),
	(291, 10666, 'Xã Minh Tân'),
	(288, 10672, 'Phường Nam Đồng'),
	(292, 10675, 'Phường An Lưu'),
	(292, 10678, 'Xã Bạch Đằng'),
	(292, 10681, 'Phường Thất Hùng'),
	(292, 10684, 'Xã Lê Ninh'),
	(292, 10693, 'Phường Phạm Thái'),
	(292, 10696, 'Phường Duy Tân'),
	(292, 10699, 'Phường Tân Dân'),
	(292, 10702, 'Phường Minh Tân'),
	(292, 10705, 'Xã Quang Thành'),
	(292, 10708, 'Xã Hiệp Hòa'),
	(292, 10714, 'Phường Phú Thứ'),
	(292, 10717, 'Xã Thăng Long'),
	(292, 10720, 'Xã Lạc Long'),
	(292, 10723, 'Phường An Sinh'),
	(292, 10726, 'Phường Hiệp Sơn'),
	(292, 10729, 'Xã Thượng Quận'),
	(292, 10732, 'Phường An Phụ'),
	(292, 10735, 'Phường Hiệp An'),
	(292, 10738, 'Phường Long Xuyên'),
	(292, 10741, 'Phường Thái Thịnh'),
	(292, 10744, 'Phường Hiến Thành'),
	(292, 10747, 'Xã Minh Hòa'),
	(293, 10750, 'Thị trấn Phú Thái'),
	(293, 10756, 'Xã Lai Khê'),
	(293, 10762, 'Xã Vũ Dũng'),
	(293, 10768, 'Xã Tuấn Việt'),
	(293, 10771, 'Xã Kim Xuyên'),
	(293, 10777, 'Xã Ngũ Phúc'),
	(293, 10780, 'Xã Kim Anh'),
	(293, 10783, 'Xã Kim Liên'),
	(293, 10786, 'Xã Kim Tân'),
	(293, 10792, 'Xã Kim Đính'),
	(293, 10798, 'Xã Hòa Bình'),
	(293, 10801, 'Xã Tam Kỳ'),
	(293, 10804, 'Xã Đồng Cẩm'),
	(293, 10810, 'Xã Đại Đức'),
	(294, 10813, 'Thị trấn Thanh Hà'),
	(294, 10816, 'Xã Hồng Lạc'),
	(288, 10822, 'Xã Quyết Thắng'),
	(294, 10825, 'Xã Tân Việt'),
	(294, 10828, 'Xã Cẩm Việt'),
	(294, 10831, 'Xã Thanh An'),
	(294, 10834, 'Xã Thanh Lang'),
	(288, 10837, 'Xã Tiền Tiến'),
	(294, 10840, 'Xã Tân An'),
	(294, 10843, 'Xã Liên Mạc'),
	(294, 10846, 'Xã Thanh Hải'),
	(294, 10855, 'Xã Thanh Xuân'),
	(294, 10861, 'Xã Thanh Tân'),
	(294, 10864, 'Xã An Phượng'),
	(294, 10867, 'Xã Thanh Sơn'),
	(294, 10876, 'Xã Thanh Quang'),
	(294, 10879, 'Xã Thanh Hồng'),
	(294, 10882, 'Xã Vĩnh Cường'),
	(295, 10888, 'Thị trấn Cẩm Giang'),
	(295, 10891, 'Thị trấn Lai Cách'),
	(295, 10894, 'Xã Cẩm Hưng'),
	(295, 10897, 'Xã Cẩm Hoàng'),
	(295, 10900, 'Xã Cẩm Văn'),
	(295, 10903, 'Xã Ngọc Liên'),
	(295, 10909, 'Xã Cẩm Vũ'),
	(295, 10912, 'Xã Đức Chính'),
	(295, 10918, 'Xã Định Sơn'),
	(295, 10924, 'Xã Lương Điền'),
	(295, 10927, 'Xã Cao An'),
	(295, 10930, 'Xã Tân Trường'),
	(295, 10933, 'Xã Phúc Điền'),
	(295, 10939, 'Xã Cẩm Đông'),
	(295, 10942, 'Xã Cẩm Đoài'),
	(296, 10945, 'Thị trấn Kẻ Sặt'),
	(296, 10951, 'Xã Vĩnh Hưng'),
	(296, 10954, 'Xã Hùng Thắng'),
	(296, 10960, 'Xã Vĩnh Hồng'),
	(296, 10963, 'Xã Long Xuyên'),
	(296, 10966, 'Xã Tân Việt'),
	(296, 10969, 'Xã Thúc Kháng'),
	(296, 10972, 'Xã Tân Hồng'),
	(296, 10978, 'Xã Hồng Khê'),
	(296, 10981, 'Xã Thái Minh'),
	(296, 10984, 'Xã Cổ Bì'),
	(296, 10987, 'Xã Nhân Quyền'),
	(296, 10990, 'Xã Thái Dương'),
	(296, 10993, 'Xã Thái Hòa'),
	(296, 10996, 'Xã Bình Xuyên'),
	(297, 10999, 'Thị trấn Gia Lộc'),
	(288, 11002, 'Phường Thạch Khôi'),
	(288, 11005, 'Xã Liên Hồng'),
	(297, 11008, 'Xã Thống Nhất'),
	(288, 11011, 'Phường Tân Hưng'),
	(288, 11017, 'Xã Gia Xuyên'),
	(297, 11020, 'Xã Yết Kiêu'),
	(297, 11035, 'Xã Gia Phúc'),
	(297, 11038, 'Xã Gia Tiến'),
	(297, 11041, 'Xã Lê Lợi'),
	(297, 11044, 'Xã Toàn Thắng'),
	(297, 11047, 'Xã Hoàng Diệu'),
	(297, 11050, 'Xã Hồng Hưng'),
	(297, 11053, 'Xã Phạm Trấn'),
	(297, 11056, 'Xã Đoàn Thượng'),
	(297, 11059, 'Xã Thống Kênh'),
	(297, 11065, 'Xã Nhật Quang'),
	(297, 11071, 'Xã Quang Đức'),
	(298, 11074, 'Thị trấn Tứ Kỳ'),
	(288, 11077, 'Xã Ngọc Sơn'),
	(298, 11083, 'Xã Đại Sơn'),
	(298, 11086, 'Xã Hưng Đạo'),
	(298, 11092, 'Xã Bình Lăng'),
	(298, 11095, 'Xã Chí Minh'),
	(298, 11098, 'Xã Kỳ Sơn'),
	(298, 11101, 'Xã Quang Phục'),
	(298, 11113, 'Xã Tân Kỳ'),
	(298, 11116, 'Xã Quang Khải'),
	(298, 11119, 'Xã Đại Hợp'),
	(298, 11122, 'Xã Dân An'),
	(298, 11125, 'Xã An Thanh'),
	(298, 11128, 'Xã Minh Đức'),
	(298, 11131, 'Xã Văn Tố'),
	(298, 11134, 'Xã Quang Trung'),
	(298, 11140, 'Xã Lạc Phượng'),
	(298, 11143, 'Xã Tiên Động'),
	(298, 11146, 'Xã Nguyên Giáp'),
	(298, 11149, 'Xã Hà Kỳ'),
	(298, 11152, 'Xã Hà Thanh'),
	(299, 11161, 'Xã Ứng Hoè'),
	(299, 11164, 'Xã Nghĩa An'),
	(299, 11167, 'Xã Đức Phúc'),
	(299, 11173, 'Xã An Đức'),
	(299, 11179, 'Xã Tân Hương'),
	(299, 11185, 'Xã Vĩnh Hòa'),
	(299, 11188, 'Xã Bình Xuyên'),
	(299, 11197, 'Xã Tân Phong'),
	(299, 11203, 'Thị trấn Ninh Giang'),
	(299, 11206, 'Xã Tân Quang'),
	(299, 11215, 'Xã Hồng Dụ'),
	(299, 11218, 'Xã Văn Hội'),
	(299, 11224, 'Xã Hồng Phong'),
	(299, 11227, 'Xã Hiệp Lực'),
	(299, 11230, 'Xã Kiến Phúc'),
	(299, 11233, 'Xã Hưng Long'),
	(300, 11239, 'Thị trấn Thanh Miện'),
	(300, 11242, 'Xã Thanh Tùng'),
	(300, 11245, 'Xã Phạm Kha'),
	(300, 11248, 'Xã Ngô Quyền'),
	(300, 11251, 'Xã Đoàn Tùng'),
	(300, 11254, 'Xã Hồng Quang'),
	(300, 11257, 'Xã Tân Trào'),
	(300, 11260, 'Xã Lam Sơn'),
	(300, 11263, 'Xã Đoàn Kết'),
	(300, 11266, 'Xã Lê Hồng'),
	(300, 11269, 'Xã Tứ Cường'),
	(300, 11275, 'Xã Ngũ Hùng'),
	(300, 11278, 'Xã Cao Thắng'),
	(300, 11281, 'Xã Chi Lăng Bắc'),
	(300, 11284, 'Xã Chi Lăng Nam'),
	(300, 11287, 'Xã Thanh Giang'),
	(300, 11293, 'Xã Hồng Phong'),
	(303, 11296, 'Phường Quán Toan'),
	(303, 11299, 'Phường Hùng Vương'),
	(303, 11302, 'Phường Sở Dầu'),
	(303, 11305, 'Phường Thượng Lý'),
	(303, 11311, 'Phường Minh Khai'),
	(303, 11320, 'Phường Hoàng Văn Thụ'),
	(303, 11323, 'Phường Phan Bội Châu'),
	(304, 11329, 'Phường Máy Chai'),
	(304, 11335, 'Phường Vạn Mỹ'),
	(304, 11338, 'Phường Cầu Tre'),
	(304, 11341, 'Phường Gia Viên'),
	(304, 11344, 'Phường Cầu Đất'),
	(304, 11350, 'Phường Đông Khê'),
	(304, 11359, 'Phường Đằng Giang'),
	(304, 11365, 'Phường Lạch Tray'),
	(305, 11371, 'Phường An Biên'),
	(305, 11383, 'Phường Trần Nguyên Hãn'),
	(305, 11395, 'Phường Hàng Kênh'),
	(305, 11401, 'Phường An Dương'),
	(305, 11404, 'Phường Dư Hàng Kênh'),
	(305, 11405, 'Phường Kênh Dương'),
	(305, 11407, 'Phường Vĩnh Niệm'),
	(306, 11410, 'Phường Đông Hải 1'),
	(306, 11411, 'Phường Đông Hải 2'),
	(306, 11413, 'Phường Đằng Lâm'),
	(306, 11414, 'Phường Thành Tô'),
	(306, 11416, 'Phường Đằng Hải'),
	(306, 11419, 'Phường Nam Hải'),
	(306, 11422, 'Phường Cát Bi'),
	(306, 11425, 'Phường Tràng Cát'),
	(307, 11431, 'Phường Đồng Hoà'),
	(307, 11434, 'Phường Bắc Sơn'),
	(307, 11437, 'Phường Nam Sơn'),
	(307, 11440, 'Phường Ngọc Sơn'),
	(307, 11443, 'Phường Trần Thành Ngọ'),
	(307, 11446, 'Phường Văn Đẩu'),
	(307, 11449, 'Phường Bắc Hà'),
	(308, 11455, 'Phường Ngọc Xuyên'),
	(308, 11458, 'Phường Hải Sơn'),
	(308, 11461, 'Phường Vạn Hương'),
	(308, 11465, 'Phường Minh Đức'),
	(308, 11467, 'Phường Bàng La'),
	(311, 11473, 'Phường Minh Đức'),
	(311, 11485, 'Xã Liên Xuân'),
	(311, 11488, 'Phường Lưu Kiếm'),
	(311, 11500, 'Xã Bạch Đằng'),
	(311, 11503, 'Xã Ninh Sơn'),
	(311, 11506, 'Phường Quảng Thanh'),
	(311, 11512, 'Phường Trần Hưng Đạo'),
	(311, 11518, 'Xã Quang Trung'),
	(311, 11521, 'Phường Lê Hồng Phong'),
	(311, 11527, 'Phường Hoà Bình'),
	(311, 11530, 'Phường Thủy Hà'),
	(311, 11533, 'Phường An Lư'),
	(311, 11539, 'Phường Phạm Ngũ Lão'),
	(311, 11542, 'Phường Nam Triệu Giang'),
	(311, 11545, 'Phường Tam Hưng'),
	(311, 11551, 'Phường Lập Lễ'),
	(311, 11557, 'Phường Thiên Hương'),
	(311, 11560, 'Phường Thuỷ Đường'),
	(311, 11569, 'Phường Hoàng Lâm'),
	(311, 11572, 'Phường Hoa Động'),
	(311, 11578, 'Phường Dương Quan'),
	(312, 11581, 'Phường Lê Lợi'),
	(312, 11584, 'Phường Lê Thiện'),
	(303, 11587, 'Phường Đại Bản'),
	(312, 11590, 'Phường An Hoà'),
	(312, 11593, 'Phường Hồng Phong'),
	(312, 11596, 'Phường Tân Tiến'),
	(303, 11599, 'Phường An Hưng'),
	(303, 11602, 'Phường An Hồng'),
	(312, 11608, 'Phường Nam Sơn'),
	(312, 11614, 'Phường An Hải'),
	(312, 11617, 'Phường Đồng Thái'),
	(312, 11623, 'Phường An Đồng'),
	(312, 11626, 'Phường Hồng Thái'),
	(313, 11629, 'Thị trấn An Lão'),
	(313, 11632, 'Xã Bát Trang'),
	(313, 11635, 'Xã Trường Thọ'),
	(313, 11638, 'Xã Trường Thành'),
	(313, 11641, 'Xã An Tiến'),
	(313, 11644, 'Xã Quang Hưng'),
	(313, 11647, 'Xã Quang Trung'),
	(313, 11650, 'Xã Quốc Tuấn'),
	(313, 11653, 'Xã An Thắng'),
	(313, 11656, 'Thị trấn Trường Sơn'),
	(313, 11659, 'Xã Tân Dân'),
	(313, 11662, 'Xã Thái Sơn'),
	(313, 11665, 'Xã Tân Viên'),
	(313, 11668, 'Xã Mỹ Đức'),
	(313, 11671, 'Xã Chiến Thắng'),
	(313, 11674, 'Xã An Thọ'),
	(313, 11677, 'Xã An Thái'),
	(314, 11680, 'Thị trấn Núi Đối'),
	(309, 11683, 'Phường Đa Phúc'),
	(309, 11686, 'Phường Hưng Đạo'),
	(309, 11689, 'Phường Anh Dũng'),
	(309, 11692, 'Phường Hải Thành'),
	(314, 11695, 'Xã Đông Phương'),
	(314, 11698, 'Xã Thuận Thiên'),
	(314, 11701, 'Xã Hữu Bằng'),
	(314, 11704, 'Xã Đại Đồng'),
	(309, 11707, 'Phường Hoà Nghĩa'),
	(314, 11710, 'Xã Ngũ Phúc'),
	(314, 11713, 'Xã Kiến Quốc'),
	(314, 11716, 'Xã Du Lễ'),
	(314, 11722, 'Xã Thanh Sơn'),
	(314, 11725, 'Xã Minh Tân'),
	(314, 11728, 'Xã Kiến Hưng'),
	(314, 11734, 'Xã Tân Phong'),
	(308, 11737, 'Phường Hợp Đức'),
	(309, 11740, 'Phường Tân Thành'),
	(314, 11743, 'Xã Tân Trào'),
	(314, 11746, 'Xã Đoàn Xá'),
	(314, 11749, 'Xã Tú Sơn'),
	(314, 11752, 'Xã Đại Hợp'),
	(315, 11755, 'Thị trấn Tiên Lãng'),
	(315, 11758, 'Xã Đại Thắng'),
	(315, 11761, 'Xã Tiên Cường'),
	(315, 11764, 'Xã Tự Cường'),
	(315, 11770, 'Xã Quyết Tiến'),
	(315, 11773, 'Xã Khởi Nghĩa'),
	(315, 11776, 'Xã Tiên Thanh'),
	(315, 11779, 'Xã Cấp Tiến'),
	(315, 11782, 'Xã Kiến Thiết'),
	(315, 11785, 'Xã Đoàn Lập'),
	(315, 11791, 'Xã Tân Minh'),
	(315, 11797, 'Xã Tiên Thắng'),
	(315, 11800, 'Xã Tiên Minh'),
	(315, 11803, 'Xã Bắc Hưng'),
	(315, 11806, 'Xã Nam Hưng'),
	(315, 11809, 'Xã Hùng Thắng'),
	(315, 11812, 'Xã Tây Hưng'),
	(315, 11815, 'Xã Đông Hưng'),
	(315, 11821, 'Xã Vinh Quang'),
	(316, 11824, 'Thị trấn Vĩnh Bảo'),
	(316, 11827, 'Xã Dũng Tiến'),
	(316, 11830, 'Xã Giang Biên'),
	(316, 11833, 'Xã Thắng Thuỷ'),
	(316, 11836, 'Xã Trung Lập'),
	(316, 11839, 'Xã Việt Tiến'),
	(316, 11842, 'Xã Vĩnh An'),
	(316, 11848, 'Xã Vĩnh Hoà'),
	(316, 11851, 'Xã Hùng Tiến'),
	(316, 11857, 'Xã Tân Hưng'),
	(316, 11860, 'Xã Tân Liên'),
	(316, 11866, 'Xã Vĩnh Hưng'),
	(316, 11875, 'Xã Vĩnh Hải'),
	(316, 11881, 'Xã Liên Am'),
	(316, 11884, 'Xã Lý Học'),
	(316, 11887, 'Xã Tam Cường'),
	(316, 11890, 'Xã Hoà Bình'),
	(316, 11893, 'Xã Tiền Phong'),
	(316, 11902, 'Xã Cao Minh'),
	(316, 11911, 'Xã Trấn Dương'),
	(317, 11914, 'Thị trấn Cát Bà'),
	(317, 11917, 'Thị trấn Cát Hải'),
	(317, 11920, 'Xã Nghĩa Lộ'),
	(317, 11923, 'Xã Đồng Bài'),
	(317, 11926, 'Xã Hoàng Châu'),
	(317, 11929, 'Xã Văn Phong'),
	(317, 11932, 'Xã Phù Long'),
	(317, 11935, 'Xã Gia Luận'),
	(317, 11938, 'Xã Hiền Hào'),
	(317, 11941, 'Xã Trân Châu'),
	(317, 11944, 'Xã Việt Hải'),
	(317, 11947, 'Xã Xuân Đám'),
	(323, 11950, 'Phường Lam Sơn'),
	(323, 11953, 'Phường Hiến Nam'),
	(323, 11956, 'Phường An Tảo'),
	(323, 11959, 'Phường Lê Lợi'),
	(323, 11962, 'Phường Minh Khai'),
	(323, 11968, 'Phường Hồng Châu'),
	(323, 11971, 'Xã Trung Nghĩa'),
	(323, 11974, 'Xã Liên Phương'),
	(323, 11977, 'Xã Phương Nam'),
	(323, 11980, 'Xã Quảng Châu'),
	(323, 11983, 'Xã Bảo Khê'),
	(325, 11986, 'Thị trấn Như Quỳnh'),
	(325, 11989, 'Xã Lạc Đạo'),
	(325, 11992, 'Xã Chỉ Đạo'),
	(325, 11995, 'Xã Đại Đồng'),
	(325, 11998, 'Xã Việt Hưng'),
	(325, 12001, 'Xã Tân Quang'),
	(325, 12004, 'Xã Đình Dù'),
	(325, 12007, 'Xã Minh Hải'),
	(325, 12010, 'Xã Lương Tài'),
	(325, 12013, 'Xã Trưng Trắc'),
	(325, 12016, 'Xã Lạc Hồng'),
	(326, 12019, 'Thị trấn Văn Giang'),
	(326, 12022, 'Xã Xuân Quan'),
	(326, 12025, 'Xã Cửu Cao'),
	(326, 12028, 'Xã Phụng Công'),
	(326, 12031, 'Xã Nghĩa Trụ'),
	(326, 12034, 'Xã Long Hưng'),
	(326, 12037, 'Xã Vĩnh Khúc'),
	(326, 12040, 'Xã Liên Nghĩa'),
	(326, 12043, 'Xã Tân Tiến'),
	(326, 12046, 'Xã Thắng Lợi'),
	(326, 12049, 'Xã Mễ Sở'),
	(327, 12052, 'Thị trấn Yên Mỹ'),
	(327, 12055, 'Xã Nguyễn Văn Linh'),
	(327, 12061, 'Xã Đồng Than'),
	(327, 12064, 'Xã Ngọc Long'),
	(327, 12067, 'Xã Liêu Xá'),
	(327, 12070, 'Xã Hoàn Long'),
	(327, 12073, 'Xã Tân Lập'),
	(327, 12076, 'Xã Thanh Long'),
	(327, 12079, 'Xã Yên Phú'),
	(327, 12085, 'Xã Trung Hòa'),
	(327, 12091, 'Xã Việt Yên'),
	(327, 12100, 'Xã Tân Minh'),
	(328, 12103, 'Phường Bần Yên Nhân'),
	(328, 12106, 'Phường Phan Đình Phùng'),
	(328, 12109, 'Xã Cẩm Xá'),
	(328, 12112, 'Xã Dương Quang'),
	(328, 12115, 'Xã Hòa Phong'),
	(328, 12118, 'Phường Nhân Hòa'),
	(328, 12121, 'Phường Dị Sử'),
	(328, 12124, 'Phường Bạch Sam'),
	(328, 12127, 'Phường Minh Đức'),
	(328, 12130, 'Phường Phùng Chí Kiên'),
	(328, 12133, 'Xã Xuân Dục'),
	(328, 12136, 'Xã Ngọc Lâm'),
	(328, 12139, 'Xã Hưng Long'),
	(329, 12142, 'Thị trấn Ân Thi'),
	(329, 12145, 'Xã Phù Ủng'),
	(329, 12148, 'Xã Bắc Sơn'),
	(329, 12151, 'Xã Bãi Sậy'),
	(329, 12154, 'Xã Đào Dương'),
	(329, 12157, 'Xã Quang Vinh'),
	(329, 12160, 'Xã Vân Du'),
	(329, 12166, 'Xã Xuân Trúc'),
	(329, 12169, 'Xã Hoàng Hoa Thám'),
	(329, 12172, 'Xã Quảng Lãng'),
	(329, 12175, 'Xã Đa Lộc'),
	(329, 12178, 'Xã Đặng Lễ'),
	(329, 12181, 'Xã Cẩm Ninh'),
	(329, 12184, 'Xã Nguyễn Trãi'),
	(329, 12190, 'Xã Hồ Tùng Mậu'),
	(329, 12193, 'Xã Tiền Phong'),
	(329, 12196, 'Xã Hồng Quang'),
	(329, 12202, 'Xã Hạ Lễ'),
	(330, 12205, 'Thị trấn Khoái Châu'),
	(330, 12208, 'Xã Đông Tảo'),
	(330, 12211, 'Xã Bình Minh'),
	(330, 12214, 'Xã Phạm Hồng Thái'),
	(330, 12220, 'Xã Ông Đình'),
	(330, 12223, 'Xã Tân Dân'),
	(330, 12226, 'Xã Tứ Dân'),
	(330, 12229, 'Xã An Vĩ'),
	(330, 12232, 'Xã Đông Kết'),
	(330, 12238, 'Xã Dân Tiến'),
	(330, 12244, 'Xã Đồng Tiến'),
	(330, 12247, 'Xã Tân Châu'),
	(330, 12250, 'Xã Liên Khê'),
	(330, 12253, 'Xã Phùng Hưng'),
	(330, 12256, 'Xã Việt Hòa'),
	(330, 12259, 'Xã Đông Ninh'),
	(330, 12262, 'Xã Đại Tập'),
	(330, 12265, 'Xã Chí Minh'),
	(330, 12271, 'Xã Thuần Hưng'),
	(330, 12274, 'Xã Nguyễn Huệ'),
	(331, 12280, 'Thị trấn Lương Bằng'),
	(331, 12283, 'Xã Nghĩa Dân'),
	(331, 12286, 'Xã Toàn Thắng'),
	(331, 12289, 'Xã Vĩnh Xá'),
	(331, 12292, 'Xã Phạm Ngũ Lão'),
	(331, 12295, 'Xã Phú Thọ'),
	(331, 12298, 'Xã Đồng Thanh'),
	(331, 12301, 'Xã Song Mai'),
	(331, 12304, 'Xã Chính Nghĩa'),
	(331, 12313, 'Xã Mai Động'),
	(331, 12316, 'Xã Đức Hợp'),
	(331, 12319, 'Xã Hùng An'),
	(331, 12322, 'Xã Ngọc Thanh'),
	(331, 12325, 'Xã Diên Hồng'),
	(331, 12328, 'Xã Hiệp Cường'),
	(323, 12331, 'Xã Phú Cường'),
	(323, 12334, 'Xã Hùng Cường'),
	(332, 12337, 'Thị trấn Vương'),
	(332, 12340, 'Xã Hưng Đạo'),
	(332, 12346, 'Xã Nhật Tân'),
	(332, 12352, 'Xã Lệ Xá'),
	(332, 12355, 'Xã An Viên'),
	(332, 12361, 'Xã Trung Dũng'),
	(332, 12364, 'Xã Hải Thắng'),
	(332, 12367, 'Xã Thủ Sỹ'),
	(332, 12370, 'Xã Thiện Phiến'),
	(332, 12373, 'Xã Thụy Lôi'),
	(332, 12376, 'Xã Cương Chính'),
	(323, 12385, 'Xã Tân Hưng'),
	(323, 12388, 'Xã Hoàng Hanh'),
	(333, 12391, 'Thị trấn Trần Cao'),
	(333, 12394, 'Xã Minh Tân'),
	(333, 12397, 'Xã Phan Sào Nam'),
	(333, 12400, 'Xã Quang Hưng'),
	(333, 12403, 'Xã Minh Hoàng'),
	(333, 12406, 'Xã Đoàn Đào'),
	(333, 12409, 'Xã Tống Phan'),
	(333, 12412, 'Xã Đình Cao'),
	(333, 12415, 'Xã Nhật Quang'),
	(333, 12421, 'Xã Tam Đa'),
	(333, 12424, 'Xã Tiên Tiến'),
	(333, 12427, 'Xã Nguyên Hòa'),
	(333, 12430, 'Xã Tống Trân'),
	(336, 12433, 'Phường Lê Hồng Phong'),
	(336, 12436, 'Phường Bồ Xuyên'),
	(336, 12439, 'Phường Đề Thám'),
	(336, 12442, 'Phường Kỳ Bá'),
	(336, 12445, 'Phường Quang Trung'),
	(336, 12448, 'Phường Phú Khánh'),
	(336, 12451, 'Phường Tiền Phong'),
	(336, 12452, 'Phường Trần Hưng Đạo'),
	(336, 12454, 'Phường Trần Lãm'),
	(336, 12457, 'Xã Đông Hòa'),
	(336, 12460, 'Phường Hoàng Diệu'),
	(336, 12463, 'Xã Phú Xuân'),
	(336, 12466, 'Xã Vũ Phúc'),
	(336, 12469, 'Xã Vũ Chính'),
	(338, 12472, 'Thị trấn Quỳnh Côi'),
	(338, 12475, 'Xã An Khê'),
	(338, 12478, 'Xã An Đồng'),
	(338, 12481, 'Xã Quỳnh Hoa'),
	(338, 12484, 'Xã Quỳnh Lâm'),
	(338, 12487, 'Xã Quỳnh Thọ'),
	(338, 12490, 'Xã An Hiệp'),
	(338, 12493, 'Xã Quỳnh Hoàng'),
	(338, 12496, 'Xã Quỳnh Giao'),
	(338, 12499, 'Xã An Thái'),
	(338, 12502, 'Xã An Cầu'),
	(338, 12505, 'Xã Quỳnh Hồng'),
	(338, 12508, 'Xã Quỳnh Khê'),
	(338, 12511, 'Xã Quỳnh Minh'),
	(338, 12514, 'Xã An Ninh'),
	(338, 12517, 'Xã Quỳnh Ngọc'),
	(338, 12520, 'Xã Quỳnh Hải'),
	(338, 12523, 'Thị trấn An Bài'),
	(338, 12526, 'Xã An Ấp'),
	(338, 12529, 'Xã Quỳnh Hội'),
	(338, 12532, 'Xã Châu Sơn'),
	(338, 12535, 'Xã Quỳnh Mỹ'),
	(338, 12538, 'Xã An Quí'),
	(338, 12541, 'Xã An Thanh'),
	(338, 12547, 'Xã An Vũ'),
	(338, 12550, 'Xã An Lễ'),
	(338, 12553, 'Xã Quỳnh Hưng'),
	(338, 12559, 'Xã An Mỹ'),
	(338, 12562, 'Xã Quỳnh Nguyên'),
	(338, 12565, 'Xã An Vinh'),
	(338, 12571, 'Xã An Dục'),
	(338, 12574, 'Xã Đông Hải'),
	(338, 12577, 'Xã Trang Bảo Xá'),
	(338, 12580, 'Xã An Tràng'),
	(338, 12583, 'Xã Đồng Tiến'),
	(339, 12586, 'Thị trấn Hưng Hà'),
	(339, 12589, 'Xã Quang Trung'),
	(339, 12592, 'Xã Tân Lễ'),
	(339, 12595, 'Xã Cộng Hòa'),
	(339, 12601, 'Xã Canh Tân'),
	(339, 12604, 'Xã Hòa Tiến'),
	(339, 12610, 'Xã Tân Tiến'),
	(339, 12613, 'Thị trấn Hưng Nhân'),
	(339, 12616, 'Xã Đoan Hùng'),
	(339, 12619, 'Xã Duyên Hải'),
	(339, 12622, 'Xã Tân Hòa'),
	(339, 12625, 'Xã Văn Cẩm'),
	(339, 12628, 'Xã Bắc Sơn'),
	(339, 12631, 'Xã Đông Đô'),
	(339, 12634, 'Xã Phúc Khánh'),
	(339, 12637, 'Xã Liên Hiệp'),
	(339, 12640, 'Xã Tây Đô'),
	(339, 12643, 'Xã Thống Nhất'),
	(339, 12646, 'Xã Tiến Đức'),
	(339, 12649, 'Xã Thái Hưng'),
	(339, 12652, 'Xã Thái Phương'),
	(339, 12655, 'Xã Hòa Bình'),
	(339, 12656, 'Xã Chi Lăng'),
	(339, 12658, 'Xã Minh Khai'),
	(339, 12661, 'Xã Hồng An'),
	(339, 12664, 'Xã Kim Chung'),
	(339, 12667, 'Xã Hồng Lĩnh'),
	(339, 12670, 'Xã Minh Tân'),
	(339, 12673, 'Xã Văn Lang'),
	(339, 12676, 'Xã Độc Lập'),
	(339, 12679, 'Xã Chí Hòa'),
	(339, 12682, 'Xã Minh Hòa'),
	(339, 12685, 'Xã Hồng Minh'),
	(340, 12688, 'Thị trấn Đông Hưng'),
	(340, 12694, 'Xã Đông Phương'),
	(340, 12700, 'Xã Liên An Đô'),
	(340, 12703, 'Xã Đông Sơn'),
	(340, 12706, 'Xã Đông Cường'),
	(340, 12709, 'Xã Phú Lương'),
	(340, 12712, 'Xã Mê Linh'),
	(340, 12715, 'Xã Lô Giang'),
	(340, 12718, 'Xã Đông La'),
	(340, 12721, 'Xã Minh Tân'),
	(340, 12724, 'Xã Đông Xá'),
	(340, 12730, 'Xã Nguyên Xá'),
	(340, 12736, 'Xã Phong Dương Tiến'),
	(340, 12739, 'Xã Hồng Việt'),
	(340, 12745, 'Xã Hà Giang'),
	(340, 12748, 'Xã Đông Kinh'),
	(340, 12751, 'Xã Đông Hợp'),
	(340, 12754, 'Xã Thăng Long'),
	(340, 12757, 'Xã Đông Các'),
	(340, 12760, 'Xã Phú Châu'),
	(340, 12763, 'Xã Liên Hoa'),
	(340, 12769, 'Xã Đông Tân'),
	(340, 12772, 'Xã Đông Vinh'),
	(340, 12775, 'Xã Xuân Quang Động'),
	(340, 12778, 'Xã Hồng Bạch'),
	(340, 12784, 'Xã Trọng Quan'),
	(340, 12790, 'Xã Hồng Giang'),
	(340, 12793, 'Xã Đông Quan'),
	(340, 12802, 'Xã Đông Á'),
	(340, 12808, 'Xã Đông Hoàng'),
	(340, 12811, 'Xã Đông Dương'),
	(336, 12817, 'Xã Đông Mỹ'),
	(336, 12820, 'Xã Đông Thọ'),
	(340, 12823, 'Xã Minh Phú'),
	(341, 12826, 'Thị trấn Diêm Điền'),
	(341, 12832, 'Xã Thụy Trường'),
	(341, 12841, 'Xã Hồng Dũng'),
	(341, 12844, 'Xã Thụy Quỳnh'),
	(341, 12847, 'Xã An Tân'),
	(341, 12850, 'Xã Thụy Ninh'),
	(341, 12853, 'Xã Thụy Hưng'),
	(341, 12856, 'Xã Thụy Việt'),
	(341, 12859, 'Xã Thụy Văn'),
	(341, 12862, 'Xã Thụy Xuân'),
	(341, 12865, 'Xã Dương Phúc'),
	(341, 12868, 'Xã Thụy Trình'),
	(341, 12871, 'Xã Thụy Bình'),
	(341, 12874, 'Xã Thụy Chính'),
	(341, 12877, 'Xã Thụy Dân'),
	(341, 12880, 'Xã Thụy Hải'),
	(341, 12889, 'Xã Thụy Liên'),
	(341, 12892, 'Xã Thụy Duyên'),
	(341, 12898, 'Xã Thụy Thanh'),
	(341, 12901, 'Xã Thụy Sơn'),
	(341, 12904, 'Xã Thụy Phong'),
	(341, 12907, 'Xã Thái Thượng'),
	(341, 12910, 'Xã Thái Nguyên'),
	(341, 12916, 'Xã Dương Hồng Thủy'),
	(341, 12919, 'Xã Thái Giang'),
	(341, 12922, 'Xã Hòa An'),
	(341, 12925, 'Xã Sơn Hà'),
	(341, 12934, 'Xã Thái Phúc'),
	(341, 12937, 'Xã Thái Hưng'),
	(341, 12940, 'Xã Thái Đô'),
	(341, 12943, 'Xã Thái Xuyên'),
	(341, 12949, 'Xã Mỹ Lộc'),
	(341, 12958, 'Xã Tân Học'),
	(341, 12961, 'Xã Thái Thịnh'),
	(341, 12964, 'Xã Thuần Thành'),
	(341, 12967, 'Xã Thái Thọ'),
	(342, 12970, 'Thị trấn Tiền Hải'),
	(342, 12976, 'Xã Đông Trà'),
	(342, 12979, 'Xã Đông Long'),
	(342, 12985, 'Xã Vũ Lăng'),
	(342, 12988, 'Xã Đông Xuyên'),
	(342, 12991, 'Xã Tây Lương'),
	(342, 12994, 'Xã Tây Ninh'),
	(342, 12997, 'Xã Đông Quang'),
	(342, 13000, 'Xã Đông Hoàng'),
	(342, 13003, 'Xã Đông Minh'),
	(342, 13012, 'Xã An Ninh'),
	(342, 13018, 'Xã Đông Cơ'),
	(342, 13021, 'Xã Tây Giang'),
	(342, 13024, 'Xã Đông Lâm'),
	(342, 13027, 'Xã Phương Công'),
	(342, 13030, 'Xã Ái Quốc'),
	(342, 13036, 'Xã Nam Cường'),
	(342, 13039, 'Xã Vân Trường'),
	(342, 13045, 'Xã Nam Chính'),
	(342, 13048, 'Xã Bắc Hải'),
	(342, 13051, 'Xã Nam Thịnh'),
	(342, 13054, 'Xã Nam Hà'),
	(342, 13057, 'Xã Nam Tiến'),
	(342, 13060, 'Xã Nam Trung'),
	(342, 13063, 'Xã Nam Hồng'),
	(342, 13066, 'Xã Nam Hưng'),
	(342, 13069, 'Xã Nam Hải'),
	(342, 13072, 'Xã Nam Phú'),
	(343, 13075, 'Thị trấn Kiến Xương'),
	(343, 13078, 'Xã Trà Giang'),
	(343, 13081, 'Xã Quốc Tuấn'),
	(336, 13084, 'Xã Vũ Đông'),
	(343, 13087, 'Xã An Bình'),
	(343, 13090, 'Xã Tây Sơn'),
	(343, 13093, 'Xã Hồng Thái'),
	(343, 13096, 'Xã Bình Nguyên'),
	(343, 13102, 'Xã Lê Lợi'),
	(336, 13108, 'Xã Vũ Lạc'),
	(343, 13111, 'Xã Vũ Lễ'),
	(343, 13114, 'Xã Thanh Tân'),
	(343, 13120, 'Xã Thống Nhất'),
	(343, 13126, 'Xã Vũ Ninh'),
	(343, 13129, 'Xã Vũ An'),
	(343, 13132, 'Xã Quang Lịch'),
	(343, 13135, 'Xã Hòa Bình'),
	(343, 13138, 'Xã Bình Minh'),
	(343, 13141, 'Xã Vũ Quí'),
	(343, 13144, 'Xã Quang Bình'),
	(343, 13150, 'Xã Vũ Trung'),
	(343, 13156, 'Xã Vũ Công'),
	(343, 13159, 'Xã Hồng Vũ'),
	(343, 13162, 'Xã Quang Minh'),
	(343, 13165, 'Xã Quang Trung'),
	(343, 13171, 'Xã Minh Quang'),
	(343, 13177, 'Xã Minh Tân'),
	(343, 13180, 'Xã Nam Bình'),
	(343, 13183, 'Xã Bình Thanh'),
	(343, 13186, 'Xã Bình Định'),
	(343, 13189, 'Xã Hồng Tiến'),
	(344, 13192, 'Thị trấn Vũ Thư'),
	(344, 13195, 'Xã Hồng Lý'),
	(344, 13198, 'Xã Đồng Thanh'),
	(344, 13201, 'Xã Xuân Hòa'),
	(344, 13204, 'Xã Hiệp Hòa'),
	(344, 13207, 'Xã Phúc Thành'),
	(344, 13210, 'Xã Tân Phong'),
	(344, 13213, 'Xã Song Lãng'),
	(344, 13216, 'Xã Tân Hòa'),
	(344, 13219, 'Xã Việt Hùng'),
	(344, 13222, 'Xã Minh Lãng'),
	(336, 13225, 'Xã Tân Bình'),
	(344, 13228, 'Xã Minh Khai'),
	(344, 13231, 'Xã Dũng Nghĩa'),
	(344, 13234, 'Xã Minh Quang'),
	(344, 13237, 'Xã Tam Quang'),
	(344, 13240, 'Xã Tân Lập'),
	(344, 13243, 'Xã Bách Thuận'),
	(344, 13246, 'Xã Tự Tân'),
	(344, 13249, 'Xã Song An'),
	(344, 13252, 'Xã Trung An'),
	(344, 13255, 'Xã Vũ Hội'),
	(344, 13258, 'Xã Hòa Bình'),
	(344, 13261, 'Xã Nguyên Xá'),
	(344, 13264, 'Xã Việt Thuận'),
	(344, 13267, 'Xã Vũ Vinh'),
	(344, 13270, 'Xã Vũ Đoài'),
	(344, 13273, 'Xã Vũ Tiến'),
	(344, 13276, 'Xã Vũ Vân'),
	(344, 13279, 'Xã Duy Nhất'),
	(344, 13282, 'Xã Hồng Phong'),
	(347, 13285, 'Phường Quang Trung'),
	(347, 13291, 'Phường Lê Hồng Phong'),
	(347, 13294, 'Phường Châu Cầu'),
	(347, 13303, 'Phường Lam Hạ'),
	(347, 13306, 'Xã Phù Vân'),
	(347, 13309, 'Phường Liêm Chính'),
	(347, 13315, 'Phường Thanh Châu'),
	(347, 13318, 'Phường Châu Sơn'),
	(349, 13321, 'Phường Đồng Văn'),
	(349, 13324, 'Phường Hòa Mạc'),
	(349, 13327, 'Xã Mộc Hoàn'),
	(349, 13330, 'Phường Châu Giang'),
	(349, 13333, 'Phường Bạch Thượng'),
	(349, 13336, 'Phường Duy Minh'),
	(349, 13342, 'Phường Duy Hải'),
	(349, 13345, 'Xã Chuyên Ngoại'),
	(349, 13348, 'Phường Yên Bắc'),
	(349, 13351, 'Xã Trác Văn'),
	(349, 13354, 'Phường Tiên Nội'),
	(349, 13357, 'Phường Hoàng Đông'),
	(349, 13360, 'Xã Yên Nam'),
	(349, 13363, 'Xã Tiên Ngoại'),
	(347, 13366, 'Phường Tân Hiệp'),
	(349, 13369, 'Xã Tiên Sơn'),
	(350, 13384, 'Phường Quế'),
	(350, 13387, 'Xã Nguyễn Úy'),
	(350, 13390, 'Phường Đại Cương'),
	(350, 13393, 'Phường Lê Hồ'),
	(350, 13396, 'Phường Tượng Lĩnh'),
	(350, 13402, 'Phường Tân Tựu'),
	(350, 13405, 'Phường Đồng Hóa'),
	(350, 13408, 'Xã Hoàng Tây'),
	(350, 13411, 'Phường Tân Sơn'),
	(350, 13414, 'Xã Thụy Lôi'),
	(350, 13417, 'Xã Văn Xá'),
	(350, 13420, 'Xã Khả Phong'),
	(350, 13423, 'Phường Ngọc Sơn'),
	(347, 13426, 'Xã Kim Bình'),
	(350, 13429, 'Phường Ba Sao'),
	(350, 13432, 'Xã Liên Sơn'),
	(350, 13435, 'Phường Thi Sơn'),
	(350, 13438, 'Xã Thanh Sơn'),
	(351, 13441, 'Thị trấn Kiện Khê'),
	(347, 13444, 'Phường Tân Liêm'),
	(351, 13450, 'Xã Liêm Phong'),
	(351, 13453, 'Xã Thanh Hà'),
	(351, 13456, 'Xã Liêm Cần'),
	(347, 13459, 'Phường Thanh Tuyền'),
	(351, 13465, 'Xã Liêm Thuận'),
	(351, 13468, 'Xã Thanh Thủy'),
	(351, 13471, 'Xã Thanh Phong'),
	(351, 13474, 'Thị trấn Tân Thanh'),
	(351, 13477, 'Xã Thanh Tân'),
	(351, 13480, 'Xã Liêm Túc'),
	(351, 13483, 'Xã Liêm Sơn'),
	(351, 13486, 'Xã Thanh Hương'),
	(351, 13489, 'Xã Thanh Nghị'),
	(351, 13492, 'Xã Thanh Tâm'),
	(351, 13495, 'Xã Thanh Nguyên'),
	(351, 13498, 'Xã Thanh Hải'),
	(352, 13501, 'Thị trấn Bình Mỹ'),
	(352, 13504, 'Xã Bình Nghĩa'),
	(347, 13507, 'Xã Đinh Xá'),
	(352, 13510, 'Xã Tràng An'),
	(347, 13513, 'Xã Trịnh Xá'),
	(352, 13516, 'Xã Đồng Du'),
	(352, 13519, 'Xã Ngọc Lũ'),
	(352, 13525, 'Xã Đồn Xá'),
	(352, 13528, 'Xã An Ninh'),
	(352, 13531, 'Xã Bồ Đề'),
	(352, 13540, 'Xã Bình An'),
	(352, 13543, 'Xã Vũ Bản'),
	(352, 13546, 'Xã Trung Lương'),
	(352, 13552, 'Xã An Đổ'),
	(352, 13555, 'Xã La Sơn'),
	(352, 13558, 'Xã Tiêu Động'),
	(352, 13561, 'Xã An Lão'),
	(353, 13567, 'Xã Hợp Lý'),
	(353, 13570, 'Xã Nguyên Lý'),
	(353, 13573, 'Xã Chính Lý'),
	(353, 13576, 'Xã Chân Lý'),
	(353, 13579, 'Xã Đạo Lý'),
	(353, 13582, 'Xã Công Lý'),
	(353, 13585, 'Xã Văn Lý'),
	(353, 13588, 'Xã Bắc Lý'),
	(353, 13591, 'Xã Đức Lý'),
	(353, 13594, 'Xã Trần Hưng Đạo'),
	(353, 13597, 'Thị trấn Vĩnh Trụ'),
	(353, 13600, 'Xã Nhân Thịnh'),
	(353, 13606, 'Xã Nhân Khang'),
	(353, 13609, 'Xã Nhân Mỹ'),
	(353, 13612, 'Xã Nhân Nghĩa'),
	(353, 13615, 'Xã Nhân Chính'),
	(353, 13618, 'Xã Nhân Bình'),
	(353, 13621, 'Xã Phú Phúc'),
	(353, 13624, 'Xã Xuân Khê'),
	(353, 13627, 'Xã Tiến Thắng'),
	(353, 13630, 'Xã Hòa Hậu'),
	(356, 13636, 'Phường Vị Xuyên'),
	(356, 13657, 'Phường Trường Thi'),
	(356, 13666, 'Phường Trần Hưng Đạo'),
	(356, 13669, 'Phường Cửa Bắc'),
	(356, 13678, 'Phường Năng Tĩnh'),
	(356, 13681, 'Phường Quang Trung'),
	(356, 13684, 'Phường Lộc Hạ'),
	(356, 13687, 'Phường Lộc Vượng'),
	(356, 13690, 'Phường Cửa Nam'),
	(356, 13693, 'Phường Lộc Hòa'),
	(356, 13696, 'Phường Nam Phong'),
	(356, 13699, 'Phường Mỹ Xá'),
	(356, 13705, 'Phường Nam Vân'),
	(356, 13708, 'Phường Hưng Lộc'),
	(356, 13711, 'Xã Mỹ Hà'),
	(356, 13717, 'Xã Mỹ Thắng'),
	(356, 13720, 'Xã Mỹ Trung'),
	(356, 13723, 'Xã Mỹ Tân'),
	(356, 13726, 'Xã Mỹ Phúc'),
	(356, 13732, 'Xã Mỹ Thuận'),
	(356, 13735, 'Xã Mỹ Lộc'),
	(359, 13741, 'Thị trấn Gôi'),
	(359, 13747, 'Xã Hiển Khánh'),
	(359, 13750, 'Xã Minh Tân'),
	(359, 13753, 'Xã Hợp Hưng'),
	(359, 13756, 'Xã Đại An'),
	(359, 13762, 'Xã Cộng Hòa'),
	(359, 13765, 'Xã Trung Thành'),
	(359, 13768, 'Xã Quang Trung'),
	(359, 13777, 'Xã Thành Lợi'),
	(359, 13780, 'Xã Kim Thái'),
	(359, 13783, 'Xã Liên Minh'),
	(359, 13786, 'Xã Đại Thắng'),
	(359, 13789, 'Xã Tam Thanh'),
	(359, 13792, 'Xã Vĩnh Hào'),
	(360, 13795, 'Thị trấn Lâm'),
	(360, 13801, 'Xã Trung Nghĩa'),
	(360, 13807, 'Xã Tân Minh'),
	(360, 13810, 'Xã Yên Thọ'),
	(360, 13819, 'Xã Phú Hưng'),
	(360, 13822, 'Xã Yên Chính'),
	(360, 13825, 'Xã Yên Bình'),
	(360, 13831, 'Xã Yên Mỹ'),
	(360, 13834, 'Xã Yên Dương'),
	(360, 13843, 'Xã Yên Khánh'),
	(360, 13846, 'Xã Yên Phong'),
	(360, 13849, 'Xã Yên Ninh'),
	(360, 13852, 'Xã Yên Lương'),
	(360, 13861, 'Xã Yên Tiến'),
	(360, 13864, 'Xã Yên Thắng'),
	(360, 13867, 'Xã Yên Phúc'),
	(360, 13870, 'Xã Yên Cường'),
	(360, 13873, 'Xã Yên Lộc'),
	(360, 13876, 'Xã Hồng Quang'),
	(360, 13879, 'Xã Yên Đồng'),
	(360, 13882, 'Xã Yên Khang'),
	(360, 13885, 'Xã Yên Nhân'),
	(360, 13888, 'Xã Yên Trị'),
	(361, 13891, 'Thị trấn Liễu Đề'),
	(361, 13894, 'Thị trấn Rạng Đông'),
	(361, 13900, 'Xã Đồng Thịnh'),
	(361, 13906, 'Xã Nghĩa Thái'),
	(361, 13909, 'Xã Hoàng Nam'),
	(361, 13912, 'Xã Nghĩa Châu'),
	(361, 13915, 'Xã Nghĩa Trung'),
	(361, 13918, 'Xã Nghĩa Sơn'),
	(361, 13921, 'Xã Nghĩa Lạc'),
	(361, 13924, 'Xã Nghĩa Hồng'),
	(361, 13927, 'Xã Nghĩa Phong'),
	(361, 13930, 'Xã Nghĩa Phú'),
	(361, 13939, 'Thị trấn Quỹ Nhất'),
	(361, 13942, 'Xã Nghĩa Hùng'),
	(361, 13945, 'Xã Nghĩa Lâm'),
	(361, 13948, 'Xã Nghĩa Thành'),
	(361, 13951, 'Xã Phúc Thắng'),
	(361, 13954, 'Xã Nghĩa Lợi'),
	(361, 13957, 'Xã Nghĩa Hải'),
	(361, 13963, 'Xã Nam Điền'),
	(362, 13966, 'Thị trấn Nam Giang'),
	(362, 13972, 'Xã Nam Điền'),
	(362, 13975, 'Xã Nghĩa An'),
	(362, 13978, 'Xã Nam Thắng'),
	(362, 13984, 'Xã Hồng Quang'),
	(362, 13987, 'Xã Tân Thịnh'),
	(362, 13990, 'Xã Nam Cường'),
	(362, 13993, 'Xã Nam Hồng'),
	(362, 13996, 'Xã Nam Hùng'),
	(362, 13999, 'Xã Nam Hoa'),
	(362, 14002, 'Xã Nam Dương'),
	(362, 14005, 'Xã Nam Thanh'),
	(362, 14008, 'Xã Nam Lợi'),
	(362, 14011, 'Xã Bình Minh'),
	(362, 14014, 'Xã Đồng Sơn'),
	(362, 14017, 'Xã Nam Tiến'),
	(362, 14020, 'Xã Nam Hải'),
	(362, 14023, 'Xã Nam Thái'),
	(363, 14026, 'Thị trấn Cổ Lễ'),
	(363, 14029, 'Xã Phương Định'),
	(363, 14032, 'Xã Trực Chính'),
	(363, 14035, 'Xã Trung Đông'),
	(363, 14038, 'Xã Liêm Hải'),
	(363, 14041, 'Xã Trực Tuấn'),
	(363, 14044, 'Xã Việt Hùng'),
	(363, 14047, 'Xã Trực Đạo'),
	(363, 14050, 'Xã Trực Hưng'),
	(363, 14053, 'Xã Trực Nội'),
	(363, 14056, 'Thị trấn Cát Thành'),
	(363, 14059, 'Xã Trực Thanh'),
	(363, 14062, 'Xã Trực Khang'),
	(363, 14065, 'Xã Trực Thuận'),
	(363, 14068, 'Xã Trực Mỹ'),
	(363, 14071, 'Xã Trực Đại'),
	(363, 14074, 'Xã Trực Cường'),
	(363, 14077, 'Thị trấn Ninh Cường'),
	(363, 14080, 'Xã Trực Thái'),
	(363, 14083, 'Xã Trực Hùng'),
	(363, 14086, 'Xã Trực Thắng'),
	(364, 14089, 'Thị trấn Xuân Trường'),
	(364, 14092, 'Xã Xuân Châu'),
	(364, 14095, 'Xã Xuân Hồng'),
	(364, 14098, 'Xã Xuân Thành'),
	(364, 14101, 'Xã Xuân Thượng'),
	(364, 14104, 'Xã Xuân Giang'),
	(364, 14110, 'Xã Xuân Tân'),
	(364, 14116, 'Xã Xuân Ngọc'),
	(364, 14122, 'Xã Trà Lũ'),
	(364, 14125, 'Xã Thọ Nghiệp'),
	(364, 14128, 'Xã Xuân Phú'),
	(364, 14134, 'Xã Xuân Vinh'),
	(364, 14143, 'Xã Xuân Ninh'),
	(364, 14146, 'Xã Xuân Phúc'),
	(365, 14152, 'Thị trấn Quất Lâm'),
	(365, 14155, 'Xã Giao Hương'),
	(365, 14158, 'Xã Hồng Thuận'),
	(365, 14161, 'Xã Giao Thiện'),
	(365, 14164, 'Xã Giao Thanh'),
	(365, 14167, 'Thị trấn Giao Thủy'),
	(365, 14170, 'Xã Bình Hòa'),
	(365, 14176, 'Xã Giao Hà'),
	(365, 14179, 'Xã Giao Nhân'),
	(365, 14182, 'Xã Giao An'),
	(365, 14185, 'Xã Giao Lạc'),
	(365, 14188, 'Xã Giao Châu'),
	(365, 14191, 'Xã Giao Tân'),
	(365, 14194, 'Xã Giao Yến'),
	(365, 14197, 'Xã Giao Xuân'),
	(365, 14200, 'Xã Giao Thịnh'),
	(365, 14203, 'Xã Giao Hải'),
	(365, 14206, 'Xã Bạch Long'),
	(365, 14209, 'Xã Giao Long'),
	(365, 14212, 'Xã Giao Phong'),
	(366, 14215, 'Thị trấn Yên Định'),
	(366, 14218, 'Thị trấn Cồn'),
	(366, 14221, 'Thị trấn Thịnh Long'),
	(366, 14224, 'Xã Hải Nam'),
	(366, 14227, 'Xã Hải Trung'),
	(366, 14233, 'Xã Hải Minh'),
	(366, 14236, 'Xã Hải Anh'),
	(366, 14248, 'Xã Hải Hưng'),
	(366, 14254, 'Xã Hải Long'),
	(366, 14260, 'Xã Hải Đường'),
	(366, 14263, 'Xã Hải Lộc'),
	(366, 14266, 'Xã Hải Quang'),
	(366, 14269, 'Xã Hải Đông'),
	(366, 14272, 'Xã Hải Sơn'),
	(366, 14275, 'Xã Hải Tân'),
	(366, 14281, 'Xã Hải Phong'),
	(366, 14284, 'Xã Hải An'),
	(366, 14287, 'Xã Hải Tây'),
	(366, 14293, 'Xã Hải Phú'),
	(366, 14296, 'Xã Hải Giang'),
	(366, 14302, 'Xã Hải Ninh'),
	(366, 14308, 'Xã Hải Xuân'),
	(366, 14311, 'Xã Hải Châu'),
	(366, 14317, 'Xã Hải Hòa'),
	(374, 14320, 'Phường Đông Thành'),
	(374, 14323, 'Phường Tân Thành'),
	(374, 14329, 'Phường Vân Giang'),
	(374, 14332, 'Phường Bích Đào'),
	(374, 14338, 'Phường Nam Bình'),
	(374, 14341, 'Phường Nam Thành'),
	(374, 14344, 'Phường Ninh Khánh'),
	(374, 14347, 'Xã Ninh Nhất'),
	(374, 14350, 'Xã Ninh Tiến'),
	(374, 14353, 'Phường Ninh Phúc'),
	(374, 14356, 'Phường Ninh Sơn'),
	(374, 14359, 'Phường Ninh Phong'),
	(370, 14362, 'Phường Bắc Sơn'),
	(370, 14365, 'Phường Trung Sơn'),
	(370, 14368, 'Phường Nam Sơn'),
	(370, 14369, 'Phường Tây Sơn'),
	(370, 14371, 'Xã Yên Sơn'),
	(370, 14374, 'Phường Yên Bình'),
	(370, 14375, 'Phường Tân Bình'),
	(370, 14377, 'Xã Quang Sơn'),
	(370, 14380, 'Xã Đông Sơn'),
	(372, 14386, 'Xã Xích Thổ'),
	(372, 14389, 'Xã Gia Lâm'),
	(372, 14392, 'Xã Gia Sơn'),
	(372, 14395, 'Xã Thạch Bình'),
	(372, 14398, 'Xã Gia Thủy'),
	(372, 14401, 'Xã Gia Tường'),
	(372, 14404, 'Xã Cúc Phương'),
	(372, 14407, 'Xã Phú Sơn'),
	(372, 14410, 'Xã Đức Long'),
	(372, 14413, 'Xã Lạc Vân'),
	(372, 14416, 'Xã Đồng Phong'),
	(372, 14419, 'Xã Yên Quang'),
	(372, 14425, 'Xã Thượng Hòa'),
	(372, 14428, 'Thị trấn Nho Quan'),
	(372, 14431, 'Xã Văn Phương'),
	(372, 14434, 'Xã Thanh Sơn'),
	(372, 14437, 'Xã Phúc Sơn'),
	(372, 14443, 'Xã Văn Phú'),
	(372, 14446, 'Xã Phú Lộc'),
	(372, 14449, 'Xã Kỳ Phú'),
	(372, 14452, 'Xã Quỳnh Lưu'),
	(372, 14458, 'Xã Phú Long'),
	(372, 14461, 'Xã Quảng Lạc'),
	(373, 14464, 'Thị trấn Thịnh Vượng'),
	(373, 14467, 'Xã Gia Hòa'),
	(373, 14470, 'Xã Gia Hưng'),
	(373, 14473, 'Xã Liên Sơn'),
	(373, 14476, 'Xã Gia Thanh'),
	(373, 14479, 'Xã Gia Vân'),
	(373, 14482, 'Xã Gia Phú'),
	(373, 14485, 'Xã Gia Xuân'),
	(373, 14488, 'Xã Gia Lập'),
	(373, 14494, 'Xã Gia Trấn'),
	(373, 14500, 'Xã Gia Phương'),
	(373, 14503, 'Xã Gia Tân'),
	(373, 14506, 'Xã Tiến Thắng'),
	(373, 14509, 'Xã Gia Trung'),
	(373, 14512, 'Xã Gia Minh'),
	(373, 14515, 'Xã Gia Lạc'),
	(373, 14521, 'Xã Gia Sinh'),
	(373, 14524, 'Xã Gia Phong'),
	(374, 14527, 'Phường Ninh Mỹ'),
	(374, 14530, 'Phường Ninh Giang'),
	(374, 14533, 'Xã Trường Yên'),
	(374, 14536, 'Xã Ninh Khang'),
	(374, 14542, 'Xã Ninh Hòa'),
	(374, 14551, 'Xã Ninh Hải'),
	(374, 14554, 'Xã Ninh Vân'),
	(374, 14557, 'Xã Ninh An'),
	(375, 14560, 'Thị trấn Yên Ninh'),
	(375, 14563, 'Xã Khánh Thiện'),
	(375, 14566, 'Xã Khánh Phú'),
	(375, 14569, 'Xã Khánh Hòa'),
	(375, 14572, 'Xã Khánh Lợi'),
	(375, 14575, 'Xã Khánh An'),
	(375, 14578, 'Xã Khánh Cường'),
	(375, 14581, 'Xã Khánh Cư'),
	(375, 14587, 'Xã Khánh Hải'),
	(375, 14590, 'Xã Khánh Trung'),
	(375, 14593, 'Xã Khánh Mậu'),
	(375, 14596, 'Xã Khánh Vân'),
	(375, 14599, 'Xã Khánh Hội'),
	(375, 14602, 'Xã Khánh Công'),
	(375, 14608, 'Xã Khánh Thành'),
	(375, 14611, 'Xã Khánh Nhạc'),
	(375, 14614, 'Xã Khánh Thủy'),
	(375, 14617, 'Xã Khánh Hồng'),
	(376, 14620, 'Thị trấn Phát Diệm'),
	(376, 14623, 'Thị trấn Bình Minh'),
	(376, 14629, 'Xã Hồi Ninh'),
	(376, 14632, 'Xã Xuân Chính'),
	(376, 14635, 'Xã Kim Định'),
	(376, 14638, 'Xã Ân Hòa'),
	(376, 14641, 'Xã Hùng Tiến'),
	(376, 14647, 'Xã Quang Thiện'),
	(376, 14650, 'Xã Như Hòa'),
	(376, 14653, 'Xã Chất Bình'),
	(376, 14656, 'Xã Đồng Hướng'),
	(376, 14659, 'Xã Kim Chính'),
	(376, 14662, 'Xã Thượng Kiệm'),
	(376, 14668, 'Xã Tân Thành'),
	(376, 14671, 'Xã Yên Lộc'),
	(376, 14674, 'Xã Lai Thành'),
	(376, 14677, 'Xã Định Hóa'),
	(376, 14680, 'Xã Văn Hải'),
	(376, 14683, 'Xã Kim Tân'),
	(376, 14686, 'Xã Kim Mỹ'),
	(376, 14689, 'Xã Cồn Thoi'),
	(376, 14695, 'Xã Kim Trung'),
	(376, 14698, 'Xã Kim Đông'),
	(377, 14701, 'Thị trấn Yên Thịnh'),
	(377, 14704, 'Xã Khánh Thượng'),
	(377, 14707, 'Xã Khánh Dương'),
	(377, 14719, 'Xã Yên Phong'),
	(377, 14722, 'Xã Yên Hòa'),
	(377, 14725, 'Xã Yên Thắng'),
	(377, 14728, 'Xã Yên Từ'),
	(377, 14734, 'Xã Yên Thành'),
	(377, 14737, 'Xã Yên Nhân'),
	(377, 14740, 'Xã Yên Mỹ'),
	(377, 14743, 'Xã Yên Mạc'),
	(377, 14746, 'Xã Yên Đồng'),
	(377, 14749, 'Xã Yên Thái'),
	(377, 14752, 'Xã Yên Lâm'),
	(380, 14755, 'Phường Hàm Rồng'),
	(380, 14758, 'Phường Đông Thọ'),
	(380, 14761, 'Phường Nam Ngạn'),
	(380, 14764, 'Phường Trường Thi'),
	(380, 14767, 'Phường Điện Biên'),
	(380, 14770, 'Phường Phú Sơn'),
	(380, 14773, 'Phường Lam Sơn'),
	(380, 14776, 'Phường Ba Đình'),
	(380, 14779, 'Phường Ngọc Trạo'),
	(380, 14782, 'Phường Đông Vệ'),
	(380, 14785, 'Phường Đông Sơn'),
	(380, 14791, 'Phường Đông Cương'),
	(380, 14794, 'Phường Đông Hương'),
	(380, 14797, 'Phường Đông Hải'),
	(380, 14800, 'Phường Quảng Hưng'),
	(380, 14803, 'Phường Quảng Thắng'),
	(380, 14806, 'Phường Quảng Thành'),
	(381, 14809, 'Phường Bắc Sơn'),
	(381, 14812, 'Phường Ba Đình'),
	(381, 14815, 'Phường Lam Sơn'),
	(381, 14818, 'Phường Ngọc Trạo'),
	(381, 14821, 'Phường Đông Sơn'),
	(381, 14823, 'Phường Phú Sơn'),
	(381, 14824, 'Xã Quang Trung'),
	(382, 14830, 'Phường Trung Sơn'),
	(382, 14833, 'Phường Bắc Sơn'),
	(382, 14836, 'Phường Trường Sơn'),
	(382, 14839, 'Phường Quảng Cư'),
	(382, 14842, 'Phường Quảng Tiến'),
	(384, 14845, 'Thị trấn Mường Lát'),
	(384, 14848, 'Xã Tam Chung'),
	(384, 14854, 'Xã Mường Lý'),
	(384, 14857, 'Xã Trung Lý'),
	(384, 14860, 'Xã Quang Chiểu'),
	(384, 14863, 'Xã Pù Nhi'),
	(384, 14864, 'Xã Nhi Sơn'),
	(384, 14866, 'Xã Mường Chanh'),
	(385, 14869, 'Thị trấn Hồi Xuân'),
	(385, 14872, 'Xã Thành Sơn'),
	(385, 14875, 'Xã Trung Sơn'),
	(385, 14878, 'Xã Phú Thanh'),
	(385, 14881, 'Xã Trung Thành'),
	(385, 14884, 'Xã Phú Lệ'),
	(385, 14887, 'Xã Phú Sơn'),
	(385, 14890, 'Xã Phú Xuân'),
	(385, 14896, 'Xã Hiền Chung'),
	(385, 14899, 'Xã Hiền Kiệt'),
	(385, 14902, 'Xã Nam Tiến'),
	(385, 14908, 'Xã Thiên Phủ'),
	(385, 14911, 'Xã Phú Nghiêm'),
	(385, 14914, 'Xã Nam Xuân'),
	(385, 14917, 'Xã Nam Động'),
	(386, 14923, 'Thị trấn Cành Nàng'),
	(386, 14926, 'Xã Điền Thượng'),
	(386, 14929, 'Xã Điền Hạ'),
	(386, 14932, 'Xã Điền Quang'),
	(386, 14935, 'Xã Điền Trung'),
	(386, 14938, 'Xã Thành Sơn'),
	(386, 14941, 'Xã Lương Ngoại'),
	(386, 14944, 'Xã Ái Thượng'),
	(386, 14947, 'Xã Lương Nội'),
	(386, 14950, 'Xã Điền Lư'),
	(386, 14953, 'Xã Lương Trung'),
	(386, 14956, 'Xã Lũng Niêm'),
	(386, 14959, 'Xã Lũng Cao'),
	(386, 14962, 'Xã Hạ Trung'),
	(386, 14965, 'Xã Cổ Lũng'),
	(386, 14968, 'Xã Thành Lâm'),
	(386, 14971, 'Xã Ban Công'),
	(386, 14974, 'Xã Kỳ Tân'),
	(386, 14977, 'Xã Văn Nho'),
	(386, 14980, 'Xã Thiết Ống'),
	(386, 14986, 'Xã Thiết Kế'),
	(387, 14995, 'Xã Trung Xuân'),
	(387, 14998, 'Xã Trung Thượng'),
	(387, 14999, 'Xã Trung Tiến'),
	(387, 15001, 'Xã Trung Hạ'),
	(387, 15004, 'Xã Sơn Hà'),
	(387, 15007, 'Xã Tam Thanh'),
	(387, 15010, 'Xã Sơn Thủy'),
	(387, 15013, 'Xã Na Mèo'),
	(387, 15016, 'Thị trấn Sơn Lư'),
	(387, 15019, 'Xã Tam Lư'),
	(387, 15022, 'Xã Sơn Điện'),
	(387, 15025, 'Xã Mường Mìn'),
	(388, 15031, 'Xã Yên Khương'),
	(388, 15034, 'Xã Yên Thắng'),
	(388, 15037, 'Xã Trí Nang'),
	(388, 15040, 'Xã Giao An'),
	(388, 15043, 'Xã Giao Thiện'),
	(388, 15046, 'Xã Tân Phúc'),
	(388, 15049, 'Xã Tam Văn'),
	(388, 15052, 'Xã Lâm Phú'),
	(388, 15055, 'Thị trấn Lang Chánh'),
	(388, 15058, 'Xã Đồng Lương'),
	(389, 15061, 'Thị trấn Ngọc Lặc'),
	(389, 15064, 'Xã Lam Sơn'),
	(389, 15067, 'Xã Mỹ Tân'),
	(389, 15070, 'Xã Thúy Sơn'),
	(389, 15073, 'Xã Thạch Lập'),
	(389, 15076, 'Xã Vân Âm'),
	(389, 15079, 'Xã Cao Ngọc'),
	(389, 15085, 'Xã Quang Trung'),
	(389, 15088, 'Xã Đồng Thịnh'),
	(389, 15091, 'Xã Ngọc Liên'),
	(389, 15094, 'Xã Ngọc Sơn'),
	(389, 15097, 'Xã Lộc Thịnh'),
	(389, 15100, 'Xã Cao Thịnh'),
	(389, 15103, 'Xã Ngọc Trung'),
	(389, 15106, 'Xã Phùng Giáo'),
	(389, 15109, 'Xã Phùng Minh'),
	(389, 15112, 'Xã Phúc Thịnh'),
	(389, 15115, 'Xã Nguyệt Ấn'),
	(389, 15118, 'Xã Kiên Thọ'),
	(389, 15121, 'Xã Minh Tiến'),
	(389, 15124, 'Xã Minh Sơn'),
	(390, 15127, 'Thị trấn Phong Sơn'),
	(390, 15133, 'Xã Cẩm Thành'),
	(390, 15136, 'Xã Cẩm Quý'),
	(390, 15139, 'Xã Cẩm Lương'),
	(390, 15142, 'Xã Cẩm Thạch'),
	(390, 15145, 'Xã Cẩm Liên'),
	(390, 15148, 'Xã Cẩm Giang'),
	(390, 15151, 'Xã Cẩm Bình'),
	(390, 15154, 'Xã Cẩm Tú'),
	(390, 15160, 'Xã Cẩm Châu'),
	(390, 15163, 'Xã Cẩm Tâm'),
	(390, 15169, 'Xã Cẩm Ngọc'),
	(390, 15172, 'Xã Cẩm Long'),
	(390, 15175, 'Xã Cẩm Yên'),
	(390, 15178, 'Xã Cẩm Tân'),
	(390, 15181, 'Xã Cẩm Phú'),
	(390, 15184, 'Xã Cẩm Vân'),
	(391, 15187, 'Thị trấn Kim Tân'),
	(391, 15190, 'Thị trấn Vân Du'),
	(391, 15196, 'Xã Thạch Lâm'),
	(391, 15199, 'Xã Thạch Quảng'),
	(391, 15202, 'Xã Thạch Tượng'),
	(391, 15205, 'Xã Thạch Cẩm'),
	(391, 15208, 'Xã Thạch Sơn'),
	(391, 15211, 'Xã Thạch Bình'),
	(391, 15214, 'Xã Thạch Định'),
	(391, 15220, 'Xã Thạch Long'),
	(391, 15223, 'Xã Thành Mỹ'),
	(391, 15226, 'Xã Thành Yên'),
	(391, 15229, 'Xã Thành Vinh'),
	(391, 15232, 'Xã Thành Minh'),
	(391, 15235, 'Xã Thành Công'),
	(391, 15238, 'Xã Thành Tân'),
	(391, 15241, 'Xã Thành Trực'),
	(391, 15247, 'Xã Thành Tâm'),
	(391, 15250, 'Xã Thành An'),
	(391, 15253, 'Xã Thành Thọ'),
	(391, 15256, 'Xã Thành Tiến'),
	(391, 15259, 'Xã Thành Long'),
	(391, 15265, 'Xã Thành Hưng'),
	(391, 15268, 'Xã Ngọc Trạo'),
	(392, 15271, 'Thị trấn Hà Trung'),
	(392, 15274, 'Thị trấn Hà Long'),
	(392, 15277, 'Xã Hà Vinh'),
	(392, 15280, 'Xã Hà Bắc'),
	(392, 15283, 'Xã Hoạt Giang'),
	(392, 15286, 'Xã Yên Dương'),
	(392, 15292, 'Xã Hà Giang'),
	(392, 15298, 'Xã Lĩnh Toại'),
	(392, 15304, 'Xã Hà Ngọc'),
	(392, 15307, 'Xã Yến Sơn'),
	(392, 15313, 'Xã Hà Sơn'),
	(392, 15316, 'Thị trấn Hà Lĩnh'),
	(392, 15319, 'Xã Hà Đông'),
	(392, 15322, 'Xã Hà Tân'),
	(392, 15325, 'Xã Hà Tiến'),
	(392, 15328, 'Xã Hà Bình'),
	(392, 15331, 'Xã Thái Lai'),
	(392, 15334, 'Xã Hà Châu'),
	(392, 15343, 'Xã Hà Hải'),
	(393, 15349, 'Thị trấn Vĩnh Lộc'),
	(393, 15352, 'Xã Vĩnh Quang'),
	(393, 15355, 'Xã Vĩnh Yên'),
	(393, 15358, 'Xã Vĩnh Tiến'),
	(393, 15361, 'Xã Vĩnh Long'),
	(393, 15364, 'Xã Vĩnh Phúc'),
	(393, 15367, 'Xã Vĩnh Hưng'),
	(393, 15376, 'Xã Vĩnh Hòa'),
	(393, 15379, 'Xã Vĩnh Hùng'),
	(393, 15382, 'Xã Minh Tân'),
	(393, 15385, 'Xã Ninh Khang'),
	(393, 15388, 'Xã Vĩnh Thịnh'),
	(393, 15391, 'Xã Vĩnh An'),
	(394, 15397, 'Thị trấn Thống Nhất'),
	(394, 15403, 'Thị trấn Yên Lâm'),
	(394, 15406, 'Xã Yên Tâm'),
	(394, 15409, 'Xã Yên Phú'),
	(394, 15412, 'Thị trấn Quý Lộc'),
	(394, 15415, 'Xã Yên Thọ'),
	(394, 15418, 'Xã Yên Trung'),
	(394, 15421, 'Xã Yên Trường'),
	(394, 15427, 'Xã Yên Phong'),
	(394, 15430, 'Xã Yên Thái'),
	(394, 15433, 'Xã Yên Hùng'),
	(394, 15436, 'Xã Yên Thịnh'),
	(394, 15442, 'Xã Yên Ninh'),
	(394, 15445, 'Xã Định Tăng'),
	(394, 15448, 'Xã Định Hòa'),
	(394, 15451, 'Xã Định Thành'),
	(394, 15454, 'Xã Định Công'),
	(394, 15457, 'Xã Định Tân'),
	(394, 15460, 'Xã Định Tiến'),
	(394, 15463, 'Xã Định Long'),
	(394, 15466, 'Xã Định Liên'),
	(394, 15469, 'Thị trấn Quán Lào'),
	(394, 15472, 'Xã Định Hưng'),
	(394, 15475, 'Xã Định Hải'),
	(394, 15478, 'Xã Định Bình'),
	(395, 15493, 'Xã Xuân Hồng'),
	(395, 15499, 'Thị trấn Thọ Xuân'),
	(395, 15502, 'Xã Bắc Lương'),
	(395, 15505, 'Xã Nam Giang'),
	(395, 15508, 'Xã Xuân Phong'),
	(395, 15511, 'Xã Thọ Lộc'),
	(395, 15514, 'Xã Xuân Trường'),
	(395, 15517, 'Xã Xuân Hòa'),
	(395, 15520, 'Xã Thọ Hải'),
	(395, 15523, 'Xã Tây Hồ'),
	(395, 15526, 'Xã Xuân Giang'),
	(395, 15532, 'Xã Xuân Sinh'),
	(395, 15535, 'Xã Xuân Hưng'),
	(395, 15538, 'Xã Thọ Diên'),
	(395, 15541, 'Xã Thọ Lâm'),
	(395, 15544, 'Xã Thọ Xương'),
	(395, 15547, 'Xã Xuân Bái'),
	(395, 15550, 'Xã Xuân Phú'),
	(395, 15553, 'Thị trấn Sao Vàng'),
	(395, 15556, 'Thị trấn Lam Sơn'),
	(395, 15559, 'Xã Xuân Thiên'),
	(395, 15565, 'Xã Thuận Minh'),
	(395, 15568, 'Xã Thọ Lập'),
	(395, 15571, 'Xã Quảng Phú'),
	(395, 15574, 'Xã Xuân Tín'),
	(395, 15577, 'Xã Phú Xuân'),
	(395, 15583, 'Xã Xuân Lai'),
	(395, 15586, 'Xã Xuân Lập'),
	(395, 15592, 'Xã Xuân Minh'),
	(395, 15598, 'Xã Trường Xuân'),
	(396, 15607, 'Xã Bát Mọt'),
	(396, 15610, 'Xã Yên Nhân'),
	(396, 15619, 'Xã Xuân Lẹ'),
	(396, 15622, 'Xã Vạn Xuân'),
	(396, 15628, 'Xã Lương Sơn'),
	(396, 15631, 'Xã Xuân Cao'),
	(396, 15634, 'Xã Luận Thành'),
	(396, 15637, 'Xã Luận Khê'),
	(396, 15640, 'Xã Xuân Thắng'),
	(396, 15643, 'Xã Xuân Lộc'),
	(396, 15646, 'Thị trấn Thường Xuân'),
	(396, 15649, 'Xã Xuân Dương'),
	(396, 15652, 'Xã Thọ Thanh'),
	(396, 15655, 'Xã Ngọc Phụng'),
	(396, 15658, 'Xã Xuân Chinh'),
	(396, 15661, 'Xã Tân Thành'),
	(397, 15664, 'Thị trấn Triệu Sơn'),
	(397, 15667, 'Xã Thọ Sơn'),
	(397, 15670, 'Xã Thọ Bình'),
	(397, 15673, 'Xã Thọ Tiến'),
	(397, 15676, 'Xã Hợp Lý'),
	(397, 15679, 'Xã Hợp Tiến'),
	(397, 15682, 'Xã Hợp Thành'),
	(397, 15685, 'Xã Triệu Thành'),
	(397, 15688, 'Xã Hợp Thắng'),
	(397, 15691, 'Xã Minh Sơn'),
	(397, 15700, 'Xã Dân Lực'),
	(397, 15703, 'Xã Dân Lý'),
	(397, 15706, 'Xã Dân Quyền'),
	(397, 15709, 'Xã An Nông'),
	(397, 15712, 'Xã Văn Sơn'),
	(397, 15715, 'Xã Thái Hòa'),
	(397, 15718, 'Thị trấn Nưa'),
	(397, 15721, 'Xã Đồng Lợi'),
	(397, 15724, 'Xã Đồng Tiến'),
	(397, 15727, 'Xã Đồng Thắng'),
	(397, 15730, 'Xã Tiến Nông'),
	(397, 15733, 'Xã Khuyến Nông'),
	(397, 15736, 'Xã Xuân Lộc'),
	(397, 15742, 'Xã Thọ Dân'),
	(397, 15745, 'Xã Xuân Thọ'),
	(397, 15748, 'Xã Thọ Tân'),
	(397, 15751, 'Xã Thọ Ngọc'),
	(397, 15754, 'Xã Thọ Cường'),
	(397, 15760, 'Xã Thọ Phú'),
	(397, 15763, 'Xã Thọ Thế'),
	(397, 15766, 'Xã Nông Trường'),
	(397, 15769, 'Xã Bình Sơn'),
	(398, 15772, 'Thị trấn Thiệu Hóa'),
	(398, 15775, 'Xã Thiệu Ngọc'),
	(398, 15778, 'Xã Thiệu Vũ'),
	(398, 15781, 'Xã Thiệu Phúc'),
	(398, 15784, 'Xã Thiệu Tiến'),
	(398, 15787, 'Xã Thiệu Công'),
	(398, 15793, 'Xã Thiệu Long'),
	(398, 15796, 'Xã Thiệu Giang'),
	(398, 15799, 'Xã Thiệu Duy'),
	(398, 15802, 'Xã Thiệu Nguyên'),
	(398, 15805, 'Xã Thiệu Hợp'),
	(398, 15808, 'Xã Thiệu Thịnh'),
	(398, 15811, 'Xã Thiệu Quang'),
	(398, 15814, 'Xã Thiệu Thành'),
	(398, 15817, 'Xã Thiệu Toán'),
	(398, 15820, 'Xã Thiệu Chính'),
	(398, 15823, 'Xã Thiệu Hòa'),
	(398, 15829, 'Thị trấn Hậu Hiền'),
	(398, 15832, 'Xã Thiệu Viên'),
	(398, 15835, 'Xã Thiệu Lý'),
	(398, 15838, 'Xã Thiệu Vận'),
	(398, 15841, 'Xã Thiệu Trung'),
	(398, 15847, 'Xã Tân Châu'),
	(380, 15850, 'Xã Thiệu Vân'),
	(398, 15853, 'Xã Thiệu Giao'),
	(380, 15856, 'Phường Thiệu Khánh'),
	(380, 15859, 'Phường Thiệu Dương'),
	(399, 15865, 'Thị trấn Bút Sơn'),
	(399, 15877, 'Xã Hoằng Xuân'),
	(399, 15880, 'Xã Hoằng Giang'),
	(399, 15883, 'Xã Hoằng Phú'),
	(399, 15886, 'Xã Hoằng Quỳ'),
	(399, 15889, 'Xã Hoằng Kim'),
	(399, 15892, 'Xã Hoằng Trung'),
	(399, 15895, 'Xã Hoằng Trinh'),
	(399, 15901, 'Xã Hoằng Sơn'),
	(399, 15907, 'Xã Hoằng Cát'),
	(399, 15910, 'Xã Hoằng Xuyên'),
	(380, 15913, 'Phường Tào Xuyên'),
	(399, 15916, 'Xã Hoằng Quý'),
	(399, 15919, 'Xã Hoằng Hợp'),
	(380, 15922, 'Phường Long Anh'),
	(380, 15925, 'Phường Hoằng Quang'),
	(399, 15928, 'Xã Hoằng Đức'),
	(399, 15937, 'Xã Hoằng Hà'),
	(399, 15940, 'Xã Hoằng Đạt'),
	(399, 15946, 'Xã Hoằng Đạo'),
	(399, 15949, 'Xã Hoằng Thắng'),
	(399, 15952, 'Xã Hoằng Đồng'),
	(399, 15955, 'Xã Hoằng Thái'),
	(399, 15958, 'Xã Hoằng Thịnh'),
	(399, 15961, 'Xã Hoằng Thành'),
	(399, 15964, 'Xã Hoằng Lộc'),
	(399, 15967, 'Xã Hoằng Trạch'),
	(380, 15970, 'Phường Hoằng Đại'),
	(399, 15973, 'Xã Hoằng Phong'),
	(399, 15976, 'Xã Hoằng Lưu'),
	(399, 15979, 'Xã Hoằng Châu'),
	(399, 15982, 'Xã Hoằng Tân'),
	(399, 15985, 'Xã Hoằng Yến'),
	(399, 15988, 'Xã Hoằng Tiến'),
	(399, 15991, 'Xã Hoằng Hải'),
	(399, 15994, 'Xã Hoằng Ngọc'),
	(399, 15997, 'Xã Hoằng Đông'),
	(399, 16000, 'Xã Hoằng Thanh'),
	(399, 16003, 'Xã Hoằng Phụ'),
	(399, 16006, 'Xã Hoằng Trường'),
	(400, 16012, 'Thị trấn Hậu Lộc'),
	(400, 16015, 'Xã Đồng Lộc'),
	(400, 16018, 'Xã Đại Lộc'),
	(400, 16021, 'Xã Triệu Lộc'),
	(400, 16027, 'Xã Tiến Lộc'),
	(400, 16030, 'Xã Lộc Sơn'),
	(400, 16033, 'Xã Cầu Lộc'),
	(400, 16036, 'Xã Thành Lộc'),
	(400, 16042, 'Xã Tuy Lộc'),
	(400, 16045, 'Xã Mỹ Lộc'),
	(400, 16048, 'Xã Thuần Lộc'),
	(400, 16057, 'Xã Xuân Lộc'),
	(400, 16063, 'Xã Hoa Lộc'),
	(400, 16066, 'Xã Liên Lộc'),
	(400, 16069, 'Xã Quang Lộc'),
	(400, 16072, 'Xã Phú Lộc'),
	(400, 16075, 'Xã Hòa Lộc'),
	(400, 16078, 'Xã Minh Lộc'),
	(400, 16081, 'Xã Hưng Lộc'),
	(400, 16084, 'Xã Hải Lộc'),
	(400, 16087, 'Xã Đa Lộc'),
	(400, 16090, 'Xã Ngư Lộc'),
	(401, 16093, 'Thị trấn Nga Sơn'),
	(401, 16096, 'Xã Ba Đình'),
	(401, 16099, 'Xã Nga Vịnh'),
	(401, 16102, 'Xã Nga Văn'),
	(401, 16105, 'Xã Nga Thiện'),
	(401, 16108, 'Xã Nga Tiến'),
	(401, 16114, 'Xã Nga Phượng'),
	(401, 16120, 'Xã Nga Hiệp'),
	(401, 16123, 'Xã Nga Thanh'),
	(401, 16132, 'Xã Nga Yên'),
	(401, 16135, 'Xã Nga Giáp'),
	(401, 16138, 'Xã Nga Hải'),
	(401, 16141, 'Xã Nga Thành'),
	(401, 16144, 'Xã Nga An'),
	(401, 16147, 'Xã Nga Phú'),
	(401, 16150, 'Xã Nga Điền'),
	(401, 16153, 'Xã Nga Tân'),
	(401, 16156, 'Xã Nga Thủy'),
	(401, 16159, 'Xã Nga Liên'),
	(401, 16162, 'Xã Nga Thái'),
	(401, 16165, 'Xã Nga Thạch'),
	(401, 16168, 'Xã Nga Thắng'),
	(401, 16171, 'Xã Nga Trường'),
	(402, 16174, 'Thị trấn Yên Cát'),
	(402, 16177, 'Xã Bãi Trành'),
	(402, 16180, 'Xã Xuân Hòa'),
	(402, 16183, 'Xã Xuân Bình'),
	(402, 16186, 'Xã Hóa Quỳ'),
	(402, 16195, 'Xã Cát Vân'),
	(402, 16198, 'Xã Cát Tân'),
	(402, 16201, 'Xã Tân Bình'),
	(402, 16204, 'Xã Bình Lương'),
	(402, 16207, 'Xã Thanh Quân'),
	(402, 16210, 'Xã Thanh Xuân'),
	(402, 16213, 'Xã Thanh Hòa'),
	(402, 16216, 'Xã Thanh Phong'),
	(402, 16219, 'Xã Thanh Lâm'),
	(402, 16222, 'Xã Thanh Sơn'),
	(402, 16225, 'Xã Thượng Ninh'),
	(403, 16228, 'Thị trấn Bến Sung'),
	(403, 16231, 'Xã Cán Khê'),
	(403, 16234, 'Xã Xuân Du'),
	(403, 16240, 'Xã Phượng Nghi'),
	(403, 16243, 'Xã Mậu Lâm'),
	(403, 16246, 'Xã Xuân Khang'),
	(403, 16249, 'Xã Phú Nhuận'),
	(403, 16252, 'Xã Hải Long'),
	(403, 16258, 'Xã Xuân Thái'),
	(403, 16261, 'Xã Xuân Phúc'),
	(403, 16264, 'Xã Yên Thọ'),
	(403, 16267, 'Xã Yên Lạc'),
	(403, 16273, 'Xã Thanh Tân'),
	(403, 16276, 'Xã Thanh Kỳ'),
	(404, 16279, 'Thị trấn Nông Cống'),
	(404, 16282, 'Xã Tân Phúc'),
	(404, 16285, 'Xã Tân Thọ'),
	(404, 16288, 'Xã Hoàng Sơn'),
	(404, 16291, 'Xã Tân Khang'),
	(404, 16294, 'Xã Hoàng Giang'),
	(404, 16297, 'Xã Trung Chính'),
	(404, 16303, 'Xã Trung Thành'),
	(404, 16309, 'Xã Tế Thắng'),
	(404, 16315, 'Xã Tế Lợi'),
	(404, 16318, 'Xã Tế Nông'),
	(404, 16321, 'Xã Minh Nghĩa'),
	(404, 16324, 'Xã Minh Khôi'),
	(404, 16327, 'Xã Vạn Hòa'),
	(404, 16330, 'Xã Trường Trung'),
	(404, 16333, 'Xã Vạn Thắng'),
	(404, 16336, 'Xã Trường Giang'),
	(404, 16339, 'Xã Vạn Thiện'),
	(404, 16342, 'Xã Thăng Long'),
	(404, 16345, 'Xã Trường Minh'),
	(404, 16348, 'Xã Trường Sơn'),
	(404, 16351, 'Xã Thăng Bình'),
	(404, 16354, 'Xã Công Liêm'),
	(404, 16357, 'Xã Tượng Văn'),
	(404, 16360, 'Xã Thăng Thọ'),
	(404, 16363, 'Xã Tượng Lĩnh'),
	(404, 16366, 'Xã Tượng Sơn'),
	(404, 16369, 'Xã Công Chính'),
	(404, 16375, 'Xã Yên Mỹ'),
	(380, 16378, 'Phường Rừng Thông'),
	(380, 16381, 'Xã Đông Hoàng'),
	(380, 16384, 'Xã Đông Ninh'),
	(380, 16387, 'Xã Đông Khê'),
	(380, 16390, 'Xã Đông Hòa'),
	(380, 16393, 'Xã Đông Yên'),
	(380, 16396, 'Phường Đông Lĩnh'),
	(380, 16399, 'Xã Đông Minh'),
	(380, 16402, 'Xã Đông Thanh'),
	(380, 16405, 'Xã Đông Tiến'),
	(380, 16408, 'Xã Đông Khê'),
	(380, 16411, 'Xã Đông Xuân'),
	(380, 16414, 'Phường Đông Thịnh'),
	(380, 16417, 'Xã Đông Văn'),
	(380, 16420, 'Xã Đông Phú'),
	(380, 16423, 'Xã Đông Nam'),
	(380, 16426, 'Xã Đông Quang'),
	(380, 16429, 'Xã Đông Vinh'),
	(380, 16432, 'Phường Đông Tân'),
	(380, 16435, 'Phường An Hưng'),
	(406, 16438, 'Thị trấn Tân Phong'),
	(380, 16441, 'Phường Quảng Thịnh'),
	(406, 16447, 'Xã Quảng Trạch'),
	(406, 16453, 'Xã Quảng Đức'),
	(406, 16456, 'Xã Quảng Định'),
	(380, 16459, 'Phường Quảng Đông'),
	(406, 16462, 'Xã Quảng Nhân'),
	(406, 16465, 'Xã Quảng Ninh'),
	(406, 16468, 'Xã Quảng Bình'),
	(406, 16471, 'Xã Quảng Hợp'),
	(406, 16474, 'Xã Quảng Văn'),
	(406, 16477, 'Xã Quảng Long'),
	(406, 16480, 'Xã Quảng Yên'),
	(406, 16483, 'Xã Quảng Hòa'),
	(406, 16489, 'Xã Quảng Khê'),
	(406, 16492, 'Xã Quảng Trung'),
	(406, 16495, 'Xã Quảng Chính'),
	(406, 16498, 'Xã Quảng Ngọc'),
	(406, 16501, 'Xã Quảng Trường'),
	(380, 16507, 'Phường Quảng Cát'),
	(406, 16510, 'Xã Quảng Phúc'),
	(382, 16513, 'Xã Quảng Minh'),
	(382, 16516, 'Xã Đại Hùng'),
	(406, 16519, 'Xã Quảng Giao'),
	(380, 16522, 'Phường Quảng Phú'),
	(380, 16525, 'Phường Quảng Tâm'),
	(382, 16528, 'Phường Quảng Thọ'),
	(382, 16531, 'Phường Quảng Châu'),
	(382, 16534, 'Phường Quảng Vinh'),
	(406, 16540, 'Xã Quảng Hải'),
	(406, 16543, 'Xã Quảng Lưu'),
	(406, 16546, 'Xã Quảng Lộc'),
	(406, 16549, 'Xã Tiên Trang'),
	(406, 16552, 'Xã Quảng Nham'),
	(406, 16555, 'Xã Quảng Thạch'),
	(406, 16558, 'Xã Quảng Thái'),
	(407, 16561, 'Phường Hải Hòa'),
	(407, 16564, 'Phường Hải Châu'),
	(407, 16567, 'Xã Thanh Thủy'),
	(407, 16570, 'Xã Thanh Sơn'),
	(407, 16576, 'Phường Hải Ninh'),
	(407, 16579, 'Xã Anh Sơn'),
	(407, 16582, 'Xã Ngọc Lĩnh'),
	(407, 16585, 'Phường Hải An'),
	(407, 16591, 'Xã Các Sơn'),
	(407, 16594, 'Phường Tân Dân'),
	(407, 16597, 'Phường Hải Lĩnh'),
	(407, 16600, 'Xã Định Hải'),
	(407, 16603, 'Xã Phú Sơn'),
	(407, 16606, 'Phường Ninh Hải'),
	(407, 16609, 'Phường Nguyên Bình'),
	(407, 16612, 'Xã Hải Nhân'),
	(407, 16618, 'Phường Bình Minh'),
	(407, 16621, 'Phường Hải Thanh'),
	(407, 16624, 'Xã Phú Lâm'),
	(407, 16627, 'Phường Xuân Lâm'),
	(407, 16630, 'Phường Trúc Lâm'),
	(407, 16633, 'Phường Hải Bình'),
	(407, 16636, 'Xã Tân Trường'),
	(407, 16639, 'Xã Tùng Lâm'),
	(407, 16642, 'Phường Tĩnh Hải'),
	(407, 16645, 'Phường Mai Lâm'),
	(407, 16648, 'Xã Trường Lâm'),
	(407, 16654, 'Phường Hải Thượng'),
	(407, 16657, 'Xã Nghi Sơn'),
	(407, 16660, 'Xã Hải Hà'),
	(412, 16663, 'Phường Đông Vĩnh'),
	(412, 16666, 'Phường Hà Huy Tập'),
	(412, 16669, 'Phường Lê Lợi'),
	(412, 16670, 'Phường Quán Bàu'),
	(412, 16672, 'Phường Hưng Bình'),
	(412, 16673, 'Phường Hưng Phúc'),
	(412, 16675, 'Phường Hưng Dũng'),
	(412, 16678, 'Phường Cửa Nam'),
	(412, 16681, 'Phường Quang Trung'),
	(412, 16690, 'Phường Trường Thi'),
	(412, 16693, 'Phường Bến Thủy'),
	(412, 16699, 'Phường Trung Đô'),
	(412, 16702, 'Phường Nghi Phú'),
	(412, 16705, 'Phường Hưng Đông'),
	(412, 16708, 'Phường Hưng Lộc'),
	(412, 16711, 'Xã Hưng Hòa'),
	(412, 16714, 'Phường Vinh Tân'),
	(412, 16717, 'Phường Nghi Thuỷ'),
	(412, 16720, 'Phường Nghi Tân'),
	(412, 16723, 'Phường Thu Thuỷ'),
	(412, 16726, 'Phường Nghi Hòa'),
	(412, 16729, 'Phường Nghi Hải'),
	(412, 16732, 'Phường Nghi Hương'),
	(412, 16735, 'Phường Nghi Thu'),
	(415, 16738, 'Thị trấn Kim Sơn'),
	(415, 16741, 'Xã Thông Thụ'),
	(415, 16744, 'Xã Đồng Văn'),
	(415, 16747, 'Xã Hạnh Dịch'),
	(415, 16750, 'Xã Tiền Phong'),
	(415, 16753, 'Xã Nậm Giải'),
	(415, 16756, 'Xã Tri Lễ'),
	(415, 16759, 'Xã Châu Kim'),
	(415, 16763, 'Xã Mường Nọc'),
	(415, 16765, 'Xã Châu Thôn'),
	(415, 16768, 'Xã Nậm Nhoóng'),
	(415, 16771, 'Xã Quang Phong'),
	(415, 16774, 'Xã Căm Muộn'),
	(416, 16777, 'Thị trấn Tân Lạc'),
	(416, 16780, 'Xã Châu Bính'),
	(416, 16783, 'Xã Châu Thuận'),
	(416, 16786, 'Xã Châu Hội'),
	(416, 16789, 'Xã Châu Nga'),
	(416, 16792, 'Xã Châu Tiến'),
	(416, 16795, 'Xã Châu Hạnh'),
	(416, 16798, 'Xã Châu Thắng'),
	(416, 16801, 'Xã Châu Phong'),
	(416, 16804, 'Xã Châu Bình'),
	(416, 16807, 'Xã Châu Hoàn'),
	(416, 16810, 'Xã Diên Lãm'),
	(417, 16813, 'Thị trấn Mường Xén'),
	(417, 16816, 'Xã Mỹ Lý'),
	(417, 16819, 'Xã Bắc Lý'),
	(417, 16822, 'Xã Keng Đu'),
	(417, 16825, 'Xã Đoọc Mạy'),
	(417, 16828, 'Xã Huồi Tụ'),
	(417, 16831, 'Xã Mường Lống'),
	(417, 16834, 'Xã Na Loi'),
	(417, 16837, 'Xã Nậm Cắn'),
	(417, 16840, 'Xã Bảo Nam'),
	(417, 16843, 'Xã Phà Đánh'),
	(417, 16846, 'Xã Bảo Thắng'),
	(417, 16849, 'Xã Hữu Lập'),
	(417, 16852, 'Xã Tà Cạ'),
	(417, 16855, 'Xã Chiêu Lưu'),
	(417, 16858, 'Xã Mường Típ'),
	(417, 16861, 'Xã Hữu Kiệm'),
	(417, 16864, 'Xã Tây Sơn'),
	(417, 16867, 'Xã Mường Ải'),
	(417, 16870, 'Xã Na Ngoi'),
	(417, 16873, 'Xã Nậm Càn'),
	(418, 16876, 'Thị trấn Thạch Giám'),
	(418, 16879, 'Xã Mai Sơn'),
	(418, 16882, 'Xã Nhôn Mai'),
	(418, 16885, 'Xã Hữu Khuông'),
	(418, 16900, 'Xã Yên Tĩnh'),
	(418, 16903, 'Xã Nga My'),
	(418, 16904, 'Xã Xiêng My'),
	(418, 16906, 'Xã Lưỡng Minh'),
	(418, 16909, 'Xã Yên Hòa'),
	(418, 16912, 'Xã Yên Na'),
	(418, 16915, 'Xã Lưu Kiền'),
	(418, 16921, 'Xã Xá Lượng'),
	(418, 16924, 'Xã Tam Thái'),
	(418, 16927, 'Xã Tam Đình'),
	(418, 16930, 'Xã Yên Thắng'),
	(418, 16933, 'Xã Tam Quang'),
	(418, 16936, 'Xã Tam Hợp'),
	(414, 16939, 'Phường Hoà Hiếu'),
	(419, 16941, 'Thị trấn Nghĩa Đàn'),
	(419, 16942, 'Xã Nghĩa Mai'),
	(419, 16945, 'Xã Nghĩa Yên'),
	(419, 16948, 'Xã Nghĩa Lạc'),
	(419, 16951, 'Xã Nghĩa Lâm'),
	(419, 16954, 'Xã Nghĩa Sơn'),
	(419, 16957, 'Xã Nghĩa Lợi'),
	(419, 16960, 'Xã Nghĩa Bình'),
	(419, 16966, 'Xã Nghĩa Minh'),
	(419, 16969, 'Xã Nghĩa Thọ'),
	(419, 16972, 'Xã Nghĩa Hưng'),
	(419, 16975, 'Xã Nghĩa Hồng'),
	(419, 16981, 'Xã Nghĩa Trung'),
	(419, 16984, 'Xã Nghĩa Hội'),
	(419, 16987, 'Xã Nghĩa Thành'),
	(414, 16993, 'Phường Quang Phong'),
	(414, 16994, 'Phường Quang Tiến'),
	(414, 17003, 'Phường Long Sơn'),
	(414, 17005, 'Xã Nghĩa Tiến'),
	(414, 17008, 'Xã Nghĩa Mỹ'),
	(414, 17011, 'Xã Tây Hiếu'),
	(414, 17014, 'Xã Nghĩa Thuận'),
	(414, 17017, 'Xã Đông Hiếu'),
	(419, 17020, 'Xã Nghĩa Đức'),
	(419, 17023, 'Xã Nghĩa An'),
	(419, 17026, 'Xã Nghĩa Long'),
	(419, 17029, 'Xã Nghĩa Lộc'),
	(419, 17032, 'Xã Nghĩa Khánh'),
	(420, 17035, 'Thị trấn Quỳ Hợp'),
	(420, 17038, 'Xã Yên Hợp'),
	(420, 17041, 'Xã Châu Tiến'),
	(420, 17044, 'Xã Châu Hồng'),
	(420, 17047, 'Xã Đồng Hợp'),
	(420, 17050, 'Xã Châu Thành'),
	(420, 17053, 'Xã Liên Hợp'),
	(420, 17056, 'Xã Châu Lộc'),
	(420, 17059, 'Xã Tam Hợp'),
	(420, 17062, 'Xã Châu Cường'),
	(420, 17065, 'Xã Châu Quang'),
	(420, 17068, 'Xã Thọ Hợp'),
	(420, 17071, 'Xã Minh Hợp'),
	(420, 17074, 'Xã Nghĩa Xuân'),
	(420, 17077, 'Xã Châu Thái'),
	(420, 17080, 'Xã Châu Đình'),
	(420, 17083, 'Xã Văn Lợi'),
	(420, 17086, 'Xã Nam Sơn'),
	(420, 17089, 'Xã Châu Lý'),
	(420, 17092, 'Xã Hạ Sơn'),
	(420, 17095, 'Xã Bắc Sơn'),
	(421, 17101, 'Xã Quỳnh Thắng'),
	(432, 17104, 'Xã Quỳnh Vinh'),
	(432, 17107, 'Xã Quỳnh Lộc'),
	(432, 17110, 'Phường Quỳnh Thiện'),
	(432, 17113, 'Xã Quỳnh Lập'),
	(432, 17116, 'Xã Quỳnh Trang'),
	(421, 17119, 'Xã Quỳnh Tân'),
	(421, 17122, 'Xã Quỳnh Châu'),
	(432, 17125, 'Phường Mai Hùng'),
	(432, 17128, 'Phường Quỳnh Dị'),
	(432, 17131, 'Phường Quỳnh Xuân'),
	(432, 17134, 'Phường Quỳnh Phương'),
	(432, 17137, 'Xã Quỳnh Liên'),
	(421, 17140, 'Xã Tân Sơn'),
	(421, 17143, 'Xã Quỳnh Văn'),
	(421, 17146, 'Xã Ngọc Sơn'),
	(421, 17149, 'Xã Quỳnh Tam'),
	(421, 17152, 'Xã Quỳnh Sơn'),
	(421, 17155, 'Xã Quỳnh Thạch'),
	(421, 17158, 'Xã Quỳnh Bảng'),
	(421, 17164, 'Xã Quỳnh Thanh'),
	(421, 17167, 'Xã Quỳnh Hậu'),
	(421, 17170, 'Xã Quỳnh Lâm'),
	(421, 17173, 'Xã Quỳnh Đôi'),
	(421, 17176, 'Xã Minh Lương'),
	(421, 17179, 'Thị trấn Cầu Giát'),
	(421, 17182, 'Xã Quỳnh Yên'),
	(421, 17185, 'Xã Bình Sơn'),
	(421, 17191, 'Xã Quỳnh Diễn'),
	(421, 17197, 'Xã Quỳnh Giang'),
	(421, 17206, 'Xã An Hòa'),
	(421, 17209, 'Xã Phú Nghĩa'),
	(421, 17212, 'Xã Văn Hải'),
	(421, 17218, 'Xã Thuận Long'),
	(421, 17224, 'Xã Tân Thắng'),
	(422, 17230, 'Xã Bình Chuẩn'),
	(422, 17233, 'Xã Lạng Khê'),
	(422, 17236, 'Xã Cam Lâm'),
	(422, 17239, 'Xã Thạch Ngàn'),
	(422, 17242, 'Xã Đôn Phục'),
	(422, 17245, 'Xã Mậu Đức'),
	(422, 17248, 'Xã Châu Khê'),
	(422, 17251, 'Xã Chi Khê'),
	(422, 17254, 'Thị trấn Trà Lân'),
	(422, 17257, 'Xã Yên Khê'),
	(422, 17260, 'Xã Lục Dạ'),
	(422, 17263, 'Xã Môn Sơn'),
	(423, 17266, 'Thị trấn Tân Kỳ'),
	(423, 17269, 'Xã Tân Hợp'),
	(423, 17272, 'Xã Tân Phú'),
	(423, 17275, 'Xã Tân Xuân'),
	(423, 17278, 'Xã Giai Xuân'),
	(423, 17281, 'Xã Bình Hợp'),
	(423, 17284, 'Xã Nghĩa Đồng'),
	(423, 17287, 'Xã Đồng Văn'),
	(423, 17290, 'Xã Nghĩa Thái'),
	(423, 17296, 'Xã Hoàn Long'),
	(423, 17299, 'Xã Nghĩa Phúc'),
	(423, 17302, 'Xã Tiên Kỳ'),
	(423, 17305, 'Xã Tân An'),
	(423, 17308, 'Xã Nghĩa Dũng'),
	(423, 17314, 'Xã Kỳ Sơn'),
	(423, 17317, 'Xã Hương Sơn'),
	(423, 17320, 'Xã Kỳ Tân'),
	(423, 17323, 'Xã Phú Sơn'),
	(423, 17325, 'Xã Tân Hương'),
	(423, 17326, 'Xã Nghĩa Hành'),
	(424, 17329, 'Thị trấn Kim Nhan'),
	(424, 17332, 'Xã Thọ Sơn'),
	(424, 17335, 'Xã Thành Sơn'),
	(424, 17338, 'Xã Bình Sơn'),
	(424, 17344, 'Xã Tam Đỉnh'),
	(424, 17347, 'Xã Hùng Sơn'),
	(424, 17350, 'Xã Cẩm Sơn'),
	(424, 17353, 'Xã Đức Sơn'),
	(424, 17356, 'Xã Tường Sơn'),
	(424, 17357, 'Xã Hoa Sơn'),
	(424, 17359, 'Xã Tào Sơn'),
	(424, 17362, 'Xã Vĩnh Sơn'),
	(424, 17365, 'Xã Lạng Sơn'),
	(424, 17368, 'Xã Hội Sơn'),
	(424, 17374, 'Xã Phúc Sơn'),
	(424, 17377, 'Xã Long Sơn'),
	(424, 17380, 'Xã Khai Sơn'),
	(424, 17383, 'Xã Lĩnh Sơn'),
	(424, 17386, 'Xã Cao Sơn'),
	(425, 17392, 'Xã Diễn Lâm'),
	(425, 17395, 'Xã Diễn Đoài'),
	(425, 17398, 'Xã Diễn Trường'),
	(425, 17401, 'Xã Diễn Yên'),
	(425, 17404, 'Xã Diễn Hoàng'),
	(425, 17410, 'Xã Diễn Mỹ'),
	(425, 17413, 'Xã Diễn Hồng'),
	(425, 17416, 'Xã Diễn Phong'),
	(425, 17419, 'Xã Hùng Hải'),
	(425, 17425, 'Xã Diễn Liên'),
	(425, 17428, 'Xã Diễn Vạn'),
	(425, 17431, 'Xã Diễn Kim'),
	(425, 17434, 'Xã Diễn Kỷ'),
	(425, 17437, 'Xã Xuân Tháp'),
	(425, 17440, 'Xã Diễn Thái'),
	(425, 17443, 'Xã Diễn Đồng'),
	(425, 17449, 'Xã Hạnh Quảng'),
	(425, 17452, 'Xã Ngọc Bích'),
	(425, 17458, 'Xã Diễn Nguyên'),
	(425, 17461, 'Xã Diễn Hoa'),
	(425, 17464, 'Thị trấn Diễn Thành'),
	(425, 17467, 'Xã Diễn Phúc'),
	(425, 17476, 'Xã Diễn Cát'),
	(425, 17479, 'Xã Diễn Thịnh'),
	(425, 17482, 'Xã Diễn Tân'),
	(425, 17485, 'Xã Minh Châu'),
	(425, 17488, 'Xã Diễn Thọ'),
	(425, 17491, 'Xã Diễn Lợi'),
	(425, 17494, 'Xã Diễn Lộc'),
	(425, 17497, 'Xã Diễn Trung'),
	(425, 17500, 'Xã Diễn An'),
	(425, 17503, 'Xã Diễn Phú'),
	(426, 17506, 'Thị trấn Hoa Thành'),
	(426, 17509, 'Xã Mã Thành'),
	(426, 17510, 'Xã Tiến Thành'),
	(426, 17512, 'Xã Lăng Thành'),
	(426, 17515, 'Xã Tân Thành'),
	(426, 17518, 'Xã Đức Thành'),
	(426, 17521, 'Xã Kim Thành'),
	(426, 17524, 'Xã Hậu Thành'),
	(426, 17527, 'Xã Đô Thành'),
	(426, 17530, 'Xã Thọ Thành'),
	(426, 17533, 'Xã Quang Thành'),
	(426, 17536, 'Xã Tây Thành'),
	(426, 17539, 'Xã Phúc Thành'),
	(426, 17542, 'Xã Phú Thành'),
	(426, 17545, 'Xã Đồng Thành'),
	(426, 17554, 'Xã Tăng Thành'),
	(426, 17557, 'Xã Văn Thành'),
	(426, 17560, 'Xã Thịnh Thành'),
	(426, 17566, 'Xã Xuân Thành'),
	(426, 17569, 'Xã Bắc Thành'),
	(426, 17572, 'Xã Đông Thành'),
	(426, 17575, 'Xã Trung Thành'),
	(426, 17578, 'Xã Long Thành'),
	(426, 17581, 'Xã Minh Thành'),
	(426, 17584, 'Xã Nam Thành'),
	(426, 17587, 'Xã Vĩnh Thành'),
	(426, 17596, 'Xã Viên Thành'),
	(426, 17602, 'Xã Liên Thành'),
	(426, 17605, 'Xã Bảo Thành'),
	(426, 17608, 'Xã Mỹ Thành'),
	(426, 17611, 'Xã Vân Tụ'),
	(426, 17614, 'Xã Sơn Thành'),
	(427, 17617, 'Thị trấn Đô Lương'),
	(427, 17619, 'Xã Giang Sơn Đông'),
	(427, 17620, 'Xã Giang Sơn Tây'),
	(427, 17623, 'Xã Bạch Ngọc'),
	(427, 17626, 'Xã Bồi Sơn'),
	(427, 17629, 'Xã Hồng Sơn'),
	(427, 17632, 'Xã Bài Sơn'),
	(427, 17638, 'Xã Bắc Sơn'),
	(427, 17641, 'Xã Tràng Sơn'),
	(427, 17644, 'Xã Thượng Sơn'),
	(427, 17647, 'Xã Hòa Sơn'),
	(427, 17650, 'Xã Đặng Sơn'),
	(427, 17653, 'Xã Đông Sơn'),
	(427, 17656, 'Xã Nam Sơn'),
	(427, 17659, 'Xã Lưu Sơn'),
	(427, 17662, 'Xã Yên Sơn'),
	(427, 17665, 'Xã Văn Sơn'),
	(427, 17668, 'Xã Đà Sơn'),
	(427, 17671, 'Xã Lạc Sơn'),
	(427, 17674, 'Xã Tân Sơn'),
	(427, 17677, 'Xã Thái Sơn'),
	(427, 17680, 'Xã Quang Sơn'),
	(427, 17683, 'Xã Thịnh Sơn'),
	(427, 17686, 'Xã Trung Sơn'),
	(427, 17689, 'Xã Xuân Sơn'),
	(427, 17692, 'Xã Minh Sơn'),
	(427, 17695, 'Xã Thuận Sơn'),
	(427, 17698, 'Xã Nhân Sơn'),
	(427, 17701, 'Xã Hiến Sơn'),
	(427, 17704, 'Xã Mỹ Sơn'),
	(427, 17707, 'Xã Trù Sơn'),
	(427, 17710, 'Xã Đại Sơn'),
	(428, 17713, 'Thị trấn Dùng'),
	(428, 17716, 'Xã Cát Văn'),
	(428, 17719, 'Xã Minh Sơn'),
	(428, 17722, 'Xã Hạnh Lâm'),
	(428, 17723, 'Xã Thanh Sơn'),
	(428, 17728, 'Xã Phong Thịnh'),
	(428, 17731, 'Xã Thanh Phong'),
	(428, 17734, 'Xã Thanh Mỹ'),
	(428, 17737, 'Xã Thanh Tiên'),
	(428, 17743, 'Xã Thanh Liên'),
	(428, 17749, 'Xã Đại Đồng'),
	(428, 17755, 'Xã Thanh Ngọc'),
	(428, 17758, 'Xã Thanh Hương'),
	(428, 17759, 'Xã Ngọc Lâm'),
	(428, 17764, 'Xã Đồng Văn'),
	(428, 17767, 'Xã Ngọc Sơn'),
	(428, 17770, 'Xã Thanh Thịnh'),
	(428, 17773, 'Xã Thanh An'),
	(428, 17776, 'Xã Thanh Quả'),
	(428, 17779, 'Xã Xuân Dương'),
	(428, 17785, 'Xã Minh Tiến'),
	(428, 17791, 'Xã Kim Bảng'),
	(428, 17797, 'Xã Thanh Thủy'),
	(428, 17806, 'Xã Thanh Hà'),
	(428, 17812, 'Xã Thanh Tùng'),
	(428, 17815, 'Xã Thanh Lâm'),
	(428, 17818, 'Xã Mai Giang'),
	(428, 17821, 'Xã Thanh Xuân'),
	(428, 17824, 'Xã Thanh Đức'),
	(429, 17827, 'Thị trấn Quán Hành'),
	(429, 17830, 'Xã Nghi Văn'),
	(429, 17833, 'Xã Nghi Yên'),
	(429, 17836, 'Xã Nghi Tiến'),
	(429, 17839, 'Xã Nghi Hưng'),
	(429, 17842, 'Xã Nghi Đồng'),
	(429, 17845, 'Xã Nghi Thiết'),
	(429, 17848, 'Xã Nghi Lâm'),
	(429, 17851, 'Xã Nghi Quang'),
	(429, 17854, 'Xã Nghi Kiều'),
	(429, 17857, 'Xã Nghi Mỹ'),
	(429, 17860, 'Xã Nghi Phương'),
	(429, 17863, 'Xã Nghi Thuận'),
	(429, 17866, 'Xã Nghi Long'),
	(429, 17869, 'Xã Nghi Xá'),
	(429, 17878, 'Xã Khánh Hợp'),
	(429, 17884, 'Xã Nghi Công Bắc'),
	(429, 17887, 'Xã Nghi Công Nam'),
	(429, 17890, 'Xã Nghi Thạch'),
	(429, 17893, 'Xã Nghi Trung'),
	(429, 17896, 'Xã Thịnh Trường'),
	(429, 17899, 'Xã Diên Hoa'),
	(412, 17902, 'Xã Nghi Phong'),
	(412, 17905, 'Xã Nghi Xuân'),
	(412, 17908, 'Xã Nghi Liên'),
	(429, 17911, 'Xã Nghi Vạn'),
	(412, 17914, 'Xã Nghi Ân'),
	(412, 17917, 'Xã Phúc Thọ'),
	(412, 17920, 'Xã Nghi Kim'),
	(412, 17923, 'Phường Nghi Đức'),
	(412, 17926, 'Xã Nghi Thái'),
	(430, 17932, 'Xã Nam Hưng'),
	(430, 17935, 'Xã Nghĩa Thái'),
	(430, 17938, 'Xã Nam Thanh'),
	(430, 17941, 'Xã Nam Anh'),
	(430, 17944, 'Xã Nam Xuân'),
	(430, 17950, 'Thị trấn Nam Đàn'),
	(430, 17953, 'Xã Nam Lĩnh'),
	(430, 17956, 'Xã Nam Giang'),
	(430, 17959, 'Xã Xuân Hòa'),
	(430, 17962, 'Xã Hùng Tiến'),
	(430, 17968, 'Xã Thượng Tân Lộc'),
	(430, 17971, 'Xã Kim Liên'),
	(430, 17980, 'Xã Xuân Hồng'),
	(430, 17983, 'Xã Nam Cát'),
	(430, 17986, 'Xã Khánh Sơn'),
	(430, 17989, 'Xã Trung Phúc Cường'),
	(430, 17998, 'Xã Nam Kim'),
	(431, 18001, 'Thị trấn Hưng Nguyên'),
	(431, 18004, 'Xã Hưng Trung'),
	(431, 18007, 'Xã Hưng Yên'),
	(431, 18008, 'Xã Hưng Yên Bắc'),
	(431, 18010, 'Xã Hưng Tây'),
	(412, 18013, 'Xã Hưng Chính'),
	(431, 18016, 'Xã Hưng Đạo'),
	(431, 18022, 'Xã Thịnh Mỹ'),
	(431, 18025, 'Xã Hưng Lĩnh'),
	(431, 18028, 'Xã Thông Tân'),
	(431, 18037, 'Xã Hưng Nghĩa'),
	(431, 18040, 'Xã Phúc Lợi'),
	(431, 18043, 'Xã Long Xá'),
	(431, 18052, 'Xã Châu Nhân'),
	(431, 18055, 'Xã Xuân Lam'),
	(431, 18064, 'Xã Hưng Thành'),
	(436, 18073, 'Phường Nam Hà'),
	(436, 18077, 'Phường Bắc Hà'),
	(436, 18079, 'Phường Tân Giang'),
	(436, 18082, 'Phường Đại Nài'),
	(436, 18085, 'Phường Hà Huy Tập'),
	(436, 18088, 'Phường Thạch Trung'),
	(436, 18091, 'Phường Thạch Quý'),
	(436, 18094, 'Phường Trần Phú'),
	(436, 18097, 'Phường Văn Yên'),
	(436, 18100, 'Phường Thạch Hạ'),
	(436, 18103, 'Phường Đồng Môn'),
	(436, 18109, 'Phường Thạch Hưng'),
	(436, 18112, 'Xã Thạch Bình'),
	(437, 18115, 'Phường Bắc Hồng'),
	(437, 18118, 'Phường Nam Hồng'),
	(437, 18121, 'Phường Trung Lương'),
	(437, 18124, 'Phường Đức Thuận'),
	(437, 18127, 'Phường Đậu Liêu'),
	(437, 18130, 'Xã Thuận Lộc'),
	(439, 18133, 'Thị trấn Phố Châu'),
	(439, 18136, 'Thị trấn Tây Sơn'),
	(439, 18139, 'Xã Sơn Hồng'),
	(439, 18142, 'Xã Sơn Tiến'),
	(439, 18145, 'Xã Sơn Lâm'),
	(439, 18148, 'Xã Sơn Lễ'),
	(439, 18157, 'Xã Sơn Giang'),
	(439, 18160, 'Xã Sơn Lĩnh'),
	(439, 18163, 'Xã An Hòa Thịnh'),
	(439, 18172, 'Xã Sơn Tây'),
	(439, 18175, 'Xã Sơn Ninh'),
	(439, 18178, 'Xã Châu Bình'),
	(439, 18181, 'Xã Tân Mỹ Hà'),
	(439, 18184, 'Xã Quang Diệm'),
	(439, 18187, 'Xã Sơn Trung'),
	(439, 18190, 'Xã Sơn Bằng'),
	(439, 18196, 'Xã Sơn Kim 1'),
	(439, 18199, 'Xã Sơn Kim 2'),
	(439, 18202, 'Xã Mỹ Long'),
	(439, 18211, 'Xã Kim Hoa'),
	(439, 18217, 'Xã Sơn Phú'),
	(439, 18223, 'Xã Hàm Trường'),
	(440, 18229, 'Thị trấn Đức Thọ'),
	(440, 18235, 'Xã Quang Vĩnh'),
	(440, 18241, 'Xã Tùng Châu'),
	(440, 18244, 'Xã Trường Sơn'),
	(440, 18247, 'Xã Liên Minh'),
	(440, 18253, 'Xã Yên Hồ'),
	(440, 18259, 'Xã Tùng Ảnh'),
	(440, 18262, 'Xã Bùi La Nhân'),
	(440, 18274, 'Xã Thanh Bình Thịnh'),
	(440, 18277, 'Xã Lâm Trung Thủy'),
	(440, 18280, 'Xã Hòa Lạc'),
	(440, 18283, 'Xã Tân Dân'),
	(440, 18298, 'Xã An Dũng'),
	(440, 18304, 'Xã Đức Đồng'),
	(440, 18307, 'Xã Đức Lạng'),
	(440, 18310, 'Xã Tân Hương'),
	(441, 18313, 'Thị trấn Vũ Quang'),
	(441, 18316, 'Xã Ân Phú'),
	(441, 18319, 'Xã Đức Giang'),
	(441, 18322, 'Xã Đức Lĩnh'),
	(441, 18325, 'Xã Thọ Điền'),
	(441, 18328, 'Xã Đức Hương'),
	(441, 18331, 'Xã Đức Bồng'),
	(441, 18334, 'Xã Đức Liên'),
	(441, 18340, 'Xã Hương Minh'),
	(441, 18343, 'Xã Quang Thọ'),
	(442, 18352, 'Thị trấn Xuân An'),
	(442, 18355, 'Xã Xuân Hội'),
	(442, 18358, 'Xã Đan Trường'),
	(442, 18364, 'Xã Xuân Phổ'),
	(442, 18367, 'Xã Xuân Hải'),
	(442, 18370, 'Xã Xuân Giang'),
	(442, 18373, 'Thị trấn Tiên Điền'),
	(442, 18376, 'Xã Xuân Yên'),
	(442, 18379, 'Xã Xuân Mỹ'),
	(442, 18382, 'Xã Xuân Thành'),
	(442, 18385, 'Xã Xuân Viên'),
	(442, 18388, 'Xã Xuân Hồng'),
	(442, 18391, 'Xã Cỗ Đạm'),
	(442, 18394, 'Xã Xuân Liên'),
	(442, 18397, 'Xã Xuân Lĩnh'),
	(442, 18400, 'Xã Xuân Lam'),
	(442, 18403, 'Xã Cương Gián'),
	(443, 18406, 'Thị trấn Nghèn'),
	(445, 18409, 'Xã Tân Lộc'),
	(445, 18412, 'Xã Hồng Lộc'),
	(443, 18415, 'Xã Thiên Lộc'),
	(443, 18418, 'Xã Thuần Thiện'),
	(445, 18421, 'Xã Thịnh Lộc'),
	(443, 18427, 'Xã Vượng Lộc'),
	(445, 18430, 'Xã Bình An'),
	(443, 18433, 'Xã Thanh Lộc'),
	(443, 18436, 'Xã Kim Song Trường'),
	(443, 18439, 'Xã Thường Nga'),
	(443, 18445, 'Xã Tùng Lộc'),
	(445, 18448, 'Xã Bình Lộc'),
	(443, 18454, 'Xã Phú Lộc'),
	(445, 18457, 'Xã Ích Hậu'),
	(443, 18463, 'Xã Gia Hanh'),
	(443, 18466, 'Xã Khánh Vĩnh Yên'),
	(443, 18475, 'Xã Xuân Lộc'),
	(443, 18478, 'Xã Thượng Lộc'),
	(443, 18481, 'Xã Quang Lộc'),
	(443, 18484, 'Thị trấn Đồng Lộc'),
	(443, 18487, 'Xã Mỹ Lộc'),
	(443, 18490, 'Xã Sơn Lộc'),
	(445, 18493, 'Xã Phù Lưu'),
	(444, 18496, 'Thị trấn Hương Khê'),
	(444, 18499, 'Xã Điền Mỹ'),
	(444, 18502, 'Xã Hà Linh'),
	(444, 18505, 'Xã Hương Thủy'),
	(444, 18508, 'Xã Hòa Hải'),
	(444, 18514, 'Xã Phúc Đồng'),
	(444, 18517, 'Xã Hương Giang'),
	(444, 18520, 'Xã Lộc Yên'),
	(444, 18523, 'Xã Hương Bình'),
	(444, 18526, 'Xã Hương Long'),
	(444, 18529, 'Xã Phú Gia'),
	(444, 18532, 'Xã Gia Phố'),
	(444, 18538, 'Xã Hương Đô'),
	(444, 18541, 'Xã Hương Vĩnh'),
	(444, 18544, 'Xã Hương Xuân'),
	(444, 18547, 'Xã Phúc Trạch'),
	(444, 18550, 'Xã Hương Trà'),
	(444, 18553, 'Xã Hương Trạch'),
	(444, 18556, 'Xã Hương Lâm'),
	(444, 18559, 'Xã Hương Liên'),
	(445, 18562, 'Thị trấn Thạch Hà'),
	(445, 18565, 'Xã Ngọc Sơn'),
	(445, 18568, 'Thị trấn Lộc Hà'),
	(436, 18571, 'Xã Thạch Hải'),
	(445, 18577, 'Xã Thạch Mỹ'),
	(445, 18580, 'Xã Thạch Kim'),
	(445, 18583, 'Xã Thạch Châu'),
	(445, 18586, 'Xã Thạch Kênh'),
	(445, 18589, 'Xã Thạch Sơn'),
	(445, 18592, 'Xã Thạch Liên'),
	(436, 18595, 'Xã Đỉnh Bàn'),
	(436, 18598, 'Xã Hộ Độ'),
	(445, 18601, 'Xã Việt Tiến'),
	(436, 18604, 'Xã Thạch Khê'),
	(445, 18607, 'Xã Thạch Long'),
	(436, 18619, 'Xã Thạch Trị'),
	(436, 18622, 'Xã Thạch Lạc'),
	(445, 18625, 'Xã Thạch Ngọc'),
	(436, 18628, 'Xã Tượng Sơn'),
	(436, 18631, 'Xã Thạch Văn'),
	(445, 18634, 'Xã Lưu Vĩnh Sơn'),
	(436, 18637, 'Xã Thạch Thắng'),
	(436, 18643, 'Xã Thạch Đài'),
	(436, 18649, 'Xã Thạch Hội'),
	(436, 18652, 'Xã Tân Lâm Hương'),
	(445, 18658, 'Xã Thạch Xuân'),
	(445, 18667, 'Xã Nam Điền'),
	(445, 18670, 'Xã Mai Phụ'),
	(446, 18673, 'Thị trấn Cẩm Xuyên'),
	(446, 18676, 'Thị trấn Thiên Cầm'),
	(446, 18679, 'Xã Yên Hòa'),
	(446, 18682, 'Xã Cẩm Dương'),
	(436, 18685, 'Xã Cẩm Bình'),
	(436, 18691, 'Xã Cẩm Vịnh'),
	(446, 18694, 'Xã Cẩm Thành'),
	(446, 18697, 'Xã Cẩm Quang'),
	(446, 18706, 'Xã Cẩm Thạch'),
	(446, 18709, 'Xã Cẩm Nhượng'),
	(446, 18712, 'Xã Nam Phúc Thăng'),
	(446, 18715, 'Xã Cẩm Duệ'),
	(446, 18721, 'Xã Cẩm Lĩnh'),
	(446, 18724, 'Xã Cẩm Quan'),
	(446, 18727, 'Xã Cẩm Hà'),
	(446, 18730, 'Xã Cẩm Lộc'),
	(446, 18733, 'Xã Cẩm Hưng'),
	(446, 18736, 'Xã Cẩm Thịnh'),
	(446, 18739, 'Xã Cẩm Mỹ'),
	(446, 18742, 'Xã Cẩm Trung'),
	(446, 18745, 'Xã Cẩm Sơn'),
	(446, 18748, 'Xã Cẩm Lạc'),
	(446, 18751, 'Xã Cẩm Minh'),
	(449, 18754, 'Phường Hưng Trí'),
	(447, 18757, 'Xã Kỳ Xuân'),
	(447, 18760, 'Xã Kỳ Bắc'),
	(447, 18763, 'Xã Kỳ Phú'),
	(447, 18766, 'Xã Kỳ Phong'),
	(447, 18769, 'Xã Kỳ Tiến'),
	(447, 18772, 'Xã Kỳ Giang'),
	(447, 18775, 'Thị trấn Kỳ Đồng'),
	(447, 18778, 'Xã Kỳ Khang'),
	(449, 18781, 'Phường Kỳ Ninh'),
	(447, 18784, 'Xã Kỳ Văn'),
	(447, 18787, 'Xã Kỳ Trung'),
	(447, 18790, 'Xã Kỳ Thọ'),
	(447, 18793, 'Xã Kỳ Tây'),
	(449, 18796, 'Xã Kỳ Lợi'),
	(447, 18799, 'Xã Kỳ Thượng'),
	(447, 18802, 'Xã Kỳ Hải'),
	(447, 18805, 'Xã Kỳ Thư'),
	(449, 18808, 'Xã Kỳ Hà'),
	(447, 18811, 'Xã Kỳ Châu'),
	(447, 18814, 'Xã Kỳ Tân'),
	(449, 18820, 'Phường Kỳ Trinh'),
	(449, 18823, 'Phường Kỳ Thịnh'),
	(449, 18829, 'Xã Kỳ Hoa'),
	(449, 18832, 'Phường Kỳ Phương'),
	(449, 18835, 'Phường Kỳ Long'),
	(447, 18838, 'Xã Lâm Hợp'),
	(449, 18841, 'Phường Kỳ Liên'),
	(447, 18844, 'Xã Kỳ Sơn'),
	(449, 18847, 'Phường Kỳ Nam'),
	(447, 18850, 'Xã Kỳ Lạc'),
	(450, 18853, 'Phường Hải Thành'),
	(450, 18856, 'Phường Đồng Phú'),
	(450, 18859, 'Phường Bắc Lý'),
	(450, 18865, 'Phường Nam Lý'),
	(450, 18868, 'Phường Đồng Hải'),
	(450, 18871, 'Phường Đồng Sơn'),
	(450, 18874, 'Phường Phú Hải'),
	(450, 18877, 'Phường Bắc Nghĩa'),
	(450, 18880, 'Phường Đức Ninh Đông'),
	(450, 18883, 'Xã Quang Phú'),
	(450, 18886, 'Xã Lộc Ninh'),
	(450, 18889, 'Xã Bảo Ninh'),
	(450, 18892, 'Xã Nghĩa Ninh'),
	(450, 18895, 'Xã Thuận Đức'),
	(450, 18898, 'Xã Đức Ninh'),
	(452, 18901, 'Thị trấn Quy Đạt'),
	(452, 18904, 'Xã Dân Hóa'),
	(452, 18907, 'Xã Trọng Hóa'),
	(452, 18913, 'Xã Hồng Hóa'),
	(452, 18919, 'Xã Tân Thành'),
	(452, 18922, 'Xã Hóa Hợp'),
	(452, 18925, 'Xã Xuân Hóa'),
	(452, 18928, 'Xã Yên Hóa'),
	(452, 18931, 'Xã Minh Hóa'),
	(452, 18934, 'Xã Tân Hóa'),
	(452, 18937, 'Xã Hóa Sơn'),
	(452, 18943, 'Xã Trung Hóa'),
	(452, 18946, 'Xã Thượng Hóa'),
	(453, 18949, 'Thị trấn Đồng Lê'),
	(453, 18952, 'Xã Hương Hóa'),
	(453, 18955, 'Xã Kim Hóa'),
	(453, 18958, 'Xã Thanh Hóa'),
	(453, 18961, 'Xã Thanh Thạch'),
	(453, 18964, 'Xã Thuận Hóa'),
	(453, 18967, 'Xã Lâm Hóa'),
	(453, 18970, 'Xã Lê Hóa'),
	(453, 18973, 'Xã Sơn Hóa'),
	(453, 18976, 'Xã Đồng Hóa'),
	(453, 18979, 'Xã Ngư Hóa'),
	(453, 18985, 'Xã Thạch Hóa'),
	(453, 18988, 'Xã Đức Hóa'),
	(453, 18991, 'Xã Phong Hóa'),
	(453, 18994, 'Xã Mai Hóa'),
	(453, 18997, 'Xã Tiến Hóa'),
	(453, 19000, 'Xã Châu Hóa'),
	(453, 19003, 'Xã Cao Quảng'),
	(453, 19006, 'Xã Văn Hóa'),
	(458, 19009, 'Phường Ba Đồn'),
	(454, 19012, 'Xã Quảng Hợp'),
	(454, 19015, 'Xã Quảng Kim'),
	(454, 19018, 'Xã Quảng Đông'),
	(454, 19021, 'Xã Quảng Phú'),
	(454, 19024, 'Xã Quảng Châu'),
	(454, 19027, 'Xã Quảng Thạch'),
	(454, 19030, 'Xã Quảng Lưu'),
	(454, 19033, 'Xã Quảng Tùng'),
	(454, 19036, 'Xã Cảnh Dương'),
	(454, 19039, 'Xã Quảng Tiến'),
	(454, 19042, 'Xã Quảng Hưng'),
	(454, 19045, 'Xã Quảng Xuân'),
	(454, 19051, 'Xã Liên Trường'),
	(454, 19057, 'Xã Quảng Phương'),
	(458, 19060, 'Phường Quảng Long'),
	(454, 19063, 'Xã Phù Cảnh'),
	(458, 19066, 'Phường Quảng Thọ'),
	(458, 19069, 'Xã Quảng Tiên'),
	(454, 19072, 'Xã Quảng Thanh'),
	(458, 19075, 'Xã Quảng Trung'),
	(458, 19078, 'Phường Quảng Phong'),
	(458, 19081, 'Phường Quảng Thuận'),
	(458, 19084, 'Xã Quảng Tân'),
	(458, 19087, 'Xã Quảng Hải'),
	(458, 19090, 'Xã Quảng Sơn'),
	(458, 19093, 'Xã Quảng Lộc'),
	(458, 19096, 'Xã Quảng Thủy'),
	(458, 19099, 'Xã Quảng Văn'),
	(458, 19102, 'Phường Quảng Phúc'),
	(458, 19105, 'Xã Quảng Hòa'),
	(458, 19108, 'Xã Quảng Minh'),
	(455, 19111, 'Thị trấn Hoàn Lão'),
	(455, 19114, 'Thị trấn NT Việt Trung'),
	(455, 19117, 'Xã Xuân Trạch'),
	(455, 19123, 'Xã Hạ Mỹ'),
	(455, 19126, 'Xã Bắc Trạch'),
	(455, 19129, 'Xã Lâm Trạch'),
	(455, 19132, 'Xã Thanh Trạch'),
	(455, 19135, 'Xã Liên Trạch'),
	(455, 19138, 'Xã Phúc Trạch'),
	(455, 19141, 'Xã Cự Nẫm'),
	(455, 19144, 'Xã Hải Phú'),
	(455, 19147, 'Xã Thượng Trạch'),
	(455, 19150, 'Xã Sơn Lộc'),
	(455, 19156, 'Xã Hưng Trạch'),
	(455, 19159, 'Xã Đồng Trạch'),
	(455, 19162, 'Xã Đức Trạch'),
	(455, 19165, 'Thị trấn Phong Nha'),
	(455, 19168, 'Xã Vạn Trạch'),
	(455, 19174, 'Xã Phú Định'),
	(455, 19177, 'Xã Trung Trạch'),
	(455, 19180, 'Xã Tây Trạch'),
	(455, 19183, 'Xã Hòa Trạch'),
	(455, 19186, 'Xã Đại Trạch'),
	(455, 19189, 'Xã Nhân Trạch'),
	(455, 19192, 'Xã Tân Trạch'),
	(455, 19198, 'Xã Lý Nam'),
	(456, 19204, 'Xã Trường Sơn'),
	(456, 19207, 'Thị trấn Quán Hàu'),
	(456, 19210, 'Xã Vĩnh Ninh'),
	(456, 19213, 'Xã Võ Ninh'),
	(456, 19216, 'Xã Hải Ninh'),
	(456, 19219, 'Xã Hàm Ninh'),
	(456, 19222, 'Xã Duy Ninh'),
	(456, 19225, 'Xã Gia Ninh'),
	(456, 19228, 'Xã Trường Xuân'),
	(456, 19231, 'Xã Hiền Ninh'),
	(456, 19234, 'Xã Tân Ninh'),
	(456, 19237, 'Xã Xuân Ninh'),
	(456, 19240, 'Xã An Ninh'),
	(456, 19243, 'Xã Vạn Ninh'),
	(457, 19246, 'Thị trấn NT Lệ Ninh'),
	(457, 19249, 'Thị trấn Kiến Giang'),
	(457, 19252, 'Xã Hồng Thủy'),
	(457, 19255, 'Xã Ngư Thủy Bắc'),
	(457, 19258, 'Xã Hoa Thủy'),
	(457, 19261, 'Xã Thanh Thủy'),
	(457, 19264, 'Xã An Thủy'),
	(457, 19267, 'Xã Phong Thủy'),
	(457, 19270, 'Xã Cam Thủy'),
	(457, 19273, 'Xã Ngân Thủy'),
	(457, 19276, 'Xã Sơn Thủy'),
	(457, 19279, 'Xã Lộc Thủy'),
	(457, 19285, 'Xã Liên Thủy'),
	(457, 19288, 'Xã Hưng Thủy'),
	(457, 19291, 'Xã Dương Thủy'),
	(457, 19294, 'Xã Tân Thủy'),
	(457, 19297, 'Xã Phú Thủy'),
	(457, 19300, 'Xã Xuân Thủy'),
	(457, 19303, 'Xã Mỹ Thủy'),
	(457, 19306, 'Xã Ngư Thủy'),
	(457, 19309, 'Xã Mai Thủy'),
	(457, 19312, 'Xã Sen Thủy'),
	(457, 19315, 'Xã Thái Thủy'),
	(457, 19318, 'Xã Kim Thủy'),
	(457, 19321, 'Xã Trường Thủy'),
	(457, 19327, 'Xã Lâm Thủy'),
	(461, 19330, 'Phường Đông Giang'),
	(461, 19333, 'Phường 1'),
	(461, 19336, 'Phường Đông Lễ'),
	(461, 19339, 'Phường Đông Thanh'),
	(461, 19342, 'Phường 2'),
	(461, 19345, 'Phường 4'),
	(461, 19348, 'Phường 5'),
	(461, 19351, 'Phường Đông Lương'),
	(461, 19354, 'Phường 3'),
	(462, 19357, 'Phường 1'),
	(462, 19358, 'Phường An Đôn'),
	(462, 19360, 'Phường 2'),
	(462, 19361, 'Phường 3'),
	(464, 19363, 'Thị trấn Hồ Xá'),
	(464, 19366, 'Thị trấn Bến Quan'),
	(464, 19369, 'Xã Vĩnh Thái'),
	(464, 19372, 'Xã Vĩnh Tú'),
	(464, 19375, 'Xã Vĩnh Chấp'),
	(464, 19378, 'Xã Trung Nam'),
	(464, 19384, 'Xã Kim Thạch'),
	(464, 19387, 'Xã Vĩnh Long'),
	(464, 19393, 'Xã Vĩnh Khê'),
	(464, 19396, 'Xã Vĩnh Hòa'),
	(464, 19402, 'Xã Vĩnh Thủy'),
	(464, 19405, 'Xã Vĩnh Lâm'),
	(464, 19408, 'Xã Hiền Thành'),
	(464, 19414, 'Thị trấn Cửa Tùng'),
	(464, 19417, 'Xã Vĩnh Hà'),
	(464, 19420, 'Xã Vĩnh Sơn'),
	(464, 19423, 'Xã Vĩnh Giang'),
	(464, 19426, 'Xã Vĩnh Ô'),
	(465, 19429, 'Thị trấn Khe Sanh'),
	(465, 19432, 'Thị trấn Lao Bảo'),
	(465, 19435, 'Xã Hướng Lập'),
	(465, 19438, 'Xã Hướng Việt'),
	(465, 19441, 'Xã Hướng Phùng'),
	(465, 19444, 'Xã Hướng Sơn'),
	(465, 19447, 'Xã Hướng Linh'),
	(465, 19450, 'Xã Tân Hợp'),
	(465, 19453, 'Xã Hướng Tân'),
	(465, 19456, 'Xã Tân Thành'),
	(465, 19459, 'Xã Tân Long'),
	(465, 19462, 'Xã Tân Lập'),
	(465, 19465, 'Xã Tân Liên'),
	(465, 19468, 'Xã Húc'),
	(465, 19471, 'Xã Thuận'),
	(465, 19474, 'Xã Hướng Lộc'),
	(465, 19477, 'Xã Ba Tầng'),
	(465, 19480, 'Xã Thanh'),
	(465, 19483, 'Xã A Dơi'),
	(465, 19489, 'Xã Lìa'),
	(465, 19492, 'Xã Xy'),
	(466, 19495, 'Thị trấn Gio Linh'),
	(466, 19496, 'Thị trấn Cửa Việt'),
	(466, 19498, 'Xã Trung Giang'),
	(466, 19501, 'Xã Trung Hải'),
	(466, 19504, 'Xã Trung Sơn'),
	(466, 19507, 'Xã Phong Bình'),
	(466, 19510, 'Xã Gio Mỹ'),
	(466, 19519, 'Xã Gio Hải'),
	(466, 19522, 'Xã Gio An'),
	(466, 19534, 'Xã Linh Trường'),
	(466, 19537, 'Xã Gio Sơn'),
	(466, 19543, 'Xã Gio Mai'),
	(466, 19546, 'Xã Hải Thái'),
	(466, 19552, 'Xã Gio Quang'),
	(467, 19555, 'Thị trấn Krông Klang'),
	(467, 19558, 'Xã Mò Ó'),
	(467, 19561, 'Xã Hướng Hiệp'),
	(467, 19564, 'Xã Đa Krông'),
	(467, 19567, 'Xã Triệu Nguyên'),
	(467, 19570, 'Xã Ba Lòng'),
	(467, 19576, 'Xã Ba Nang'),
	(467, 19579, 'Xã Tà Long'),
	(467, 19582, 'Xã Húc Nghì'),
	(467, 19585, 'Xã A Vao'),
	(467, 19588, 'Xã Tà Rụt'),
	(467, 19591, 'Xã A Bung'),
	(467, 19594, 'Xã A Ngo'),
	(468, 19597, 'Thị trấn Cam Lộ'),
	(468, 19600, 'Xã Cam Tuyền'),
	(468, 19603, 'Xã Thanh An'),
	(468, 19606, 'Xã Cam Thủy'),
	(468, 19612, 'Xã Cam Thành'),
	(468, 19615, 'Xã Cam Hiếu'),
	(468, 19618, 'Xã Cam Chính'),
	(468, 19621, 'Xã Cam Nghĩa'),
	(469, 19624, 'Thị trấn Ái Tử'),
	(469, 19627, 'Xã Triệu Tân'),
	(469, 19633, 'Xã Triệu Phước'),
	(469, 19636, 'Xã Triệu Độ'),
	(469, 19639, 'Xã Triệu Trạch'),
	(469, 19642, 'Xã Triệu Thuận'),
	(469, 19645, 'Xã Triệu Đại'),
	(469, 19648, 'Xã Triệu Hòa'),
	(469, 19654, 'Xã Triệu Cơ'),
	(469, 19657, 'Xã Triệu Long'),
	(469, 19660, 'Xã Triệu Tài'),
	(469, 19666, 'Xã Triệu Trung'),
	(469, 19669, 'Xã Triệu Ái'),
	(469, 19672, 'Xã Triệu Thượng'),
	(469, 19675, 'Xã Triệu Giang'),
	(469, 19678, 'Xã Triệu Thành'),
	(470, 19681, 'Thị trấn Diên Sanh'),
	(470, 19684, 'Xã Hải An'),
	(470, 19687, 'Xã Hải Bình'),
	(470, 19693, 'Xã Hải Quy'),
	(470, 19699, 'Xã Hải Hưng'),
	(470, 19702, 'Xã Hải Phú'),
	(462, 19705, 'Xã Hải Lệ'),
	(470, 19708, 'Xã Hải Thượng'),
	(470, 19711, 'Xã Hải Dương'),
	(470, 19714, 'Xã Hải Định'),
	(470, 19717, 'Xã Hải Lâm'),
	(470, 19726, 'Xã Hải Phong'),
	(470, 19729, 'Xã Hải Trường'),
	(470, 19735, 'Xã Hải Sơn'),
	(470, 19738, 'Xã Hải Chánh'),
	(470, 19741, 'Xã Hải Khê'),
	(475, 19750, 'Phường Tây Lộc'),
	(475, 19753, 'Phường Thuận Lộc'),
	(475, 19756, 'Phường Gia Hội'),
	(475, 19759, 'Phường Phú Hậu'),
	(475, 19762, 'Phường Thuận Hòa'),
	(475, 19768, 'Phường Đông Ba'),
	(475, 19774, 'Phường Kim Long'),
	(474, 19777, 'Phường Vỹ Dạ'),
	(474, 19780, 'Phường Phường Đúc'),
	(474, 19783, 'Phường Vĩnh Ninh'),
	(474, 19786, 'Phường Phú Hội'),
	(474, 19789, 'Phường Phú Nhuận'),
	(474, 19792, 'Phường Xuân Phú'),
	(474, 19795, 'Phường Trường An'),
	(474, 19798, 'Phường Phước Vĩnh'),
	(474, 19801, 'Phường An Cựu'),
	(475, 19803, 'Phường An Hòa'),
	(475, 19804, 'Phường Hương Sơ'),
	(474, 19807, 'Phường Thuỷ Biều'),
	(475, 19810, 'Phường Hương Long'),
	(474, 19813, 'Phường Thuỷ Xuân'),
	(474, 19815, 'Phường An Đông'),
	(474, 19816, 'Phường An Tây'),
	(476, 19819, 'Phường Phong Thu'),
	(476, 19825, 'Xã Phong Thạnh'),
	(476, 19828, 'Phường Phong Phú'),
	(476, 19831, 'Xã Phong Bình'),
	(476, 19837, 'Xã Phong Chương'),
	(476, 19843, 'Phường Phong Hải'),
	(476, 19846, 'Phường Phong Hòa'),
	(476, 19852, 'Phường Phong Hiền'),
	(476, 19855, 'Xã Phong Mỹ'),
	(476, 19858, 'Phường Phong An'),
	(476, 19861, 'Xã Phong Xuân'),
	(476, 19864, 'Xã Phong Sơn'),
	(477, 19867, 'Thị trấn Sịa'),
	(477, 19870, 'Xã Quảng Thái'),
	(477, 19873, 'Xã Quảng Ngạn'),
	(477, 19876, 'Xã Quảng Lợi'),
	(477, 19879, 'Xã Quảng Công'),
	(477, 19882, 'Xã Quảng Phước'),
	(477, 19885, 'Xã Quảng Vinh'),
	(477, 19888, 'Xã Quảng An'),
	(477, 19891, 'Xã Quảng Thành'),
	(477, 19894, 'Xã Quảng Thọ'),
	(477, 19897, 'Xã Quảng Phú'),
	(474, 19900, 'Phường Thuận An'),
	(478, 19903, 'Xã Phú Thuận'),
	(474, 19909, 'Phường Dương Nỗ'),
	(478, 19912, 'Xã Phú An'),
	(478, 19915, 'Xã Phú Hải'),
	(478, 19918, 'Xã Phú Xuân'),
	(478, 19921, 'Xã Phú Diên'),
	(478, 19927, 'Xã Phú Mỹ'),
	(474, 19930, 'Phường Phú Thượng'),
	(478, 19933, 'Xã Phú Hồ'),
	(478, 19936, 'Xã Vinh Xuân'),
	(478, 19939, 'Xã Phú Lương'),
	(478, 19942, 'Thị trấn Phú Đa'),
	(478, 19945, 'Xã Vinh Thanh'),
	(478, 19948, 'Xã Vinh An'),
	(478, 19954, 'Xã Phú Gia'),
	(478, 19957, 'Xã Vinh Hà'),
	(479, 19960, 'Phường Phú Bài'),
	(474, 19963, 'Phường Thủy Vân'),
	(479, 19966, 'Xã Thủy Thanh'),
	(479, 19969, 'Phường Thủy Dương'),
	(479, 19972, 'Phường Thủy Phương'),
	(479, 19975, 'Phường Thủy Châu'),
	(479, 19978, 'Phường Thủy Lương'),
	(474, 19981, 'Phường Thủy Bằng'),
	(479, 19984, 'Xã Thủy Tân'),
	(479, 19987, 'Xã Thủy Phù'),
	(479, 19990, 'Xã Phú Sơn'),
	(479, 19993, 'Xã Dương Hòa'),
	(480, 19996, 'Phường Tứ Hạ'),
	(474, 20002, 'Phường Hương Phong'),
	(480, 20005, 'Xã Hương Toàn'),
	(480, 20008, 'Phường Hương Vân'),
	(480, 20011, 'Phường Hương Văn'),
	(475, 20014, 'Phường Hương Vinh'),
	(480, 20017, 'Phường Hương Xuân'),
	(480, 20020, 'Phường Hương Chữ'),
	(475, 20023, 'Phường Hương An'),
	(480, 20026, 'Xã Hương Bình'),
	(475, 20029, 'Phường Long Hồ'),
	(480, 20035, 'Xã Bình Tiến'),
	(480, 20041, 'Xã Bình Thành'),
	(481, 20044, 'Thị trấn A Lưới'),
	(481, 20047, 'Xã Hồng Vân'),
	(481, 20050, 'Xã Hồng Hạ'),
	(481, 20053, 'Xã Hồng Kim'),
	(481, 20056, 'Xã Trung Sơn'),
	(481, 20059, 'Xã Hương Nguyên'),
	(481, 20065, 'Xã Hồng Bắc'),
	(481, 20068, 'Xã A Ngo'),
	(481, 20071, 'Xã Sơn Thủy'),
	(481, 20074, 'Xã Phú Vinh'),
	(481, 20080, 'Xã Hương Phong'),
	(481, 20083, 'Xã Quảng Nhâm'),
	(481, 20086, 'Xã Hồng Thượng'),
	(481, 20089, 'Xã Hồng Thái'),
	(481, 20095, 'Xã A Roàng'),
	(481, 20098, 'Xã Đông Sơn'),
	(481, 20101, 'Xã Lâm Đớt'),
	(481, 20104, 'Xã Hồng Thủy'),
	(482, 20107, 'Thị trấn Phú Lộc'),
	(482, 20110, 'Thị trấn Lăng Cô'),
	(482, 20113, 'Xã Vinh Mỹ'),
	(482, 20116, 'Xã Vinh Hưng'),
	(482, 20122, 'Xã Giang Hải'),
	(482, 20125, 'Xã Vinh Hiền'),
	(482, 20128, 'Xã Lộc Bổn'),
	(482, 20131, 'Thị trấn Lộc Sơn'),
	(482, 20134, 'Xã Lộc Bình'),
	(482, 20137, 'Xã Lộc Vĩnh'),
	(482, 20140, 'Xã Lộc An'),
	(482, 20143, 'Xã Lộc Điền'),
	(482, 20146, 'Xã Lộc Thủy'),
	(482, 20149, 'Xã Lộc Trì'),
	(482, 20152, 'Xã Lộc Tiến'),
	(482, 20155, 'Xã Lộc Hòa'),
	(482, 20158, 'Xã Xuân Lộc'),
	(482, 20161, 'Thị trấn Khe Tre'),
	(482, 20164, 'Xã Hương Phú'),
	(482, 20167, 'Xã Hương Sơn'),
	(482, 20170, 'Xã Hương Lộc'),
	(482, 20173, 'Xã Thượng Quảng'),
	(482, 20176, 'Xã Hương Hòa'),
	(482, 20179, 'Xã Hương Xuân'),
	(482, 20182, 'Xã Hương Hữu'),
	(482, 20185, 'Xã Thượng Lộ'),
	(482, 20188, 'Xã Thượng Long'),
	(482, 20191, 'Xã Thượng Nhật'),
	(490, 20194, 'Phường Hòa Hiệp Bắc'),
	(490, 20195, 'Phường Hòa Hiệp Nam'),
	(490, 20197, 'Phường Hòa Khánh Bắc'),
	(490, 20198, 'Phường Hòa Khánh Nam'),
	(490, 20200, 'Phường Hòa Minh'),
	(491, 20206, 'Phường Thanh Khê Tây'),
	(491, 20207, 'Phường Thanh Khê Đông'),
	(491, 20209, 'Phường Xuân Hà'),
	(491, 20215, 'Phường Chính Gián'),
	(491, 20218, 'Phường Thạc Gián'),
	(491, 20224, 'Phường An Khê'),
	(492, 20227, 'Phường Thanh Bình'),
	(492, 20230, 'Phường Thuận Phước'),
	(492, 20233, 'Phường Thạch Thang'),
	(492, 20236, 'Phường Hải Châu'),
	(492, 20242, 'Phường Phước Ninh'),
	(492, 20245, 'Phường Hòa Thuận Tây'),
	(492, 20254, 'Phường Bình Thuận'),
	(492, 20257, 'Phường Hòa Cường Bắc'),
	(492, 20258, 'Phường Hòa Cường Nam'),
	(495, 20260, 'Phường Khuê Trung'),
	(493, 20263, 'Phường Thọ Quang'),
	(493, 20266, 'Phường Nại Hiên Đông'),
	(493, 20269, 'Phường Mân Thái'),
	(493, 20272, 'Phường An Hải Bắc'),
	(493, 20275, 'Phường Phước Mỹ'),
	(493, 20278, 'Phường An Hải Nam'),
	(494, 20284, 'Phường Mỹ An'),
	(494, 20285, 'Phường Khuê Mỹ'),
	(494, 20287, 'Phường Hoà Quý'),
	(494, 20290, 'Phường Hoà Hải'),
	(497, 20293, 'Xã Hòa Bắc'),
	(497, 20296, 'Xã Hòa Liên'),
	(497, 20299, 'Xã Hòa Ninh'),
	(497, 20302, 'Xã Hòa Sơn'),
	(495, 20305, 'Phường Hòa Phát'),
	(495, 20306, 'Phường Hòa An'),
	(497, 20308, 'Xã Hòa Nhơn'),
	(495, 20311, 'Phường Hòa Thọ Tây'),
	(495, 20312, 'Phường Hòa Thọ Đông'),
	(495, 20314, 'Phường Hòa Xuân'),
	(497, 20317, 'Xã Hòa Phú'),
	(497, 20320, 'Xã Hòa Phong'),
	(497, 20323, 'Xã Hòa Châu'),
	(497, 20326, 'Xã Hòa Tiến'),
	(497, 20329, 'Xã Hòa Phước'),
	(497, 20332, 'Xã Hòa Khương'),
	(502, 20335, 'Phường Tân Thạnh'),
	(502, 20341, 'Phường An Mỹ'),
	(502, 20344, 'Phường Hòa Hương'),
	(502, 20347, 'Phường An Xuân'),
	(502, 20350, 'Phường An Sơn'),
	(502, 20353, 'Phường Trường Xuân'),
	(502, 20356, 'Phường An Phú'),
	(502, 20359, 'Xã Tam Thanh'),
	(502, 20362, 'Xã Tam Thăng'),
	(518, 20364, 'Thị trấn Phú Thịnh'),
	(518, 20365, 'Xã Tam Thành'),
	(518, 20368, 'Xã Tam An'),
	(502, 20371, 'Xã Tam Phú'),
	(518, 20374, 'Xã Tam Đàn'),
	(502, 20375, 'Phường Hoà Thuận'),
	(518, 20377, 'Xã Tam Lộc'),
	(518, 20380, 'Xã Tam Phước'),
	(518, 20386, 'Xã Tam Thái'),
	(518, 20387, 'Xã Tam Đại'),
	(502, 20389, 'Xã Tam Ngọc'),
	(518, 20392, 'Xã Tam Dân'),
	(518, 20395, 'Xã Tam Lãnh'),
	(503, 20398, 'Phường Minh An'),
	(503, 20401, 'Phường Tân An'),
	(503, 20404, 'Phường Cẩm Phô'),
	(503, 20407, 'Phường Thanh Hà'),
	(503, 20410, 'Phường Sơn Phong'),
	(503, 20413, 'Phường Cẩm Châu'),
	(503, 20416, 'Phường Cửa Đại'),
	(503, 20419, 'Phường Cẩm An'),
	(503, 20422, 'Xã Cẩm Hà'),
	(503, 20425, 'Xã Cẩm Kim'),
	(503, 20428, 'Phường Cẩm Nam'),
	(503, 20431, 'Xã Cẩm Thanh'),
	(503, 20434, 'Xã Tân Hiệp'),
	(504, 20437, 'Xã Ch\'ơm'),
	(504, 20440, 'Xã Ga Ri'),
	(504, 20443, 'Xã A Xan'),
	(504, 20446, 'Xã Tr\'Hy'),
	(504, 20449, 'Xã Lăng'),
	(504, 20452, 'Xã A Nông'),
	(504, 20455, 'Xã A Tiêng'),
	(504, 20458, 'Xã Bha Lê'),
	(504, 20461, 'Xã A Vương'),
	(504, 20464, 'Xã Dang'),
	(505, 20467, 'Thị trấn P Rao'),
	(505, 20470, 'Xã Tà Lu'),
	(505, 20473, 'Xã Sông Kôn'),
	(505, 20476, 'Xã Jơ Ngây'),
	(505, 20479, 'Xã A Ting'),
	(505, 20482, 'Xã Tư'),
	(505, 20485, 'Xã Ba'),
	(505, 20488, 'Xã A Rooi'),
	(505, 20491, 'Xã Za Hung'),
	(505, 20494, 'Xã Mà Cooi'),
	(505, 20497, 'Xã Ka Dăng'),
	(506, 20500, 'Thị trấn Ái Nghĩa'),
	(506, 20503, 'Xã Đại Sơn'),
	(506, 20506, 'Xã Đại Lãnh'),
	(506, 20509, 'Xã Đại Hưng'),
	(506, 20512, 'Xã Đại Hồng'),
	(506, 20515, 'Xã Đại Đồng'),
	(506, 20518, 'Xã Đại Quang'),
	(506, 20521, 'Xã Đại Nghĩa'),
	(506, 20524, 'Xã Đại Hiệp'),
	(506, 20527, 'Xã Đại Thạnh'),
	(506, 20530, 'Xã Đại Chánh'),
	(506, 20533, 'Xã Đại Tân'),
	(506, 20536, 'Xã Đại Phong'),
	(506, 20539, 'Xã Đại Minh'),
	(506, 20542, 'Xã Đại Thắng'),
	(506, 20545, 'Xã Đại Cường'),
	(506, 20547, 'Xã Đại An'),
	(506, 20548, 'Xã Đại Hòa'),
	(507, 20551, 'Phường Vĩnh Điện'),
	(507, 20554, 'Xã Điện Tiến'),
	(507, 20557, 'Xã Điện Hòa'),
	(507, 20560, 'Phường Điện Thắng Bắc'),
	(507, 20561, 'Phường Điện Thắng Trung'),
	(507, 20562, 'Phường Điện Thắng Nam'),
	(507, 20563, 'Phường Điện Ngọc'),
	(507, 20566, 'Xã Điện Hồng'),
	(507, 20569, 'Xã Điện Thọ'),
	(507, 20572, 'Xã Điện Phước'),
	(507, 20575, 'Phường Điện An'),
	(507, 20578, 'Phường Điện Nam Bắc'),
	(507, 20579, 'Phường Điện Nam Trung'),
	(507, 20580, 'Phường Điện Nam Đông'),
	(507, 20581, 'Phường Điện Dương'),
	(507, 20584, 'Xã Điện Quang'),
	(507, 20587, 'Xã Điện Trung'),
	(507, 20590, 'Xã Điện Phong'),
	(507, 20593, 'Phường Điện Minh'),
	(507, 20596, 'Phường Điện Phương'),
	(508, 20599, 'Thị trấn Nam Phước'),
	(508, 20605, 'Xã Duy Phú'),
	(508, 20608, 'Xã Duy Tân'),
	(508, 20611, 'Xã Duy Hòa'),
	(508, 20614, 'Xã Duy Châu'),
	(508, 20617, 'Xã Duy Trinh'),
	(508, 20620, 'Xã Duy Sơn'),
	(508, 20623, 'Xã Duy Trung'),
	(508, 20626, 'Xã Duy Phước'),
	(508, 20629, 'Xã Duy Thành'),
	(508, 20632, 'Xã Duy Vinh'),
	(508, 20635, 'Xã Duy Nghĩa'),
	(508, 20638, 'Xã Duy Hải'),
	(509, 20641, 'Thị trấn Đông Phú'),
	(509, 20644, 'Xã Quế Xuân 1'),
	(509, 20647, 'Xã Quế Xuân 2'),
	(509, 20650, 'Xã Quế Phú'),
	(509, 20651, 'Thị trấn Hương An'),
	(509, 20656, 'Thị trấn Trung Phước'),
	(509, 20659, 'Xã Quế Hiệp'),
	(509, 20662, 'Xã Quế Thuận'),
	(509, 20665, 'Xã Quế Mỹ'),
	(509, 20668, 'Xã Ninh Phước'),
	(509, 20669, 'Xã Phước Ninh'),
	(509, 20671, 'Xã Quế Lộc'),
	(509, 20674, 'Xã Quế Phước'),
	(509, 20677, 'Xã Quế Long'),
	(509, 20680, 'Xã Quế Châu'),
	(509, 20683, 'Xã Quế Phong'),
	(509, 20686, 'Xã Quế An'),
	(509, 20689, 'Xã Quế Minh'),
	(509, 20692, 'Xã Quế Lâm'),
	(510, 20695, 'Thị trấn Thạnh Mỹ'),
	(510, 20698, 'Xã Laêê'),
	(510, 20699, 'Xã Chơ Chun'),
	(510, 20701, 'Xã Zuôich'),
	(510, 20702, 'Xã Tà Pơơ'),
	(510, 20704, 'Xã La Dêê'),
	(510, 20705, 'Xã Đắc Tôi'),
	(510, 20707, 'Xã Chà Vàl'),
	(510, 20710, 'Xã Tà Bhinh'),
	(510, 20713, 'Xã Cà Dy'),
	(510, 20716, 'Xã Đắc Pre'),
	(510, 20719, 'Xã Đắc Pring'),
	(511, 20722, 'Thị trấn Khâm Đức'),
	(511, 20725, 'Xã Phước Xuân'),
	(511, 20728, 'Xã Phước Hiệp'),
	(511, 20729, 'Xã Phước Hoà'),
	(511, 20731, 'Xã Phước Đức'),
	(511, 20734, 'Xã Phước Năng'),
	(511, 20737, 'Xã Phước Mỹ'),
	(511, 20740, 'Xã Phước Chánh'),
	(511, 20743, 'Xã Phước Công'),
	(511, 20746, 'Xã Phước Kim'),
	(511, 20749, 'Xã Phước Lộc'),
	(511, 20752, 'Xã Phước Thành'),
	(512, 20758, 'Xã Quế Tân'),
	(512, 20764, 'Xã Quế Thọ'),
	(512, 20767, 'Xã Bình Lâm'),
	(512, 20770, 'Xã Sông Trà'),
	(512, 20773, 'Xã Phước Trà'),
	(512, 20776, 'Xã Phước Gia'),
	(512, 20779, 'Thị trấn Tân Bình'),
	(512, 20782, 'Xã Quế Lưu'),
	(512, 20785, 'Xã Thăng Phước'),
	(512, 20788, 'Xã Bình Sơn'),
	(513, 20791, 'Thị trấn Hà Lam'),
	(513, 20794, 'Xã Bình Dương'),
	(513, 20797, 'Xã Bình Giang'),
	(513, 20800, 'Xã Bình Nguyên'),
	(513, 20803, 'Xã Bình Phục'),
	(513, 20806, 'Xã Bình Triều'),
	(513, 20809, 'Xã Bình Đào'),
	(513, 20812, 'Xã Bình Minh'),
	(513, 20815, 'Xã Bình Lãnh'),
	(513, 20818, 'Xã Bình Trị'),
	(513, 20821, 'Xã Bình Định'),
	(513, 20824, 'Xã Bình Quý'),
	(513, 20827, 'Xã Bình Phú'),
	(513, 20833, 'Xã Bình Tú'),
	(513, 20836, 'Xã Bình Sa'),
	(513, 20839, 'Xã Bình Hải'),
	(513, 20842, 'Xã Bình Quế'),
	(513, 20845, 'Xã Bình An'),
	(513, 20848, 'Xã Bình Trung'),
	(513, 20851, 'Xã Bình Nam'),
	(514, 20854, 'Thị trấn Tiên Kỳ'),
	(514, 20857, 'Xã Tiên Sơn'),
	(514, 20860, 'Xã Tiên Hà'),
	(514, 20866, 'Xã Tiên Châu'),
	(514, 20869, 'Xã Tiên Lãnh'),
	(514, 20872, 'Xã Tiên Ngọc'),
	(514, 20875, 'Xã Tiên Hiệp'),
	(514, 20878, 'Xã Tiên Cảnh'),
	(514, 20881, 'Xã Tiên Mỹ'),
	(514, 20884, 'Xã Tiên Phong'),
	(514, 20887, 'Xã Tiên Thọ'),
	(514, 20890, 'Xã Tiên An'),
	(514, 20893, 'Xã Tiên Lộc'),
	(514, 20896, 'Xã Tiên Lập'),
	(515, 20899, 'Thị trấn Trà My'),
	(515, 20900, 'Xã Trà Sơn'),
	(515, 20902, 'Xã Trà Kót'),
	(515, 20905, 'Xã Trà Nú'),
	(515, 20908, 'Xã Trà Đông'),
	(515, 20911, 'Xã Trà Dương'),
	(515, 20914, 'Xã Trà Giang'),
	(515, 20917, 'Xã Trà Bui'),
	(515, 20920, 'Xã Trà Đốc'),
	(515, 20923, 'Xã Trà Tân'),
	(515, 20926, 'Xã Trà Giác'),
	(515, 20929, 'Xã Trà Giáp'),
	(515, 20932, 'Xã Trà Ka'),
	(516, 20935, 'Xã Trà Leng'),
	(516, 20938, 'Xã Trà Dơn'),
	(516, 20941, 'Xã Trà Tập'),
	(516, 20944, 'Xã Trà Mai'),
	(516, 20947, 'Xã Trà Cang'),
	(516, 20950, 'Xã Trà Linh'),
	(516, 20953, 'Xã Trà Nam'),
	(516, 20956, 'Xã Trà Don'),
	(516, 20959, 'Xã Trà Vân'),
	(516, 20962, 'Xã Trà Vinh'),
	(517, 20965, 'Thị trấn Núi Thành'),
	(517, 20968, 'Xã Tam Xuân I'),
	(517, 20971, 'Xã Tam Xuân II'),
	(517, 20974, 'Xã Tam Tiến'),
	(517, 20977, 'Xã Tam Sơn'),
	(517, 20980, 'Xã Tam Thạnh'),
	(517, 20983, 'Xã Tam Anh Bắc'),
	(517, 20984, 'Xã Tam Anh Nam'),
	(517, 20986, 'Xã Tam Hòa'),
	(517, 20989, 'Xã Tam Hiệp'),
	(517, 20992, 'Xã Tam Hải'),
	(517, 20995, 'Xã Tam Giang'),
	(517, 20998, 'Xã Tam Quang'),
	(517, 21001, 'Xã Tam Nghĩa'),
	(517, 21004, 'Xã Tam Mỹ Tây'),
	(517, 21005, 'Xã Tam Mỹ Đông'),
	(517, 21007, 'Xã Tam Trà'),
	(522, 21010, 'Phường Lê Hồng Phong'),
	(522, 21013, 'Phường Trần Phú'),
	(522, 21016, 'Phường Quảng Phú'),
	(522, 21019, 'Phường Nghĩa Chánh'),
	(522, 21022, 'Phường Trần Hưng Đạo'),
	(522, 21025, 'Phường Nguyễn Nghiêm'),
	(522, 21028, 'Phường Nghĩa Lộ'),
	(522, 21031, 'Phường Chánh Lộ'),
	(522, 21034, 'Xã Nghĩa Dũng'),
	(522, 21037, 'Xã Nghĩa Dõng'),
	(524, 21040, 'Thị trấn Châu Ổ'),
	(524, 21043, 'Xã Bình Thuận'),
	(524, 21046, 'Xã Bình Thạnh'),
	(524, 21049, 'Xã Bình Đông'),
	(524, 21052, 'Xã Bình Chánh'),
	(524, 21055, 'Xã Bình Nguyên'),
	(524, 21058, 'Xã Bình Khương'),
	(524, 21061, 'Xã Bình Trị'),
	(524, 21064, 'Xã Bình An'),
	(524, 21067, 'Xã Bình Hải'),
	(524, 21070, 'Xã Bình Dương'),
	(524, 21073, 'Xã Bình Phước'),
	(524, 21079, 'Xã Bình Hòa'),
	(524, 21082, 'Xã Bình Trung'),
	(524, 21085, 'Xã Bình Minh'),
	(524, 21088, 'Xã Bình Long'),
	(524, 21091, 'Xã Bình Thanh'),
	(524, 21100, 'Xã Bình Chương'),
	(524, 21103, 'Xã Bình Hiệp'),
	(524, 21106, 'Xã Bình Mỹ'),
	(524, 21109, 'Xã Bình Tân Phú'),
	(524, 21112, 'Xã Bình Châu'),
	(525, 21115, 'Thị trấn Trà Xuân'),
	(525, 21118, 'Xã Trà Giang'),
	(525, 21121, 'Xã Trà Thủy'),
	(525, 21124, 'Xã Trà Hiệp'),
	(525, 21127, 'Xã Trà Bình'),
	(525, 21130, 'Xã Trà Phú'),
	(525, 21133, 'Xã Trà Lâm'),
	(525, 21136, 'Xã Trà Tân'),
	(525, 21139, 'Xã Trà Sơn'),
	(525, 21142, 'Xã Trà Bùi'),
	(525, 21145, 'Xã Trà Thanh'),
	(525, 21148, 'Xã Sơn Trà'),
	(525, 21154, 'Xã Trà Phong'),
	(525, 21157, 'Xã Hương Trà'),
	(525, 21163, 'Xã Trà Xinh'),
	(525, 21166, 'Xã Trà Tây'),
	(522, 21172, 'Phường Trương Quang Trọng'),
	(527, 21175, 'Xã Tịnh Thọ'),
	(527, 21178, 'Xã Tịnh Trà'),
	(527, 21181, 'Xã Tịnh Phong'),
	(527, 21184, 'Xã Tịnh Hiệp'),
	(522, 21187, 'Xã Tịnh Hòa'),
	(522, 21190, 'Xã Tịnh Kỳ'),
	(527, 21193, 'Xã Tịnh Bình'),
	(527, 21196, 'Xã Tịnh Đông'),
	(522, 21199, 'Xã Tịnh Thiện'),
	(522, 21202, 'Xã Tịnh Ấn Đông'),
	(527, 21205, 'Xã Tịnh Bắc'),
	(522, 21208, 'Xã Tịnh Châu'),
	(522, 21211, 'Xã Tịnh Khê'),
	(522, 21214, 'Xã Tịnh Long'),
	(527, 21217, 'Xã Tịnh Sơn'),
	(527, 21220, 'Thị trấn Tịnh Hà'),
	(522, 21223, 'Xã Tịnh Ấn Tây'),
	(527, 21226, 'Xã Tịnh Giang'),
	(527, 21229, 'Xã Tịnh Minh'),
	(522, 21232, 'Xã Tịnh An'),
	(528, 21235, 'Thị trấn La Hà'),
	(528, 21238, 'Thị trấn Sông Vệ'),
	(528, 21241, 'Xã Nghĩa Lâm'),
	(528, 21244, 'Xã Nghĩa Thắng'),
	(528, 21247, 'Xã Nghĩa Thuận'),
	(528, 21250, 'Xã Nghĩa Kỳ'),
	(522, 21256, 'Xã Nghĩa Hà'),
	(528, 21259, 'Xã Nghĩa Sơn'),
	(522, 21262, 'Xã An Phú'),
	(528, 21268, 'Xã Nghĩa Hòa'),
	(528, 21271, 'Xã Nghĩa Điền'),
	(528, 21274, 'Xã Nghĩa Thương'),
	(528, 21277, 'Xã Nghĩa Trung'),
	(528, 21280, 'Xã Nghĩa Hiệp'),
	(528, 21283, 'Xã Nghĩa Phương'),
	(529, 21289, 'Thị trấn Di Lăng'),
	(529, 21292, 'Xã Sơn Hạ'),
	(529, 21295, 'Xã Sơn Thành'),
	(529, 21298, 'Xã Sơn Nham'),
	(529, 21301, 'Xã Sơn Bao'),
	(529, 21304, 'Xã Sơn Linh'),
	(529, 21307, 'Xã Sơn Giang'),
	(529, 21310, 'Xã Sơn Trung'),
	(529, 21313, 'Xã Sơn Thượng'),
	(529, 21316, 'Xã Sơn Cao'),
	(529, 21319, 'Xã Sơn Hải'),
	(529, 21322, 'Xã Sơn Thủy'),
	(529, 21325, 'Xã Sơn Kỳ'),
	(529, 21328, 'Xã Sơn Ba'),
	(530, 21331, 'Xã Sơn Bua'),
	(530, 21334, 'Xã Sơn Mùa'),
	(530, 21335, 'Xã Sơn Liên'),
	(530, 21337, 'Xã Sơn Tân'),
	(530, 21338, 'Xã Sơn Màu'),
	(530, 21340, 'Xã Sơn Dung'),
	(530, 21341, 'Xã Sơn Long'),
	(530, 21343, 'Xã Sơn Tinh'),
	(530, 21346, 'Xã Sơn Lập'),
	(531, 21349, 'Xã Long Sơn'),
	(531, 21352, 'Xã Long Mai'),
	(531, 21355, 'Xã Thanh An'),
	(531, 21358, 'Xã Long Môn'),
	(531, 21361, 'Xã Long Hiệp'),
	(532, 21364, 'Thị trấn Chợ Chùa'),
	(532, 21367, 'Xã Hành Thuận'),
	(532, 21370, 'Xã Hành Dũng'),
	(532, 21373, 'Xã Hành Trung'),
	(532, 21376, 'Xã Hành Nhân'),
	(532, 21379, 'Xã Hành Đức'),
	(532, 21382, 'Xã Hành Minh'),
	(532, 21385, 'Xã Hành Phước'),
	(532, 21388, 'Xã Hành Thiện'),
	(532, 21391, 'Xã Hành Thịnh'),
	(532, 21394, 'Xã Hành Tín Tây'),
	(532, 21397, 'Xã Hành Tín Đông'),
	(533, 21400, 'Thị trấn Mộ Đức'),
	(533, 21406, 'Xã Thắng Lợi'),
	(533, 21409, 'Xã Đức Nhuận'),
	(533, 21412, 'Xã Đức Chánh'),
	(533, 21415, 'Xã Đức Hiệp'),
	(533, 21418, 'Xã Đức Minh'),
	(533, 21421, 'Xã Đức Thạnh'),
	(533, 21424, 'Xã Đức Hòa'),
	(533, 21427, 'Xã Đức Tân'),
	(533, 21430, 'Xã Đức Phú'),
	(533, 21433, 'Xã Đức Phong'),
	(533, 21436, 'Xã Đức Lân'),
	(534, 21439, 'Phường Nguyễn Nghiêm'),
	(534, 21442, 'Xã Phổ An'),
	(534, 21445, 'Xã Phổ Phong'),
	(534, 21448, 'Xã Phổ Thuận'),
	(534, 21451, 'Phường Phổ Văn'),
	(534, 21454, 'Phường Phổ Quang'),
	(534, 21457, 'Xã Phổ Nhơn'),
	(534, 21460, 'Phường Phổ Ninh'),
	(534, 21463, 'Phường Phổ Minh'),
	(534, 21466, 'Phường Phổ Vinh'),
	(534, 21469, 'Phường Phổ Hòa'),
	(534, 21472, 'Xã Phổ Cường'),
	(534, 21475, 'Xã Phổ Khánh'),
	(534, 21478, 'Phường Phổ Thạnh'),
	(534, 21481, 'Xã Phổ Châu'),
	(535, 21484, 'Thị trấn Ba Tơ'),
	(535, 21487, 'Xã Ba Điền'),
	(535, 21490, 'Xã Ba Vinh'),
	(535, 21493, 'Xã Ba Thành'),
	(535, 21496, 'Xã Ba Động'),
	(535, 21499, 'Xã Ba Dinh'),
	(535, 21500, 'Xã Ba Giang'),
	(535, 21502, 'Xã Ba Liên'),
	(535, 21505, 'Xã Ba Ngạc'),
	(535, 21508, 'Xã Ba Khâm'),
	(535, 21511, 'Xã Ba Cung'),
	(535, 21517, 'Xã Ba Tiêu'),
	(535, 21520, 'Xã Ba Trang'),
	(535, 21523, 'Xã Ba Tô'),
	(535, 21526, 'Xã Ba Bích'),
	(535, 21529, 'Xã Ba Vì'),
	(535, 21532, 'Xã Ba Lế'),
	(535, 21535, 'Xã Ba Nam'),
	(535, 21538, 'Xã Ba Xa'),
	(540, 21550, 'Phường Nhơn Bình'),
	(540, 21553, 'Phường Nhơn Phú'),
	(540, 21556, 'Phường Đống Đa'),
	(540, 21559, 'Phường Trần Quang Diệu'),
	(540, 21562, 'Phường Hải Cảng'),
	(540, 21565, 'Phường Quang Trung'),
	(540, 21577, 'Phường Ngô Mây'),
	(540, 21580, 'Phường Trần Phú'),
	(540, 21583, 'Phường Thị Nại'),
	(540, 21589, 'Phường Bùi Thị Xuân'),
	(540, 21592, 'Phường Nguyễn Văn Cừ'),
	(540, 21595, 'Phường Ghềnh Ráng'),
	(540, 21598, 'Xã Nhơn Lý'),
	(540, 21601, 'Xã Nhơn Hội'),
	(540, 21604, 'Xã Nhơn Hải'),
	(540, 21607, 'Xã Nhơn Châu'),
	(542, 21609, 'Thị trấn An Lão'),
	(542, 21610, 'Xã An Hưng'),
	(542, 21613, 'Xã An Trung'),
	(542, 21616, 'Xã An Dũng'),
	(542, 21619, 'Xã An Vinh'),
	(542, 21622, 'Xã An Toàn'),
	(542, 21625, 'Xã An Tân'),
	(542, 21628, 'Xã An Hòa'),
	(542, 21631, 'Xã An Quang'),
	(542, 21634, 'Xã An Nghĩa'),
	(543, 21637, 'Phường Tam Quan'),
	(543, 21640, 'Phường Bồng Sơn'),
	(543, 21643, 'Xã Hoài Sơn'),
	(543, 21646, 'Xã Hoài Châu Bắc'),
	(543, 21649, 'Xã Hoài Châu'),
	(543, 21652, 'Xã Hoài Phú'),
	(543, 21655, 'Phường Tam Quan Bắc'),
	(543, 21658, 'Phường Tam Quan Nam'),
	(543, 21661, 'Phường Hoài Hảo'),
	(543, 21664, 'Phường Hoài Thanh Tây'),
	(543, 21667, 'Phường Hoài Thanh'),
	(543, 21670, 'Phường Hoài Hương'),
	(543, 21673, 'Phường Hoài Tân'),
	(543, 21676, 'Xã Hoài Hải'),
	(543, 21679, 'Phường Hoài Xuân'),
	(543, 21682, 'Xã Hoài Mỹ'),
	(543, 21685, 'Phường Hoài Đức'),
	(544, 21688, 'Thị trấn Tăng Bạt Hổ'),
	(544, 21690, 'Xã Ân Hảo Tây'),
	(544, 21691, 'Xã Ân Hảo Đông'),
	(544, 21694, 'Xã Ân Sơn'),
	(544, 21697, 'Xã Ân Mỹ'),
	(544, 21700, 'Xã Đak Mang'),
	(544, 21703, 'Xã Ân Tín'),
	(544, 21706, 'Xã Ân Thạnh'),
	(544, 21709, 'Xã Ân Phong'),
	(544, 21712, 'Xã Ân Đức'),
	(544, 21715, 'Xã Ân Hữu'),
	(544, 21718, 'Xã Bok Tới'),
	(544, 21721, 'Xã Ân Tường Tây'),
	(544, 21724, 'Xã Ân Tường Đông'),
	(544, 21727, 'Xã Ân Nghĩa'),
	(545, 21730, 'Thị trấn Phù Mỹ'),
	(545, 21733, 'Thị trấn Bình Dương'),
	(545, 21736, 'Xã Mỹ Đức'),
	(545, 21739, 'Xã Mỹ Châu'),
	(545, 21742, 'Xã Mỹ Thắng'),
	(545, 21745, 'Xã Mỹ Lộc'),
	(545, 21748, 'Xã Mỹ Lợi'),
	(545, 21751, 'Xã Mỹ An'),
	(545, 21754, 'Xã Mỹ Phong'),
	(545, 21757, 'Xã Mỹ Trinh'),
	(545, 21760, 'Xã Mỹ Thọ'),
	(545, 21763, 'Xã Mỹ Hòa'),
	(545, 21766, 'Xã Mỹ Thành'),
	(545, 21769, 'Xã Mỹ Chánh'),
	(545, 21772, 'Xã Mỹ Quang'),
	(545, 21775, 'Xã Mỹ Hiệp'),
	(545, 21778, 'Xã Mỹ Tài'),
	(545, 21781, 'Xã Mỹ Cát'),
	(545, 21784, 'Xã Mỹ Chánh Tây'),
	(546, 21786, 'Thị trấn Vĩnh Thạnh'),
	(546, 21787, 'Xã Vĩnh Sơn'),
	(546, 21790, 'Xã Vĩnh Kim'),
	(546, 21796, 'Xã Vĩnh Hiệp'),
	(546, 21799, 'Xã Vĩnh Hảo'),
	(546, 21801, 'Xã Vĩnh Hòa'),
	(546, 21802, 'Xã Vĩnh Thịnh'),
	(546, 21804, 'Xã Vĩnh Thuận'),
	(546, 21805, 'Xã Vĩnh Quang'),
	(547, 21808, 'Thị trấn Phú Phong'),
	(547, 21811, 'Xã Bình Tân'),
	(547, 21814, 'Xã Tây Thuận'),
	(547, 21817, 'Xã Bình Thuận'),
	(547, 21820, 'Xã Tây Giang'),
	(547, 21823, 'Xã Bình Thành'),
	(547, 21826, 'Xã Tây An'),
	(547, 21829, 'Xã Bình Hòa'),
	(547, 21832, 'Xã Tây Bình'),
	(547, 21835, 'Xã Bình Tường'),
	(547, 21838, 'Xã Tây Vinh'),
	(547, 21841, 'Xã Vĩnh An'),
	(547, 21844, 'Xã Tây Xuân'),
	(547, 21847, 'Xã Bình Nghi'),
	(547, 21850, 'Xã Tây Phú'),
	(548, 21853, 'Thị trấn Ngô Mây'),
	(548, 21856, 'Xã Cát Sơn'),
	(548, 21859, 'Xã Cát Minh'),
	(548, 21862, 'Thị trấn Cát Khánh'),
	(548, 21865, 'Xã Cát Tài'),
	(548, 21868, 'Xã Cát Lâm'),
	(548, 21871, 'Xã Cát Hanh'),
	(548, 21874, 'Xã Cát Thành'),
	(548, 21877, 'Xã Cát Trinh'),
	(548, 21880, 'Xã Cát Hải'),
	(548, 21883, 'Xã Cát Hiệp'),
	(548, 21886, 'Xã Cát Nhơn'),
	(548, 21889, 'Xã Cát Hưng'),
	(548, 21892, 'Xã Cát Tường'),
	(548, 21895, 'Xã Cát Tân'),
	(548, 21898, 'Thị trấn Cát Tiến'),
	(548, 21901, 'Xã Cát Thắng'),
	(548, 21904, 'Xã Cát Chánh'),
	(549, 21907, 'Phường Bình Định'),
	(549, 21910, 'Phường Đập Đá'),
	(549, 21913, 'Xã Nhơn Mỹ'),
	(549, 21916, 'Phường Nhơn Thành'),
	(549, 21919, 'Xã Nhơn Hạnh'),
	(549, 21922, 'Xã Nhơn Hậu'),
	(549, 21925, 'Xã Nhơn Phong'),
	(549, 21928, 'Xã Nhơn An'),
	(549, 21931, 'Xã Nhơn Phúc'),
	(549, 21934, 'Phường Nhơn Hưng'),
	(549, 21937, 'Xã Nhơn Khánh'),
	(549, 21940, 'Xã Nhơn Lộc'),
	(549, 21943, 'Phường Nhơn Hoà'),
	(549, 21946, 'Xã Nhơn Tân'),
	(549, 21949, 'Xã Nhơn Thọ'),
	(550, 21952, 'Thị trấn Tuy Phước'),
	(550, 21955, 'Thị trấn Diêu Trì'),
	(550, 21958, 'Xã Phước Thắng'),
	(550, 21961, 'Xã Phước Hưng'),
	(550, 21964, 'Xã Phước Quang'),
	(550, 21967, 'Xã Phước Hòa'),
	(550, 21970, 'Xã Phước Sơn'),
	(550, 21973, 'Xã Phước Hiệp'),
	(550, 21976, 'Xã Phước Lộc'),
	(550, 21979, 'Xã Phước Nghĩa'),
	(550, 21982, 'Xã Phước Thuận'),
	(550, 21985, 'Xã Phước An'),
	(550, 21988, 'Xã Phước Thành'),
	(540, 21991, 'Xã Phước Mỹ'),
	(551, 21994, 'Thị trấn Vân Canh'),
	(551, 21997, 'Xã Canh Liên'),
	(551, 22000, 'Xã Canh Hiệp'),
	(551, 22003, 'Xã Canh Vinh'),
	(551, 22006, 'Xã Canh Hiển'),
	(551, 22009, 'Xã Canh Thuận'),
	(551, 22012, 'Xã Canh Hòa'),
	(555, 22015, 'Phường 1'),
	(555, 22018, 'Phường 2'),
	(555, 22024, 'Phường 9'),
	(555, 22030, 'Phường 4'),
	(555, 22033, 'Phường 5'),
	(555, 22036, 'Phường 7'),
	(555, 22040, 'Phường Phú Thạnh'),
	(555, 22041, 'Phường Phú Đông'),
	(555, 22042, 'Xã Hòa Kiến'),
	(555, 22045, 'Xã Bình Kiến'),
	(557, 22051, 'Phường Xuân Phú'),
	(557, 22052, 'Xã Xuân Lâm'),
	(557, 22053, 'Phường Xuân Thành'),
	(557, 22054, 'Xã Xuân Hải'),
	(557, 22057, 'Xã Xuân Lộc'),
	(557, 22060, 'Xã Xuân Bình'),
	(557, 22066, 'Xã Xuân Cảnh'),
	(557, 22069, 'Xã Xuân Thịnh'),
	(557, 22072, 'Xã Xuân Phương'),
	(557, 22073, 'Phường Xuân Yên'),
	(557, 22075, 'Xã Xuân Thọ 1'),
	(557, 22076, 'Phường Xuân Đài'),
	(557, 22078, 'Xã Xuân Thọ 2'),
	(558, 22081, 'Thị trấn La Hai'),
	(558, 22084, 'Xã Đa Lộc'),
	(558, 22087, 'Xã Phú Mỡ'),
	(558, 22090, 'Xã Xuân Lãnh'),
	(558, 22093, 'Xã Xuân Long'),
	(558, 22096, 'Xã Xuân Quang 1'),
	(558, 22099, 'Xã Xuân Sơn Bắc'),
	(558, 22102, 'Xã Xuân Quang 2'),
	(558, 22105, 'Xã Xuân Sơn Nam'),
	(558, 22108, 'Xã Xuân Quang 3'),
	(558, 22111, 'Xã Xuân Phước'),
	(559, 22114, 'Thị trấn Chí Thạnh'),
	(559, 22117, 'Xã An Dân'),
	(559, 22120, 'Xã An Ninh Tây'),
	(559, 22123, 'Xã An Ninh Đông'),
	(559, 22126, 'Xã An Thạch'),
	(559, 22129, 'Xã An Định'),
	(559, 22132, 'Xã An Nghiệp'),
	(559, 22138, 'Xã An Cư'),
	(559, 22141, 'Xã An Xuân'),
	(559, 22144, 'Xã An Lĩnh'),
	(559, 22147, 'Xã An Hòa Hải'),
	(559, 22150, 'Xã An Hiệp'),
	(559, 22153, 'Xã An Mỹ'),
	(559, 22156, 'Xã An Chấn'),
	(559, 22159, 'Xã An Thọ'),
	(555, 22162, 'Xã An Phú'),
	(560, 22165, 'Thị trấn Củng Sơn'),
	(560, 22168, 'Xã Phước Tân'),
	(560, 22171, 'Xã Sơn Hội'),
	(560, 22174, 'Xã Sơn Định'),
	(560, 22177, 'Xã Sơn Long'),
	(560, 22180, 'Xã Cà Lúi'),
	(560, 22183, 'Xã Sơn Phước'),
	(560, 22186, 'Xã Sơn Xuân'),
	(560, 22189, 'Xã Sơn Nguyên'),
	(560, 22192, 'Xã Eachà Rang'),
	(560, 22195, 'Xã Krông Pa'),
	(560, 22198, 'Xã Suối Bạc'),
	(560, 22201, 'Xã Sơn Hà'),
	(560, 22204, 'Xã Suối Trai'),
	(561, 22207, 'Thị trấn Hai Riêng'),
	(561, 22210, 'Xã Ea Lâm'),
	(561, 22213, 'Xã Đức Bình Tây'),
	(561, 22216, 'Xã Ea Bá'),
	(561, 22219, 'Xã Sơn Giang'),
	(561, 22222, 'Xã Đức Bình Đông'),
	(561, 22225, 'Xã EaBar'),
	(561, 22228, 'Xã EaBia'),
	(561, 22231, 'Xã EaTrol'),
	(561, 22234, 'Xã Sông Hinh'),
	(561, 22237, 'Xã Ealy'),
	(555, 22240, 'Phường Phú Lâm'),
	(564, 22243, 'Xã Hòa Thành'),
	(564, 22246, 'Phường Hòa Hiệp Bắc'),
	(562, 22249, 'Xã Sơn Thành Tây'),
	(562, 22250, 'Xã Sơn Thành Đông'),
	(562, 22252, 'Xã Hòa Bình 1'),
	(562, 22255, 'Thị trấn Phú Thứ'),
	(564, 22258, 'Phường Hoà Vinh'),
	(564, 22261, 'Phường Hoà Hiệp Trung'),
	(562, 22264, 'Xã Hòa Phong'),
	(564, 22267, 'Xã Hòa Tân Đông'),
	(562, 22270, 'Xã Hòa Phú'),
	(562, 22273, 'Xã Hòa Tân Tây'),
	(562, 22276, 'Xã Hòa Đồng'),
	(564, 22279, 'Phường Hòa Xuân Tây'),
	(564, 22282, 'Phường Hòa Hiệp Nam'),
	(562, 22285, 'Xã Hòa Mỹ Đông'),
	(562, 22288, 'Xã Hòa Mỹ Tây'),
	(564, 22291, 'Xã Hòa Xuân Đông'),
	(562, 22294, 'Xã Hòa Thịnh'),
	(564, 22297, 'Xã Hòa Tâm'),
	(564, 22300, 'Xã Hòa Xuân Nam'),
	(563, 22303, 'Xã Hòa Quang Bắc'),
	(563, 22306, 'Xã Hòa Quang Nam'),
	(563, 22309, 'Xã Hòa Hội'),
	(563, 22312, 'Xã Hòa Trị'),
	(563, 22315, 'Xã Hòa An'),
	(563, 22318, 'Xã Hòa Định Đông'),
	(563, 22319, 'Thị trấn Phú Hoà'),
	(563, 22321, 'Xã Hòa Định Tây'),
	(563, 22324, 'Xã Hòa Thắng'),
	(568, 22327, 'Phường Vĩnh Hòa'),
	(568, 22330, 'Phường Vĩnh Hải'),
	(568, 22333, 'Phường Vĩnh Phước'),
	(568, 22336, 'Phường Ngọc Hiệp'),
	(568, 22339, 'Phường Vĩnh Thọ'),
	(568, 22348, 'Phường Vạn Thạnh'),
	(568, 22351, 'Phường Phương Sài'),
	(568, 22357, 'Phường Phước Hải'),
	(568, 22363, 'Phường Lộc Thọ'),
	(568, 22366, 'Phường Tân Tiến'),
	(568, 22372, 'Phường Phước Hòa'),
	(568, 22375, 'Phường Vĩnh Nguyên'),
	(568, 22378, 'Phường Phước Long'),
	(568, 22381, 'Phường Vĩnh Trường'),
	(568, 22384, 'Xã Vĩnh Lương'),
	(568, 22387, 'Xã Vĩnh Phương'),
	(568, 22390, 'Xã Vĩnh Ngọc'),
	(568, 22393, 'Xã Vĩnh Thạnh'),
	(568, 22396, 'Xã Vĩnh Trung'),
	(568, 22399, 'Xã Vĩnh Hiệp'),
	(568, 22402, 'Xã Vĩnh Thái'),
	(568, 22405, 'Xã Phước Đồng'),
	(569, 22408, 'Phường Cam Nghĩa'),
	(569, 22411, 'Phường Cam Phúc Bắc'),
	(569, 22414, 'Phường Cam Phúc Nam'),
	(569, 22417, 'Phường Cam Lộc'),
	(569, 22420, 'Phường Cam Phú'),
	(569, 22423, 'Phường Ba Ngòi'),
	(569, 22426, 'Phường Cam Thuận'),
	(569, 22429, 'Phường Cam Lợi'),
	(569, 22432, 'Phường Cam Linh'),
	(570, 22435, 'Xã Cam Tân'),
	(570, 22438, 'Xã Cam Hòa'),
	(570, 22441, 'Xã Cam Hải Đông'),
	(570, 22444, 'Xã Cam Hải Tây'),
	(570, 22447, 'Xã Sơn Tân'),
	(570, 22450, 'Xã Cam Hiệp Bắc'),
	(570, 22453, 'Thị trấn Cam Đức'),
	(570, 22456, 'Xã Cam Hiệp Nam'),
	(570, 22459, 'Xã Cam Phước Tây'),
	(570, 22462, 'Xã Cam Thành Bắc'),
	(570, 22465, 'Xã Cam An Bắc'),
	(569, 22468, 'Xã Cam Thành Nam'),
	(570, 22471, 'Xã Cam An Nam'),
	(569, 22474, 'Xã Cam Phước Đông'),
	(569, 22477, 'Xã Cam Thịnh Tây'),
	(569, 22480, 'Xã Cam Thịnh Đông'),
	(569, 22483, 'Xã Cam Lập'),
	(569, 22486, 'Xã Cam Bình'),
	(571, 22489, 'Thị trấn Vạn Giã'),
	(571, 22492, 'Xã Đại Lãnh'),
	(571, 22495, 'Xã Vạn Phước'),
	(571, 22498, 'Xã Vạn Long'),
	(571, 22501, 'Xã Vạn Bình'),
	(571, 22504, 'Xã Vạn Thọ'),
	(571, 22507, 'Xã Vạn Khánh'),
	(571, 22510, 'Xã Vạn Phú'),
	(571, 22513, 'Xã Vạn Lương'),
	(571, 22516, 'Xã Vạn Thắng'),
	(571, 22519, 'Xã Vạn Thạnh'),
	(571, 22522, 'Xã Xuân Sơn'),
	(571, 22525, 'Xã Vạn Hưng'),
	(572, 22528, 'Phường Ninh Hiệp'),
	(572, 22531, 'Xã Ninh Sơn'),
	(572, 22534, 'Xã Ninh Tây'),
	(572, 22537, 'Xã Ninh Thượng'),
	(572, 22540, 'Xã Ninh An'),
	(572, 22543, 'Phường Ninh Hải'),
	(572, 22546, 'Xã Ninh Thọ'),
	(572, 22549, 'Xã Ninh Trung'),
	(572, 22552, 'Xã Ninh Sim'),
	(572, 22555, 'Xã Ninh Xuân'),
	(572, 22558, 'Xã Ninh Thân'),
	(572, 22561, 'Phường Ninh Diêm'),
	(572, 22564, 'Xã Ninh Đông'),
	(572, 22567, 'Phường Ninh Thủy'),
	(572, 22570, 'Phường Ninh Đa'),
	(572, 22573, 'Xã Ninh Phụng'),
	(572, 22576, 'Xã Ninh Bình'),
	(572, 22582, 'Xã Ninh Phú'),
	(572, 22585, 'Xã Ninh Tân'),
	(572, 22588, 'Xã Ninh Quang'),
	(572, 22591, 'Phường Ninh Giang'),
	(572, 22594, 'Phường Ninh Hà'),
	(572, 22597, 'Xã Ninh Hưng'),
	(572, 22600, 'Xã Ninh Lộc'),
	(572, 22603, 'Xã Ninh Ích'),
	(572, 22606, 'Xã Ninh Phước'),
	(573, 22609, 'Thị trấn Khánh Vĩnh'),
	(573, 22612, 'Xã Khánh Hiệp'),
	(573, 22615, 'Xã Khánh Bình'),
	(573, 22618, 'Xã Khánh Trung'),
	(573, 22621, 'Xã Khánh Đông'),
	(573, 22624, 'Xã Khánh Thượng'),
	(573, 22627, 'Xã Khánh Nam'),
	(573, 22630, 'Xã Sông Cầu'),
	(573, 22633, 'Xã Giang Ly'),
	(573, 22636, 'Xã Cầu Bà'),
	(573, 22639, 'Xã Liên Sang'),
	(573, 22642, 'Xã Khánh Thành'),
	(573, 22645, 'Xã Khánh Phú'),
	(573, 22648, 'Xã Sơn Thái'),
	(574, 22651, 'Thị trấn Diên Khánh'),
	(574, 22654, 'Xã Diên Lâm'),
	(574, 22657, 'Xã Diên Điền'),
	(574, 22660, 'Xã Xuân Đồng'),
	(574, 22663, 'Xã Diên Sơn'),
	(574, 22669, 'Xã Diên Phú'),
	(574, 22672, 'Xã Diên Thọ'),
	(574, 22675, 'Xã Diên Phước'),
	(574, 22678, 'Xã Diên Lạc'),
	(574, 22681, 'Xã Diên Tân'),
	(574, 22684, 'Xã Diên Hòa'),
	(574, 22687, 'Xã Diên Thạnh'),
	(574, 22690, 'Xã Diên Toàn'),
	(574, 22693, 'Xã Diên An'),
	(574, 22696, 'Xã Bình Lộc'),
	(574, 22702, 'Xã Suối Hiệp'),
	(574, 22705, 'Xã Suối Tiên'),
	(570, 22708, 'Xã Suối Cát'),
	(570, 22711, 'Xã Suối Tân'),
	(575, 22714, 'Thị trấn Tô Hạp'),
	(575, 22717, 'Xã Thành Sơn'),
	(575, 22720, 'Xã Sơn Lâm'),
	(575, 22723, 'Xã Sơn Hiệp'),
	(575, 22726, 'Xã Sơn Bình'),
	(575, 22729, 'Xã Sơn Trung'),
	(575, 22732, 'Xã Ba Cụm Bắc'),
	(575, 22735, 'Xã Ba Cụm Nam'),
	(576, 22736, 'Thị trấn Trường Sa'),
	(576, 22737, 'Xã Song Tử Tây'),
	(582, 22738, 'Phường Đô Vinh'),
	(576, 22739, 'Xã Sinh Tồn'),
	(582, 22741, 'Phường Phước Mỹ'),
	(582, 22744, 'Phường Bảo An'),
	(582, 22750, 'Phường Phủ Hà'),
	(582, 22759, 'Phường Kinh Dinh'),
	(582, 22762, 'Phường Đạo Long'),
	(582, 22765, 'Phường Đài Sơn'),
	(582, 22768, 'Phường Đông Hải'),
	(582, 22771, 'Phường Mỹ Đông'),
	(582, 22774, 'Xã Thành Hải'),
	(582, 22777, 'Phường Văn Hải'),
	(582, 22779, 'Phường Mỹ Bình'),
	(582, 22780, 'Phường Mỹ Hải'),
	(584, 22783, 'Xã Phước Bình'),
	(584, 22786, 'Xã Phước Hòa'),
	(584, 22789, 'Xã Phước Tân'),
	(584, 22792, 'Xã Phước Tiến'),
	(584, 22795, 'Xã Phước Thắng'),
	(584, 22798, 'Xã Phước Thành'),
	(584, 22801, 'Xã Phước Đại'),
	(584, 22804, 'Xã Phước Chính'),
	(584, 22807, 'Xã Phước Trung'),
	(585, 22810, 'Thị trấn Tân Sơn'),
	(585, 22813, 'Xã Lâm Sơn'),
	(585, 22816, 'Xã Lương Sơn'),
	(585, 22819, 'Xã Quảng Sơn'),
	(585, 22822, 'Xã Mỹ Sơn'),
	(585, 22825, 'Xã Hòa Sơn'),
	(585, 22828, 'Xã Ma Nới'),
	(585, 22831, 'Xã Nhơn Sơn'),
	(586, 22834, 'Thị trấn Khánh Hải'),
	(588, 22837, 'Xã Phước Chiến'),
	(588, 22840, 'Xã Công Hải'),
	(588, 22843, 'Xã Phước Kháng'),
	(586, 22846, 'Xã Vĩnh Hải'),
	(588, 22849, 'Xã Lợi Hải'),
	(586, 22852, 'Xã Phương Hải'),
	(588, 22853, 'Xã Bắc Sơn'),
	(586, 22855, 'Xã Tân Hải'),
	(588, 22856, 'Xã Bắc Phong'),
	(586, 22858, 'Xã Xuân Hải'),
	(586, 22861, 'Xã Hộ Hải'),
	(586, 22864, 'Xã Tri Hải'),
	(586, 22867, 'Xã Nhơn Hải'),
	(586, 22868, 'Xã Thanh Hải'),
	(587, 22870, 'Thị trấn Phước Dân'),
	(587, 22873, 'Xã Phước Sơn'),
	(587, 22876, 'Xã Phước Thái'),
	(587, 22879, 'Xã Phước Hậu'),
	(587, 22882, 'Xã Phước Thuận'),
	(589, 22885, 'Xã Phước Hà'),
	(587, 22888, 'Xã An Hải'),
	(587, 22891, 'Xã Phước Hữu'),
	(587, 22894, 'Xã Phước Hải'),
	(589, 22897, 'Xã Phước Nam'),
	(589, 22898, 'Xã Phước Ninh'),
	(589, 22900, 'Xã Nhị Hà'),
	(589, 22903, 'Xã Phước Dinh'),
	(589, 22906, 'Xã Phước Minh'),
	(589, 22909, 'Xã Phước Diêm'),
	(589, 22910, 'Xã Cà Ná'),
	(587, 22912, 'Xã Phước Vinh'),
	(593, 22915, 'Phường Mũi Né'),
	(593, 22918, 'Phường Hàm Tiến'),
	(593, 22921, 'Phường Phú Hài'),
	(593, 22924, 'Phường Phú Thủy'),
	(593, 22927, 'Phường Phú Tài'),
	(593, 22930, 'Phường Phú Trinh'),
	(593, 22933, 'Phường Xuân An'),
	(593, 22936, 'Phường Thanh Hải'),
	(593, 22945, 'Phường Lạc Đạo'),
	(593, 22951, 'Phường Bình Hưng'),
	(593, 22954, 'Phường Đức Long'),
	(593, 22957, 'Xã Thiện Nghiệp'),
	(593, 22960, 'Xã Phong Nẫm'),
	(593, 22963, 'Xã Tiến Lợi'),
	(593, 22966, 'Xã Tiến Thành'),
	(595, 22969, 'Thị trấn Liên Hương'),
	(595, 22972, 'Thị trấn Phan Rí Cửa'),
	(595, 22975, 'Xã Phan Dũng'),
	(595, 22978, 'Xã Phong Phú'),
	(595, 22981, 'Xã Vĩnh Hảo'),
	(595, 22984, 'Xã Vĩnh Tân'),
	(595, 22987, 'Xã Phú Lạc'),
	(595, 22990, 'Xã Phước Thể'),
	(595, 22993, 'Xã Hòa Minh'),
	(595, 22996, 'Xã Chí Công'),
	(595, 22999, 'Xã Bình Thạnh'),
	(596, 23005, 'Thị trấn Chợ Lầu'),
	(596, 23008, 'Xã Phan Sơn'),
	(596, 23011, 'Xã Phan Lâm'),
	(596, 23014, 'Xã Bình An'),
	(596, 23017, 'Xã Phan Điền'),
	(596, 23020, 'Xã Hải Ninh'),
	(596, 23023, 'Xã Sông Lũy'),
	(596, 23026, 'Xã Phan Tiến'),
	(596, 23029, 'Xã Sông Bình'),
	(596, 23032, 'Thị trấn Lương Sơn'),
	(596, 23035, 'Xã Phan Hòa'),
	(596, 23038, 'Xã Phan Thanh'),
	(596, 23041, 'Xã Hồng Thái'),
	(596, 23044, 'Xã Phan Hiệp'),
	(596, 23047, 'Xã Bình Tân'),
	(596, 23050, 'Xã Phan Rí Thành'),
	(596, 23053, 'Xã Hòa Thắng'),
	(596, 23056, 'Xã Hồng Phong'),
	(597, 23059, 'Thị trấn Ma Lâm'),
	(597, 23062, 'Thị trấn Phú Long'),
	(597, 23065, 'Xã La Dạ'),
	(597, 23068, 'Xã Đông Tiến'),
	(597, 23071, 'Xã Thuận Hòa'),
	(597, 23074, 'Xã Đông Giang'),
	(597, 23077, 'Xã Hàm Phú'),
	(597, 23080, 'Xã Hồng Liêm'),
	(597, 23083, 'Xã Thuận Minh'),
	(597, 23086, 'Xã Hồng Sơn'),
	(597, 23089, 'Xã Hàm Trí'),
	(597, 23092, 'Xã Hàm Đức'),
	(597, 23095, 'Xã Hàm Liêm'),
	(597, 23098, 'Xã Hàm Chính'),
	(597, 23101, 'Xã Hàm Hiệp'),
	(597, 23104, 'Xã Hàm Thắng'),
	(597, 23107, 'Xã Đa Mi'),
	(598, 23110, 'Thị trấn Thuận Nam'),
	(598, 23113, 'Xã Mỹ Thạnh'),
	(598, 23116, 'Xã Hàm Cần'),
	(598, 23119, 'Xã Mương Mán'),
	(598, 23122, 'Xã Hàm Thạnh'),
	(598, 23125, 'Xã Hàm Kiệm'),
	(598, 23128, 'Xã Hàm Cường'),
	(598, 23131, 'Xã Hàm Mỹ'),
	(598, 23134, 'Xã Tân Lập'),
	(598, 23137, 'Xã Hàm Minh'),
	(598, 23140, 'Xã Thuận Quí'),
	(598, 23143, 'Xã Tân Thuận'),
	(598, 23146, 'Xã Tân Thành'),
	(599, 23149, 'Thị trấn Lạc Tánh'),
	(599, 23152, 'Xã Bắc Ruộng'),
	(599, 23158, 'Xã Nghị Đức'),
	(599, 23161, 'Xã La Ngâu'),
	(599, 23164, 'Xã Huy Khiêm'),
	(599, 23167, 'Xã Măng Tố'),
	(599, 23170, 'Xã Đức Phú'),
	(599, 23173, 'Xã Đồng Kho'),
	(599, 23176, 'Xã Gia An'),
	(599, 23179, 'Xã Đức Bình'),
	(599, 23182, 'Xã Gia Huynh'),
	(599, 23185, 'Xã Đức Thuận'),
	(599, 23188, 'Xã Suối Kiết'),
	(600, 23191, 'Thị trấn Võ Xu'),
	(600, 23194, 'Thị trấn Đức Tài'),
	(600, 23197, 'Xã Đa Kai'),
	(600, 23200, 'Xã Sùng Nhơn'),
	(600, 23203, 'Xã Mê Pu'),
	(600, 23206, 'Xã Nam Chính'),
	(600, 23212, 'Xã Đức Hạnh'),
	(600, 23215, 'Xã Đức Tín'),
	(600, 23218, 'Xã Vũ Hoà'),
	(600, 23221, 'Xã Tân Hà'),
	(600, 23224, 'Xã Đông Hà'),
	(600, 23227, 'Xã Trà Tân'),
	(601, 23230, 'Thị trấn Tân Minh'),
	(594, 23231, 'Phường Phước Hội'),
	(594, 23232, 'Phường Phước Lộc'),
	(594, 23234, 'Phường Tân Thiện'),
	(594, 23235, 'Phường Tân An'),
	(601, 23236, 'Thị trấn Tân Nghĩa'),
	(594, 23237, 'Phường Bình Tân'),
	(601, 23239, 'Xã Sông Phan'),
	(601, 23242, 'Xã Tân Phúc'),
	(594, 23245, 'Xã Tân Hải'),
	(594, 23246, 'Xã Tân Tiến'),
	(594, 23248, 'Xã Tân Bình'),
	(601, 23251, 'Xã Tân Đức'),
	(601, 23254, 'Xã Tân Thắng'),
	(601, 23255, 'Xã Thắng Hải'),
	(601, 23257, 'Xã Tân Hà'),
	(601, 23260, 'Xã Tân Xuân'),
	(601, 23266, 'Xã Sơn Mỹ'),
	(594, 23268, 'Xã Tân Phước'),
	(602, 23272, 'Xã Ngũ Phụng'),
	(602, 23275, 'Xã Long Hải'),
	(602, 23278, 'Xã Tam Thanh'),
	(608, 23281, 'Phường Quang Trung'),
	(608, 23284, 'Phường Duy Tân'),
	(608, 23287, 'Phường Quyết Thắng'),
	(608, 23290, 'Phường Trường Chinh'),
	(608, 23293, 'Phường Thắng Lợi'),
	(608, 23296, 'Phường Ngô Mây'),
	(608, 23299, 'Phường Thống Nhất'),
	(608, 23302, 'Phường Lê Lợi'),
	(608, 23305, 'Phường Nguyễn Trãi'),
	(608, 23308, 'Phường Trần Hưng Đạo'),
	(608, 23311, 'Xã Đắk Cấm'),
	(608, 23314, 'Xã Kroong'),
	(608, 23317, 'Xã Ngọk Bay'),
	(608, 23320, 'Xã Vinh Quang'),
	(608, 23323, 'Xã Đắk Blà'),
	(608, 23326, 'Xã Ia Chim'),
	(608, 23327, 'Xã Đăk Năng'),
	(608, 23329, 'Xã Đoàn Kết'),
	(608, 23332, 'Xã Chư Hreng'),
	(608, 23335, 'Xã Đắk Rơ Wa'),
	(608, 23338, 'Xã Hòa Bình'),
	(610, 23341, 'Thị trấn Đắk Glei'),
	(610, 23344, 'Xã Đắk Blô'),
	(610, 23347, 'Xã Đắk Man'),
	(610, 23350, 'Xã Đắk Nhoong'),
	(610, 23353, 'Xã Đắk Pék'),
	(610, 23356, 'Xã Đắk Choong'),
	(610, 23359, 'Xã Xốp'),
	(610, 23362, 'Xã Mường Hoong'),
	(610, 23365, 'Xã Ngọc Linh'),
	(610, 23368, 'Xã Đắk Long'),
	(610, 23371, 'Xã Đắk KRoong'),
	(610, 23374, 'Xã Đắk Môn'),
	(611, 23377, 'Thị trấn Plei Kần'),
	(611, 23380, 'Xã Đắk Ang'),
	(611, 23383, 'Xã Đắk Dục'),
	(611, 23386, 'Xã Đắk Nông'),
	(611, 23389, 'Xã Đắk Xú'),
	(611, 23392, 'Xã Đắk Kan'),
	(611, 23395, 'Xã Bờ Y'),
	(611, 23398, 'Xã Sa Loong'),
	(612, 23401, 'Thị trấn Đắk Tô'),
	(617, 23404, 'Xã Ngọc Lây'),
	(617, 23407, 'Xã Đắk Na'),
	(617, 23410, 'Xã Măng Ri'),
	(617, 23413, 'Xã Ngọc Yêu'),
	(617, 23416, 'Xã Đắk Sao'),
	(617, 23417, 'Xã Đắk Rơ Ông'),
	(617, 23419, 'Xã Đắk Tờ Kan'),
	(617, 23422, 'Xã Tu Mơ Rông'),
	(617, 23425, 'Xã Đắk Hà'),
	(612, 23427, 'Xã Đắk Rơ Nga'),
	(612, 23428, 'Xã Ngọk Tụ'),
	(612, 23430, 'Xã Đắk Trăm'),
	(612, 23431, 'Xã Văn Lem'),
	(612, 23434, 'Xã Kon Đào'),
	(612, 23437, 'Xã Tân Cảnh'),
	(612, 23440, 'Xã Diên Bình'),
	(612, 23443, 'Xã Pô Kô'),
	(617, 23446, 'Xã Tê Xăng'),
	(617, 23449, 'Xã Văn Xuôi'),
	(613, 23452, 'Xã Đắk Nên'),
	(613, 23455, 'Xã Đắk Ring'),
	(613, 23458, 'Xã Măng Buk'),
	(613, 23461, 'Xã Đắk Tăng'),
	(613, 23464, 'Xã Ngok Tem'),
	(613, 23467, 'Xã Pờ Ê'),
	(613, 23470, 'Xã Măng Cành'),
	(613, 23473, 'Thị trấn Măng Đen'),
	(613, 23476, 'Xã Hiếu'),
	(614, 23479, 'Thị trấn Đắk Rve'),
	(614, 23482, 'Xã Đắk Kôi'),
	(614, 23485, 'Xã Đắk Tơ Lung'),
	(614, 23488, 'Xã Đắk Ruồng'),
	(614, 23491, 'Xã Đắk Pne'),
	(614, 23494, 'Xã Đắk Tờ Re'),
	(614, 23497, 'Xã Tân Lập'),
	(615, 23500, 'Thị trấn Đắk Hà'),
	(615, 23503, 'Xã Đắk PXi'),
	(615, 23504, 'Xã Đăk Long'),
	(615, 23506, 'Xã Đắk HRing'),
	(615, 23509, 'Xã Đắk Ui'),
	(615, 23510, 'Xã Đăk Ngọk'),
	(615, 23512, 'Xã Đắk Mar'),
	(615, 23515, 'Xã Ngok Wang'),
	(615, 23518, 'Xã Ngok Réo'),
	(615, 23521, 'Xã Hà Mòn'),
	(615, 23524, 'Xã Đắk La'),
	(616, 23527, 'Thị trấn Sa Thầy'),
	(616, 23530, 'Xã Rơ Kơi'),
	(616, 23533, 'Xã Sa Nhơn'),
	(616, 23534, 'Xã Hơ Moong'),
	(618, 23535, 'Xã Ia Đal'),
	(616, 23536, 'Xã Mô Rai'),
	(618, 23537, 'Xã Ia Dom'),
	(618, 23538, 'Xã Ia Tơi'),
	(616, 23539, 'Xã Sa Sơn'),
	(616, 23542, 'Xã Sa Nghĩa'),
	(616, 23545, 'Xã Sa Bình'),
	(616, 23548, 'Xã Ya Xiêr'),
	(616, 23551, 'Xã Ya Tăng'),
	(616, 23554, 'Xã Ya ly'),
	(622, 23557, 'Phường Yên Đỗ'),
	(622, 23560, 'Phường Diên Hồng'),
	(622, 23563, 'Phường Ia Kring'),
	(622, 23566, 'Phường Hội Thương'),
	(622, 23569, 'Phường Hội Phú'),
	(622, 23570, 'Phường Phù Đổng'),
	(622, 23572, 'Phường Hoa Lư'),
	(622, 23575, 'Phường Tây Sơn'),
	(622, 23578, 'Phường Thống Nhất'),
	(622, 23579, 'Phường Đống Đa'),
	(622, 23581, 'Phường Trà Bá'),
	(622, 23582, 'Phường Thắng Lợi'),
	(622, 23584, 'Phường Yên Thế'),
	(622, 23586, 'Phường Chi Lăng'),
	(622, 23590, 'Xã Biển Hồ'),
	(622, 23596, 'Xã Trà Đa'),
	(622, 23599, 'Xã Chư Á'),
	(622, 23602, 'Xã An Phú'),
	(622, 23605, 'Xã Diên Phú'),
	(622, 23608, 'Xã Ia Kênh'),
	(622, 23611, 'Xã Gào'),
	(623, 23614, 'Phường An Bình'),
	(623, 23617, 'Phường Tây Sơn'),
	(623, 23620, 'Phường An Phú'),
	(623, 23623, 'Phường An Tân'),
	(623, 23626, 'Xã Tú An'),
	(623, 23627, 'Xã Xuân An'),
	(623, 23629, 'Xã Cửu An'),
	(623, 23630, 'Phường An Phước'),
	(623, 23632, 'Xã Song An'),
	(623, 23633, 'Phường Ngô Mây'),
	(623, 23635, 'Xã Thành An'),
	(625, 23638, 'Thị trấn KBang'),
	(625, 23641, 'Xã Kon Pne'),
	(625, 23644, 'Xã Đăk Roong'),
	(625, 23647, 'Xã Sơn Lang'),
	(625, 23650, 'Xã KRong'),
	(625, 23653, 'Xã Sơ Pai'),
	(625, 23656, 'Xã Lơ Ku'),
	(625, 23659, 'Xã Đông'),
	(625, 23660, 'Xã Đak SMar'),
	(625, 23662, 'Xã Nghĩa An'),
	(625, 23665, 'Xã Tơ Tung'),
	(625, 23668, 'Xã Kông Lơng Khơng'),
	(625, 23674, 'Xã Kông Bơ La'),
	(626, 23677, 'Thị trấn Đăk Đoa'),
	(626, 23680, 'Xã Hà Đông'),
	(626, 23683, 'Xã Đăk Sơmei'),
	(626, 23684, 'Xã Đăk Krong'),
	(626, 23686, 'Xã Hải Yang'),
	(626, 23689, 'Xã Kon Gang'),
	(626, 23692, 'Xã Hà Bầu'),
	(626, 23695, 'Xã Nam Yang'),
	(626, 23698, 'Xã K\' Dang'),
	(626, 23701, 'Xã H\' Neng'),
	(626, 23704, 'Xã Tân Bình'),
	(626, 23707, 'Xã Glar'),
	(626, 23710, 'Xã A Dơk'),
	(626, 23713, 'Xã Trang'),
	(626, 23714, 'Xã HNol'),
	(626, 23716, 'Xã Ia Pết'),
	(626, 23719, 'Xã Ia Băng'),
	(627, 23722, 'Thị trấn Phú Hòa'),
	(627, 23725, 'Xã Hà Tây'),
	(627, 23728, 'Xã Ia Khươl'),
	(627, 23731, 'Xã Ia Phí'),
	(627, 23734, 'Thị trấn Ia Ly'),
	(627, 23737, 'Xã Ia Mơ Nông'),
	(627, 23738, 'Xã Ia Kreng'),
	(627, 23740, 'Xã Đăk Tơ Ver'),
	(627, 23743, 'Xã Hòa Phú'),
	(627, 23746, 'Xã Chư Đăng Ya'),
	(627, 23749, 'Xã Ia Ka'),
	(627, 23752, 'Xã Ia Nhin'),
	(627, 23755, 'Xã Nghĩa Hòa'),
	(627, 23761, 'Xã Nghĩa Hưng'),
	(628, 23764, 'Thị trấn Ia Kha'),
	(628, 23767, 'Xã Ia Sao'),
	(628, 23768, 'Xã Ia Yok'),
	(628, 23770, 'Xã Ia Hrung'),
	(628, 23771, 'Xã Ia Bă'),
	(628, 23773, 'Xã Ia Khai'),
	(628, 23776, 'Xã Ia KRai'),
	(628, 23778, 'Xã Ia Grăng'),
	(628, 23779, 'Xã Ia Tô'),
	(628, 23782, 'Xã Ia O'),
	(628, 23785, 'Xã Ia Dêr'),
	(628, 23788, 'Xã Ia Chia'),
	(628, 23791, 'Xã Ia Pếch'),
	(629, 23794, 'Thị trấn Kon Dơng'),
	(629, 23797, 'Xã Ayun'),
	(629, 23798, 'Xã Đak Jơ Ta'),
	(629, 23799, 'Xã Đak Ta Ley'),
	(629, 23800, 'Xã Hra'),
	(629, 23803, 'Xã Đăk Yă'),
	(629, 23806, 'Xã Đăk Djrăng'),
	(629, 23809, 'Xã Lơ Pang'),
	(629, 23812, 'Xã Kon Thụp'),
	(629, 23815, 'Xã Đê Ar'),
	(629, 23818, 'Xã Kon Chiêng'),
	(629, 23821, 'Xã Đăk Trôi'),
	(630, 23824, 'Thị trấn Kông Chro'),
	(630, 23827, 'Xã Chư Krêy'),
	(630, 23830, 'Xã An Trung'),
	(630, 23833, 'Xã Kông Yang'),
	(630, 23836, 'Xã Đăk Tơ Pang'),
	(630, 23839, 'Xã SRó'),
	(630, 23840, 'Xã Đắk Kơ Ning'),
	(630, 23842, 'Xã Đăk Song'),
	(630, 23843, 'Xã Đăk Pling'),
	(630, 23845, 'Xã Yang Trung'),
	(630, 23846, 'Xã Đăk Pơ Pho'),
	(630, 23848, 'Xã Ya Ma'),
	(630, 23851, 'Xã Chơ Long'),
	(630, 23854, 'Xã Yang Nam'),
	(631, 23857, 'Thị trấn Chư Ty'),
	(631, 23860, 'Xã Ia Dơk'),
	(631, 23863, 'Xã Ia Krêl'),
	(631, 23866, 'Xã Ia Din'),
	(631, 23869, 'Xã Ia Kla'),
	(631, 23872, 'Xã Ia Dom'),
	(631, 23875, 'Xã Ia Lang'),
	(631, 23878, 'Xã Ia Kriêng'),
	(631, 23881, 'Xã Ia Pnôn'),
	(631, 23884, 'Xã Ia Nan'),
	(632, 23887, 'Thị trấn Chư Prông'),
	(632, 23888, 'Xã Ia Kly'),
	(632, 23890, 'Xã Bình Giáo'),
	(632, 23893, 'Xã Ia Drăng'),
	(632, 23896, 'Xã Thăng Hưng'),
	(632, 23899, 'Xã Bàu Cạn'),
	(632, 23902, 'Xã Ia Phìn'),
	(632, 23905, 'Xã Ia Băng'),
	(632, 23908, 'Xã Ia Tôr'),
	(632, 23911, 'Xã Ia Boòng'),
	(632, 23914, 'Xã Ia O'),
	(632, 23917, 'Xã Ia Púch'),
	(632, 23920, 'Xã Ia Me'),
	(632, 23923, 'Xã Ia Vê'),
	(632, 23924, 'Xã Ia Bang'),
	(632, 23926, 'Xã Ia Pia'),
	(632, 23929, 'Xã Ia Ga'),
	(632, 23932, 'Xã Ia Lâu'),
	(632, 23935, 'Xã Ia Piơr'),
	(632, 23938, 'Xã Ia Mơ'),
	(633, 23941, 'Thị trấn Chư Sê'),
	(639, 23942, 'Thị trấn Nhơn Hoà'),
	(633, 23944, 'Xã Ia Tiêm'),
	(633, 23945, 'Xã Chư Pơng'),
	(633, 23946, 'Xã Bar Măih'),
	(633, 23947, 'Xã Bờ Ngoong'),
	(633, 23950, 'Xã Ia Glai'),
	(633, 23953, 'Xã AL Bá'),
	(633, 23954, 'Xã Kông HTok'),
	(633, 23956, 'Xã AYun'),
	(633, 23959, 'Xã Ia HLốp'),
	(633, 23962, 'Xã Ia Blang'),
	(633, 23965, 'Xã Dun'),
	(633, 23966, 'Xã Ia Pal'),
	(633, 23968, 'Xã H Bông'),
	(639, 23971, 'Xã Ia Hrú'),
	(639, 23972, 'Xã Ia Rong'),
	(639, 23974, 'Xã Ia Dreng'),
	(633, 23977, 'Xã Ia Ko'),
	(639, 23978, 'Xã Ia Hla'),
	(639, 23980, 'Xã Chư Don'),
	(639, 23983, 'Xã Ia Phang'),
	(639, 23986, 'Xã Ia Le'),
	(639, 23987, 'Xã Ia BLứ'),
	(634, 23989, 'Xã Hà Tam'),
	(634, 23992, 'Xã An Thành'),
	(634, 23995, 'Thị trấn Đak Pơ'),
	(634, 23998, 'Xã Yang Bắc'),
	(634, 24001, 'Xã Cư An'),
	(634, 24004, 'Xã Tân An'),
	(634, 24007, 'Xã Phú An'),
	(634, 24010, 'Xã Ya Hội'),
	(635, 24013, 'Xã Pờ Tó'),
	(635, 24016, 'Xã Chư Răng'),
	(635, 24019, 'Xã Ia KDăm'),
	(635, 24022, 'Xã Kim Tân'),
	(635, 24025, 'Xã Chư Mố'),
	(635, 24028, 'Xã Ia Tul'),
	(635, 24031, 'Xã Ia Ma Rơn'),
	(635, 24034, 'Xã Ia Broăi'),
	(635, 24037, 'Xã Ia Trok'),
	(624, 24041, 'Phường Cheo Reo'),
	(624, 24042, 'Phường Hòa Bình'),
	(638, 24043, 'Thị trấn Phú Thiện'),
	(624, 24044, 'Phường Đoàn Kết'),
	(624, 24045, 'Phường Sông Bờ'),
	(638, 24046, 'Xã Chư A Thai'),
	(638, 24048, 'Xã Ayun Hạ'),
	(638, 24049, 'Xã Ia Ake'),
	(638, 24052, 'Xã Ia Sol'),
	(638, 24055, 'Xã Ia Piar'),
	(638, 24058, 'Xã Ia Peng'),
	(638, 24060, 'Xã Chrôh Pơnan'),
	(638, 24061, 'Xã Ia Hiao'),
	(624, 24064, 'Xã Ia RBol'),
	(624, 24065, 'Xã Chư Băh'),
	(638, 24067, 'Xã Ia Yeng'),
	(624, 24070, 'Xã Ia RTô'),
	(624, 24073, 'Xã Ia Sao'),
	(637, 24076, 'Thị trấn Phú Túc'),
	(637, 24079, 'Xã Ia RSai'),
	(637, 24082, 'Xã Ia RSươm'),
	(637, 24085, 'Xã Chư Gu'),
	(637, 24088, 'Xã Đất Bằng'),
	(637, 24091, 'Xã Ia Mláh'),
	(637, 24094, 'Xã Chư Drăng'),
	(637, 24097, 'Xã Phú Cần'),
	(637, 24100, 'Xã Ia HDreh'),
	(637, 24103, 'Xã Ia RMok'),
	(637, 24106, 'Xã Chư Ngọc'),
	(637, 24109, 'Xã Uar'),
	(637, 24112, 'Xã Chư Rcăm'),
	(637, 24115, 'Xã Krông Năng'),
	(643, 24118, 'Phường Tân Lập'),
	(643, 24121, 'Phường Tân Hòa'),
	(643, 24124, 'Phường Tân An'),
	(643, 24130, 'Phường Thành Nhất'),
	(643, 24133, 'Phường Thành Công'),
	(643, 24136, 'Phường Tân Lợi'),
	(643, 24142, 'Phường Tân Thành'),
	(643, 24145, 'Phường Tân Tiến'),
	(643, 24148, 'Phường Tự An'),
	(643, 24151, 'Phường Ea Tam'),
	(643, 24154, 'Phường Khánh Xuân'),
	(643, 24157, 'Xã Hòa Thuận'),
	(643, 24160, 'Xã Cư ÊBur'),
	(643, 24163, 'Xã Ea Tu'),
	(643, 24166, 'Xã Hòa Thắng'),
	(643, 24169, 'Xã Ea Kao'),
	(643, 24172, 'Xã Hòa Phú'),
	(643, 24175, 'Xã Hòa Khánh'),
	(643, 24178, 'Xã Hòa Xuân'),
	(645, 24181, 'Thị trấn Ea Drăng'),
	(645, 24184, 'Xã Ea H\'leo'),
	(645, 24187, 'Xã Ea Sol'),
	(645, 24190, 'Xã Ea Ral'),
	(645, 24193, 'Xã Ea Wy'),
	(645, 24194, 'Xã Cư A Mung'),
	(645, 24196, 'Xã Cư Mốt'),
	(645, 24199, 'Xã Ea Hiao'),
	(645, 24202, 'Xã Ea Khal'),
	(645, 24205, 'Xã Dliê Yang'),
	(645, 24207, 'Xã Ea Tir'),
	(645, 24208, 'Xã Ea Nam'),
	(646, 24211, 'Thị trấn Ea Súp'),
	(646, 24214, 'Xã Ia Lốp'),
	(646, 24215, 'Xã Ia JLơi'),
	(646, 24217, 'Xã Ea Rốk'),
	(646, 24220, 'Xã Ya Tờ Mốt'),
	(646, 24221, 'Xã Ia RVê'),
	(646, 24223, 'Xã Ea Lê'),
	(646, 24226, 'Xã Cư KBang'),
	(646, 24229, 'Xã Ea Bung'),
	(646, 24232, 'Xã Cư M\'Lan'),
	(647, 24235, 'Xã Krông Na'),
	(647, 24238, 'Xã Ea Huar'),
	(647, 24241, 'Xã Ea Wer'),
	(647, 24244, 'Xã Tân Hoà'),
	(647, 24247, 'Xã Cuôr KNia'),
	(647, 24250, 'Xã Ea Bar'),
	(647, 24253, 'Xã Ea Nuôl'),
	(648, 24256, 'Thị trấn Ea Pốk'),
	(648, 24259, 'Thị trấn Quảng Phú'),
	(648, 24262, 'Xã Quảng Tiến'),
	(648, 24264, 'Xã Ea Kuêh'),
	(648, 24265, 'Xã Ea Kiết'),
	(648, 24268, 'Xã Ea Tar'),
	(648, 24271, 'Xã Cư Dliê M\'nông'),
	(648, 24274, 'Xã Ea H\'đinh'),
	(648, 24277, 'Xã Ea Tul'),
	(648, 24280, 'Xã Ea KPam'),
	(648, 24283, 'Xã Ea M\'DRóh'),
	(648, 24286, 'Xã Quảng Hiệp'),
	(648, 24289, 'Xã Cư M\'gar'),
	(648, 24292, 'Xã Ea D\'Rơng'),
	(648, 24295, 'Xã Ea M\'nang'),
	(648, 24298, 'Xã Cư Suê'),
	(648, 24301, 'Xã Cuor Đăng'),
	(644, 24305, 'Phường An Lạc'),
	(649, 24307, 'Xã Cư Né'),
	(644, 24308, 'Phường An Bình'),
	(649, 24310, 'Xã Chư KBô'),
	(644, 24311, 'Phường Thiện An'),
	(649, 24313, 'Xã Cư Pơng'),
	(649, 24314, 'Xã Ea Sin'),
	(649, 24316, 'Thị trấn Pơng Drang'),
	(649, 24317, 'Xã Tân Lập'),
	(644, 24318, 'Phường Đạt Hiếu'),
	(649, 24319, 'Xã Ea Ngai'),
	(644, 24322, 'Phường Đoàn Kết'),
	(644, 24328, 'Xã Ea Drông'),
	(644, 24331, 'Phường Thống Nhất'),
	(644, 24332, 'Phường Bình Tân'),
	(644, 24334, 'Xã Ea Siên'),
	(644, 24337, 'Xã Bình Thuận'),
	(644, 24340, 'Xã Cư Bao'),
	(650, 24343, 'Thị trấn Krông Năng'),
	(650, 24346, 'Xã ĐLiê Ya'),
	(650, 24349, 'Xã Ea Tóh'),
	(650, 24352, 'Xã Ea Tam'),
	(650, 24355, 'Xã Phú Lộc'),
	(650, 24358, 'Xã Tam Giang'),
	(650, 24359, 'Xã Ea Puk'),
	(650, 24360, 'Xã Ea Dăh'),
	(650, 24361, 'Xã Ea Hồ'),
	(650, 24364, 'Xã Phú Xuân'),
	(650, 24367, 'Xã Cư Klông'),
	(650, 24370, 'Xã Ea Tân'),
	(651, 24373, 'Thị trấn Ea Kar'),
	(651, 24376, 'Thị trấn Ea Knốp'),
	(651, 24379, 'Xã Ea Sô'),
	(651, 24380, 'Xã Ea Sar'),
	(651, 24382, 'Xã Xuân Phú'),
	(651, 24385, 'Xã Cư Huê'),
	(651, 24388, 'Xã Ea Tih'),
	(651, 24391, 'Xã Ea Đar'),
	(651, 24394, 'Xã Ea Kmút'),
	(651, 24397, 'Xã Cư Ni'),
	(651, 24400, 'Xã Ea Păl'),
	(651, 24401, 'Xã Cư Prông'),
	(651, 24403, 'Xã Ea Ô'),
	(651, 24404, 'Xã Cư ELang'),
	(651, 24406, 'Xã Cư Bông'),
	(651, 24409, 'Xã Cư Jang'),
	(652, 24412, 'Thị trấn M\'Đrắk'),
	(652, 24415, 'Xã Cư Prao'),
	(652, 24418, 'Xã Ea Pil'),
	(652, 24421, 'Xã Ea Lai'),
	(652, 24424, 'Xã Ea H\'MLay'),
	(652, 24427, 'Xã Krông Jing'),
	(652, 24430, 'Xã Ea M\' Doal'),
	(652, 24433, 'Xã Ea Riêng'),
	(652, 24436, 'Xã Cư M\'ta'),
	(652, 24439, 'Xã Cư K Róa'),
	(652, 24442, 'Xã Krông Á'),
	(652, 24444, 'Xã Cư San'),
	(652, 24445, 'Xã Ea Trang'),
	(653, 24448, 'Thị trấn Krông Kmar'),
	(653, 24451, 'Xã Dang Kang'),
	(653, 24454, 'Xã Cư KTy'),
	(653, 24457, 'Xã Hòa Thành'),
	(653, 24463, 'Xã Hòa Phong'),
	(653, 24466, 'Xã Hòa Lễ'),
	(653, 24469, 'Xã Yang Reh'),
	(653, 24472, 'Xã Ea Trul'),
	(653, 24475, 'Xã Khuê Ngọc Điền'),
	(653, 24478, 'Xã Cư Pui'),
	(653, 24481, 'Xã Hòa Sơn'),
	(653, 24484, 'Xã Cư Drăm'),
	(653, 24487, 'Xã Yang Mao'),
	(654, 24490, 'Thị trấn Phước An'),
	(654, 24493, 'Xã KRông Búk'),
	(654, 24496, 'Xã Ea Kly'),
	(654, 24499, 'Xã Ea Kênh'),
	(654, 24502, 'Xã Ea Phê'),
	(654, 24505, 'Xã Ea KNuec'),
	(654, 24508, 'Xã Ea Yông'),
	(654, 24511, 'Xã Hòa An'),
	(654, 24514, 'Xã Ea Kuăng'),
	(654, 24517, 'Xã Hòa Đông'),
	(654, 24520, 'Xã Ea Hiu'),
	(654, 24523, 'Xã Hòa Tiến'),
	(654, 24526, 'Xã Tân Tiến'),
	(654, 24529, 'Xã Vụ Bổn'),
	(654, 24532, 'Xã Ea Uy'),
	(654, 24535, 'Xã Ea Yiêng'),
	(655, 24538, 'Thị trấn Buôn Trấp'),
	(657, 24540, 'Xã Ea Ning'),
	(657, 24541, 'Xã Cư Ê Wi'),
	(657, 24544, 'Xã Ea Ktur'),
	(657, 24547, 'Xã Ea Tiêu'),
	(657, 24550, 'Xã Ea BHốk'),
	(657, 24553, 'Xã Ea Hu'),
	(655, 24556, 'Xã Dray Sáp'),
	(655, 24559, 'Xã Ea Na'),
	(657, 24561, 'Xã Dray Bhăng'),
	(657, 24562, 'Xã Hòa Hiệp'),
	(655, 24565, 'Xã Ea Bông'),
	(655, 24568, 'Xã Băng A Drênh'),
	(655, 24571, 'Xã Dur KMăl'),
	(655, 24574, 'Xã Bình Hòa'),
	(655, 24577, 'Xã Quảng Điền'),
	(656, 24580, 'Thị trấn Liên Sơn'),
	(656, 24583, 'Xã Yang Tao'),
	(656, 24586, 'Xã Bông Krang'),
	(656, 24589, 'Xã Đắk Liêng'),
	(656, 24592, 'Xã Buôn Triết'),
	(656, 24595, 'Xã Buôn Tría'),
	(656, 24598, 'Xã Đắk Phơi'),
	(656, 24601, 'Xã Đắk Nuê'),
	(656, 24604, 'Xã Krông Nô'),
	(656, 24607, 'Xã Nam Ka'),
	(656, 24610, 'Xã Ea R\'Bin'),
	(660, 24611, 'Phường Nghĩa Đức'),
	(660, 24612, 'Phường Nghĩa Thành'),
	(660, 24614, 'Phường Nghĩa Phú'),
	(660, 24615, 'Phường Nghĩa Tân'),
	(661, 24616, 'Xã Quảng Sơn'),
	(660, 24617, 'Phường Nghĩa Trung'),
	(660, 24618, 'Xã Đăk R\'Moan'),
	(660, 24619, 'Phường Quảng Thành'),
	(661, 24620, 'Xã Quảng Hoà'),
	(661, 24622, 'Xã Đắk Ha'),
	(661, 24625, 'Xã Đắk R\'Măng'),
	(660, 24628, 'Xã Đắk Nia'),
	(661, 24631, 'Xã Quảng Khê'),
	(661, 24634, 'Xã Đắk Plao'),
	(661, 24637, 'Xã Đắk Som'),
	(662, 24640, 'Thị trấn Ea T\'Ling'),
	(662, 24643, 'Xã Đắk Wil'),
	(662, 24646, 'Xã Ea Pô'),
	(662, 24649, 'Xã Nam Dong'),
	(662, 24652, 'Xã Đắk DRông'),
	(662, 24655, 'Xã Tâm Thắng'),
	(662, 24658, 'Xã Cư Knia'),
	(662, 24661, 'Xã Trúc Sơn'),
	(663, 24664, 'Thị trấn Đắk Mil'),
	(663, 24667, 'Xã Đắk Lao'),
	(663, 24670, 'Xã Đắk R\'La'),
	(663, 24673, 'Xã Đắk Gằn'),
	(663, 24676, 'Xã Đức Mạnh'),
	(663, 24677, 'Xã Đắk N\'Drót'),
	(663, 24678, 'Xã Long Sơn'),
	(663, 24679, 'Xã Đắk Sắk'),
	(663, 24682, 'Xã Thuận An'),
	(663, 24685, 'Xã Đức Minh'),
	(664, 24688, 'Thị trấn Đắk Mâm'),
	(664, 24691, 'Xã Đắk Sôr'),
	(664, 24692, 'Xã Nam Xuân'),
	(664, 24694, 'Xã Buôn Choah'),
	(664, 24697, 'Xã Nam Đà'),
	(664, 24699, 'Xã Tân Thành'),
	(664, 24700, 'Xã Đắk Drô'),
	(664, 24703, 'Xã Nâm Nung'),
	(664, 24706, 'Xã Đức Xuyên'),
	(664, 24709, 'Xã Đắk Nang'),
	(664, 24712, 'Xã Quảng Phú'),
	(664, 24715, 'Xã Nâm N\'Đir'),
	(665, 24717, 'Thị trấn Đức An'),
	(665, 24718, 'Xã Đắk Môl'),
	(665, 24719, 'Xã Đắk Hòa'),
	(665, 24721, 'Xã Nam Bình'),
	(665, 24722, 'Xã Thuận Hà'),
	(665, 24724, 'Xã Thuận Hạnh'),
	(665, 24727, 'Xã Đắk N\'Dung'),
	(665, 24728, 'Xã Nâm N\'Jang'),
	(665, 24730, 'Xã Trường Xuân'),
	(666, 24733, 'Thị trấn Kiến Đức'),
	(667, 24736, 'Xã Quảng Trực'),
	(667, 24739, 'Xã Đắk Búk So'),
	(667, 24740, 'Xã Quảng Tâm'),
	(667, 24742, 'Xã Đắk R\'Tíh'),
	(666, 24745, 'Xã Quảng Tín'),
	(667, 24746, 'Xã Đắk Ngo'),
	(667, 24748, 'Xã Quảng Tân'),
	(666, 24750, 'Xã Đắk Wer'),
	(666, 24751, 'Xã Nhân Cơ'),
	(666, 24754, 'Xã Kiến Thành'),
	(666, 24756, 'Xã Nghĩa Thắng'),
	(666, 24757, 'Xã Đạo Nghĩa'),
	(666, 24760, 'Xã Đắk Sin'),
	(666, 24761, 'Xã Hưng Bình'),
	(666, 24763, 'Xã Đắk Ru'),
	(666, 24766, 'Xã Nhân Đạo'),
	(672, 24769, 'Phường 7'),
	(672, 24772, 'Phường 8'),
	(672, 24775, 'Phường 12'),
	(672, 24778, 'Phường 9'),
	(672, 24781, 'Phường 2'),
	(672, 24784, 'Phường 1'),
	(672, 24787, 'Phường 6'),
	(672, 24790, 'Phường 5'),
	(672, 24793, 'Phường 4'),
	(672, 24796, 'Phường 10'),
	(672, 24799, 'Phường 11'),
	(672, 24802, 'Phường 3'),
	(672, 24805, 'Xã Xuân Thọ'),
	(672, 24808, 'Xã Tà Nung'),
	(672, 24810, 'Xã Trạm Hành'),
	(672, 24811, 'Xã Xuân Trường'),
	(673, 24814, 'Phường Lộc Phát'),
	(673, 24817, 'Phường Lộc Tiến'),
	(673, 24820, 'Phường 2'),
	(673, 24823, 'Phường 1'),
	(673, 24826, 'Phường B\'lao'),
	(673, 24829, 'Phường Lộc Sơn'),
	(673, 24832, 'Xã Đạm Bri'),
	(673, 24835, 'Xã Lộc Thanh'),
	(673, 24838, 'Xã Lộc Nga'),
	(673, 24841, 'Xã Lộc Châu'),
	(673, 24844, 'Xã Đại Lào'),
	(675, 24846, 'Thị trấn Lạc Dương'),
	(675, 24847, 'Xã Đạ Chais'),
	(675, 24848, 'Xã Đạ Nhim'),
	(675, 24850, 'Xã Đưng KNớ'),
	(674, 24853, 'Xã Đạ Tông'),
	(674, 24856, 'Xã Đạ Long'),
	(674, 24859, 'Xã Đạ M\' Rong'),
	(675, 24862, 'Xã Lát'),
	(675, 24865, 'Xã Đạ Sar'),
	(676, 24868, 'Thị trấn Nam Ban'),
	(676, 24871, 'Thị trấn Đinh Văn'),
	(674, 24874, 'Xã Liêng Srônh'),
	(674, 24875, 'Xã Đạ Rsal'),
	(674, 24877, 'Xã Rô Men'),
	(676, 24880, 'Xã Phú Sơn'),
	(676, 24883, 'Xã Phi Tô'),
	(674, 24886, 'Xã Phi Liêng'),
	(674, 24889, 'Xã Đạ K\' Nàng'),
	(676, 24892, 'Xã Mê Linh'),
	(676, 24895, 'Xã Đạ Đờn'),
	(676, 24898, 'Xã Phúc Thọ'),
	(676, 24901, 'Xã Đông Thanh'),
	(676, 24904, 'Xã Gia Lâm'),
	(676, 24907, 'Xã Tân Thanh'),
	(676, 24910, 'Xã Tân Văn'),
	(676, 24913, 'Xã Hoài Đức'),
	(676, 24916, 'Xã Tân Hà'),
	(676, 24919, 'Xã Liên Hà'),
	(676, 24922, 'Xã Đan Phượng'),
	(676, 24925, 'Xã Nam Hà'),
	(677, 24928, 'Thị trấn D\'Ran'),
	(677, 24931, 'Thị trấn Thạnh Mỹ'),
	(677, 24934, 'Xã Lạc Xuân'),
	(677, 24937, 'Xã Đạ Ròn'),
	(677, 24940, 'Xã Lạc Lâm'),
	(677, 24943, 'Xã Ka Đô'),
	(677, 24949, 'Xã Ka Đơn'),
	(677, 24952, 'Xã Tu Tra'),
	(677, 24955, 'Xã Quảng Lập'),
	(678, 24958, 'Thị trấn Liên Nghĩa'),
	(678, 24961, 'Xã Hiệp An'),
	(678, 24964, 'Xã Liên Hiệp'),
	(678, 24967, 'Xã Hiệp Thạnh'),
	(678, 24970, 'Xã Bình Thạnh'),
	(678, 24973, 'Xã N\'Thol Hạ'),
	(678, 24976, 'Xã Tân Hội'),
	(678, 24979, 'Xã Tân Thành'),
	(678, 24982, 'Xã Phú Hội'),
	(678, 24985, 'Xã Ninh Gia'),
	(678, 24988, 'Xã Tà Năng'),
	(678, 24989, 'Xã Đa Quyn'),
	(678, 24991, 'Xã Tà Hine'),
	(678, 24994, 'Xã Đà Loan'),
	(678, 24997, 'Xã Ninh Loan'),
	(679, 25000, 'Thị trấn Di Linh'),
	(679, 25003, 'Xã Đinh Trang Thượng'),
	(679, 25006, 'Xã Tân Thượng'),
	(679, 25007, 'Xã Tân Lâm'),
	(679, 25009, 'Xã Tân Châu'),
	(679, 25012, 'Xã Tân Nghĩa'),
	(679, 25015, 'Xã Gia Hiệp'),
	(679, 25018, 'Xã Đinh Lạc'),
	(679, 25021, 'Xã Tam Bố'),
	(679, 25024, 'Xã Đinh Trang Hòa'),
	(679, 25027, 'Xã Liên Đầm'),
	(679, 25030, 'Xã Gung Ré'),
	(679, 25033, 'Xã Bảo Thuận'),
	(679, 25036, 'Xã Hòa Ninh'),
	(679, 25039, 'Xã Hòa Trung'),
	(679, 25042, 'Xã Hòa Nam'),
	(679, 25045, 'Xã Hòa Bắc'),
	(679, 25048, 'Xã Sơn Điền'),
	(679, 25051, 'Xã Gia Bắc'),
	(680, 25054, 'Thị trấn Lộc Thắng'),
	(680, 25057, 'Xã Lộc Bảo'),
	(680, 25060, 'Xã Lộc Lâm'),
	(680, 25063, 'Xã Lộc Phú'),
	(680, 25066, 'Xã Lộc Bắc'),
	(680, 25069, 'Xã B\' Lá'),
	(680, 25072, 'Xã Lộc Ngãi'),
	(680, 25075, 'Xã Lộc Quảng'),
	(680, 25078, 'Xã Lộc Tân'),
	(680, 25081, 'Xã Lộc Đức'),
	(680, 25084, 'Xã Lộc An'),
	(680, 25087, 'Xã Tân Lạc'),
	(680, 25090, 'Xã Lộc Thành'),
	(680, 25093, 'Xã Lộc Nam'),
	(682, 25096, 'Thị trấn Đạ M\'ri'),
	(682, 25099, 'Thị trấn Ma Đa Guôi'),
	(682, 25102, 'Xã Đạ M\'ri'),
	(682, 25105, 'Xã Hà Lâm'),
	(682, 25111, 'Xã Đạ Oai'),
	(682, 25114, 'Xã Bà Gia'),
	(682, 25117, 'Xã Ma Đa Guôi'),
	(682, 25126, 'Thị trấn Đạ Tẻh'),
	(682, 25129, 'Xã An Nhơn'),
	(682, 25132, 'Xã Quốc Oai'),
	(682, 25135, 'Xã Mỹ Đức'),
	(682, 25138, 'Xã Quảng Trị'),
	(682, 25141, 'Xã Đạ Lây'),
	(682, 25153, 'Xã Đạ Kho'),
	(682, 25156, 'Xã Đạ Pal'),
	(682, 25159, 'Thị trấn Cát Tiên'),
	(682, 25162, 'Xã Tiên Hoàng'),
	(682, 25165, 'Xã Phước Cát 2'),
	(682, 25168, 'Xã Gia Viễn'),
	(682, 25171, 'Xã Nam Ninh'),
	(682, 25174, 'Xã Mỹ Lâm'),
	(682, 25177, 'Xã Tư Nghĩa'),
	(682, 25180, 'Thị trấn Phước Cát'),
	(682, 25183, 'Xã Đức Phổ'),
	(682, 25186, 'Xã Phù Mỹ'),
	(682, 25189, 'Xã Quảng Ngãi'),
	(682, 25192, 'Xã Đồng Nai Thượng'),
	(689, 25195, 'Phường Tân Phú'),
	(689, 25198, 'Phường Tân Đồng'),
	(689, 25201, 'Phường Tân Bình'),
	(689, 25204, 'Phường Tân Xuân'),
	(689, 25205, 'Phường Tân Thiện'),
	(689, 25207, 'Xã Tân Thành'),
	(689, 25210, 'Phường Tiến Thành'),
	(689, 25213, 'Xã Tiến Hưng'),
	(688, 25216, 'Phường Thác Mơ'),
	(688, 25217, 'Phường Long Thủy'),
	(688, 25219, 'Phường Phước Bình'),
	(688, 25220, 'Phường Long Phước'),
	(691, 25222, 'Xã Bù Gia Mập'),
	(691, 25225, 'Xã Đak Ơ'),
	(691, 25228, 'Xã Đức Hạnh'),
	(691, 25229, 'Xã Phú Văn'),
	(691, 25231, 'Xã Đa Kia'),
	(691, 25232, 'Xã Phước Minh'),
	(691, 25234, 'Xã Bình Thắng'),
	(688, 25237, 'Phường Sơn Giang'),
	(698, 25240, 'Xã Long Bình'),
	(698, 25243, 'Xã Bình Tân'),
	(698, 25244, 'Xã Bình Sơn'),
	(688, 25245, 'Xã Long Giang'),
	(698, 25246, 'Xã Long Hưng'),
	(688, 25249, 'Xã Phước Tín'),
	(698, 25250, 'Xã Phước Tân'),
	(698, 25252, 'Xã Bù Nho'),
	(698, 25255, 'Xã Long Hà'),
	(698, 25258, 'Xã Long Tân'),
	(698, 25261, 'Xã Phú Trung'),
	(698, 25264, 'Xã Phú Riềng'),
	(691, 25267, 'Xã Phú Nghĩa'),
	(692, 25270, 'Thị trấn Lộc Ninh'),
	(692, 25273, 'Xã Lộc Hòa'),
	(692, 25276, 'Xã Lộc An'),
	(692, 25279, 'Xã Lộc Tấn'),
	(692, 25280, 'Xã Lộc Thạnh'),
	(692, 25282, 'Xã Lộc Hiệp'),
	(692, 25285, 'Xã Lộc Thiện'),
	(692, 25288, 'Xã Lộc Thuận'),
	(692, 25291, 'Xã Lộc Quang'),
	(692, 25292, 'Xã Lộc Phú'),
	(692, 25294, 'Xã Lộc Thành'),
	(692, 25297, 'Xã Lộc Thái'),
	(692, 25300, 'Xã Lộc Điền'),
	(692, 25303, 'Xã Lộc Hưng'),
	(692, 25305, 'Xã Lộc Thịnh'),
	(692, 25306, 'Xã Lộc Khánh'),
	(693, 25308, 'Thị trấn Thanh Bình'),
	(693, 25309, 'Xã Hưng Phước'),
	(693, 25310, 'Xã Phước Thiện'),
	(693, 25312, 'Xã Thiện Hưng'),
	(693, 25315, 'Xã Thanh Hòa'),
	(693, 25318, 'Xã Tân Thành'),
	(690, 25320, 'Phường Hưng Chiến'),
	(693, 25321, 'Xã Tân Tiến'),
	(690, 25324, 'Phường An Lộc'),
	(690, 25325, 'Phường Phú Thịnh'),
	(690, 25326, 'Phường Phú Đức'),
	(694, 25327, 'Xã Thanh An'),
	(694, 25330, 'Xã An Khương'),
	(690, 25333, 'Xã Thanh Lương'),
	(690, 25336, 'Xã Thanh Phú'),
	(694, 25339, 'Xã An Phú'),
	(694, 25342, 'Xã Tân Lợi'),
	(694, 25345, 'Xã Tân Hưng'),
	(694, 25348, 'Xã Minh Đức'),
	(694, 25349, 'Xã Minh Tâm'),
	(694, 25351, 'Xã Phước An'),
	(694, 25354, 'Xã Thanh Bình'),
	(694, 25357, 'Thị trấn Tân Khai'),
	(694, 25360, 'Xã Đồng Nơ'),
	(694, 25361, 'Xã Tân Hiệp'),
	(695, 25363, 'Thị trấn Tân Phú'),
	(695, 25366, 'Xã Thuận Lợi'),
	(695, 25369, 'Xã Đồng Tâm'),
	(695, 25372, 'Xã Tân Phước'),
	(695, 25375, 'Xã Tân Hưng'),
	(695, 25378, 'Xã Tân Lợi'),
	(695, 25381, 'Xã Tân Lập'),
	(695, 25384, 'Xã Tân Hòa'),
	(695, 25387, 'Xã Thuận Phú'),
	(695, 25390, 'Xã Đồng Tiến'),
	(695, 25393, 'Xã Tân Tiến'),
	(696, 25396, 'Thị trấn Đức Phong'),
	(696, 25398, 'Xã Đường 10'),
	(696, 25399, 'Xã Đak Nhau'),
	(696, 25400, 'Xã Phú Sơn'),
	(696, 25402, 'Xã Thọ Sơn'),
	(696, 25404, 'Xã Bình Minh'),
	(696, 25405, 'Xã Bom Bo'),
	(696, 25408, 'Xã Minh Hưng'),
	(696, 25411, 'Xã Đoàn Kết'),
	(696, 25414, 'Xã Đồng Nai'),
	(696, 25417, 'Xã Đức Liễu'),
	(696, 25420, 'Xã Thống Nhất'),
	(696, 25423, 'Xã Nghĩa Trung'),
	(696, 25424, 'Xã Nghĩa Bình'),
	(696, 25426, 'Xã Đăng Hà'),
	(696, 25429, 'Xã Phước Sơn'),
	(697, 25432, 'Phường Hưng Long'),
	(697, 25433, 'Phường Thành Tâm'),
	(697, 25435, 'Xã Minh Lập'),
	(694, 25438, 'Xã Tân Quan'),
	(697, 25439, 'Xã Quang Minh'),
	(697, 25441, 'Phường Minh Hưng'),
	(697, 25444, 'Phường Minh Long'),
	(697, 25447, 'Phường Minh Thành'),
	(697, 25450, 'Xã Nha Bích'),
	(697, 25453, 'Xã Minh Thắng'),
	(703, 25456, 'Phường 1'),
	(703, 25459, 'Phường 3'),
	(703, 25462, 'Phường 4'),
	(703, 25465, 'Phường Hiệp Ninh'),
	(703, 25468, 'Phường 2'),
	(703, 25471, 'Xã Thạnh Tân'),
	(703, 25474, 'Xã Tân Bình'),
	(703, 25477, 'Xã Bình Minh'),
	(703, 25480, 'Phường Ninh Sơn'),
	(703, 25483, 'Phường Ninh Thạnh'),
	(705, 25486, 'Thị trấn Tân Biên'),
	(705, 25489, 'Xã Tân Lập'),
	(705, 25492, 'Xã Thạnh Bắc'),
	(705, 25495, 'Xã Tân Bình'),
	(705, 25498, 'Xã Thạnh Bình'),
	(705, 25501, 'Xã Thạnh Tây'),
	(705, 25504, 'Xã Hòa Hiệp'),
	(705, 25507, 'Xã Tân Phong'),
	(705, 25510, 'Xã Mỏ Công'),
	(705, 25513, 'Xã Trà Vong'),
	(706, 25516, 'Thị trấn Tân Châu'),
	(706, 25519, 'Xã Tân Hà'),
	(706, 25522, 'Xã Tân Đông'),
	(706, 25525, 'Xã Tân Hội'),
	(706, 25528, 'Xã Tân Hòa'),
	(706, 25531, 'Xã Suối Ngô'),
	(706, 25534, 'Xã Suối Dây'),
	(706, 25537, 'Xã Tân Hiệp'),
	(706, 25540, 'Xã Thạnh Đông'),
	(706, 25543, 'Xã Tân Thành'),
	(706, 25546, 'Xã Tân Phú'),
	(706, 25549, 'Xã Tân Hưng'),
	(707, 25552, 'Thị trấn Dương Minh Châu'),
	(707, 25555, 'Xã Suối Đá'),
	(707, 25558, 'Xã Phan'),
	(707, 25561, 'Xã Phước Ninh'),
	(707, 25564, 'Xã Phước Minh'),
	(707, 25567, 'Xã Bàu Năng'),
	(707, 25570, 'Xã Chà Là'),
	(707, 25573, 'Xã Cầu Khởi'),
	(707, 25576, 'Xã Bến Củi'),
	(707, 25579, 'Xã Lộc Ninh'),
	(707, 25582, 'Xã Truông Mít'),
	(708, 25585, 'Thị trấn Châu Thành'),
	(708, 25588, 'Xã Hảo Đước'),
	(708, 25591, 'Xã Phước Vinh'),
	(708, 25594, 'Xã Đồng Khởi'),
	(708, 25597, 'Xã Thái Bình'),
	(708, 25600, 'Xã An Cơ'),
	(708, 25603, 'Xã Biên Giới'),
	(708, 25606, 'Xã Hòa Thạnh'),
	(708, 25609, 'Xã Trí Bình'),
	(708, 25612, 'Xã Hòa Hội'),
	(708, 25615, 'Xã An Bình'),
	(708, 25618, 'Xã Thanh Điền'),
	(708, 25621, 'Xã Thành Long'),
	(708, 25624, 'Xã Ninh Điền'),
	(708, 25627, 'Xã Long Vĩnh'),
	(709, 25630, 'Phường Long Hoa'),
	(709, 25633, 'Phường Hiệp Tân'),
	(709, 25636, 'Phường Long Thành Bắc'),
	(709, 25639, 'Xã Trường Hòa'),
	(709, 25642, 'Xã Trường Đông'),
	(709, 25645, 'Phường Long Thành Trung'),
	(709, 25648, 'Xã Trường Tây'),
	(709, 25651, 'Xã Long Thành Nam'),
	(710, 25654, 'Thị trấn Gò Dầu'),
	(710, 25657, 'Xã Thạnh Đức'),
	(710, 25660, 'Xã Cẩm Giang'),
	(710, 25663, 'Xã Hiệp Thạnh'),
	(710, 25666, 'Xã Bàu Đồn'),
	(710, 25669, 'Xã Phước Thạnh'),
	(710, 25672, 'Xã Phước Đông'),
	(710, 25675, 'Xã Phước Trạch'),
	(710, 25678, 'Xã Thanh Phước'),
	(711, 25681, 'Thị trấn Bến Cầu'),
	(711, 25684, 'Xã Long Chữ'),
	(711, 25687, 'Xã Long Phước'),
	(711, 25690, 'Xã Long Giang'),
	(711, 25693, 'Xã Tiên Thuận'),
	(711, 25696, 'Xã Long Khánh'),
	(711, 25699, 'Xã Lợi Thuận'),
	(711, 25702, 'Xã Long Thuận'),
	(711, 25705, 'Xã An Thạnh'),
	(712, 25708, 'Phường Trảng Bàng'),
	(712, 25711, 'Xã Đôn Thuận'),
	(712, 25714, 'Xã Hưng Thuận'),
	(712, 25717, 'Phường Lộc Hưng'),
	(712, 25720, 'Phường Gia Lộc'),
	(712, 25723, 'Phường Gia Bình'),
	(712, 25729, 'Xã Phước Bình'),
	(712, 25732, 'Phường An Tịnh'),
	(712, 25735, 'Phường An Hòa'),
	(712, 25738, 'Xã Phước Chỉ'),
	(718, 25741, 'Phường Hiệp Thành'),
	(718, 25744, 'Phường Phú Lợi'),
	(718, 25747, 'Phường Phú Cường'),
	(718, 25750, 'Phường Phú Hòa'),
	(718, 25753, 'Phường Phú Thọ'),
	(718, 25756, 'Phường Chánh Nghĩa'),
	(718, 25759, 'Phường Định Hoà'),
	(718, 25760, 'Phường Hoà Phú'),
	(718, 25762, 'Phường Phú Mỹ'),
	(718, 25763, 'Phường Phú Tân'),
	(718, 25765, 'Phường Tân An'),
	(718, 25768, 'Phường Hiệp An'),
	(718, 25771, 'Phường Tương Bình Hiệp'),
	(718, 25774, 'Phường Chánh Mỹ'),
	(720, 25777, 'Thị trấn Dầu Tiếng'),
	(720, 25780, 'Xã Minh Hoà'),
	(720, 25783, 'Xã Minh Thạnh'),
	(720, 25786, 'Xã Minh Tân'),
	(720, 25789, 'Xã Định An'),
	(720, 25792, 'Xã Long Hoà'),
	(720, 25795, 'Xã Định Thành'),
	(720, 25798, 'Xã Định Hiệp'),
	(720, 25801, 'Xã An Lập'),
	(720, 25804, 'Xã Long Tân'),
	(720, 25807, 'Xã Thanh An'),
	(720, 25810, 'Xã Thanh Tuyền'),
	(721, 25813, 'Phường Mỹ Phước'),
	(719, 25816, 'Xã Trừ Văn Thố'),
	(719, 25819, 'Xã Cây Trường II'),
	(719, 25822, 'Thị trấn Lai Uyên'),
	(719, 25825, 'Xã Tân Hưng'),
	(719, 25828, 'Xã Long Nguyên'),
	(719, 25831, 'Xã Hưng Hòa'),
	(719, 25834, 'Xã Lai Hưng'),
	(721, 25837, 'Phường Chánh Phú Hòa'),
	(721, 25840, 'Phường An Điền'),
	(721, 25843, 'Phường An Tây'),
	(721, 25846, 'Phường Thới Hòa'),
	(721, 25849, 'Phường Hòa Lợi'),
	(721, 25852, 'Phường Tân Định'),
	(721, 25855, 'Xã Phú An'),
	(722, 25858, 'Thị trấn Phước Vĩnh'),
	(722, 25861, 'Xã An Linh'),
	(722, 25864, 'Xã Phước Sang'),
	(722, 25865, 'Xã An Thái'),
	(722, 25867, 'Xã An Long'),
	(722, 25870, 'Xã An Bình'),
	(722, 25873, 'Xã Tân Hiệp'),
	(722, 25876, 'Xã Tam Lập'),
	(722, 25879, 'Xã Tân Long'),
	(722, 25882, 'Xã Vĩnh Hoà'),
	(722, 25885, 'Xã Phước Hoà'),
	(723, 25888, 'Phường Uyên Hưng'),
	(723, 25891, 'Phường Tân Phước Khánh'),
	(726, 25894, 'Xã Tân Định'),
	(726, 25897, 'Xã Bình Mỹ'),
	(726, 25900, 'Thị trấn Tân Bình'),
	(726, 25903, 'Xã Tân Lập'),
	(726, 25906, 'Thị trấn Tân Thành'),
	(726, 25907, 'Xã Đất Cuốc'),
	(726, 25908, 'Xã Hiếu Liêm'),
	(726, 25909, 'Xã Lạc An'),
	(723, 25912, 'Phường Vĩnh Tân'),
	(723, 25915, 'Phường Hội Nghĩa'),
	(726, 25918, 'Xã Tân Mỹ'),
	(723, 25920, 'Phường Tân Hiệp'),
	(723, 25921, 'Phường Khánh Bình'),
	(723, 25924, 'Phường Phú Chánh'),
	(726, 25927, 'Xã Thường Tân'),
	(723, 25930, 'Xã Bạch Đằng'),
	(723, 25933, 'Phường Tân Vĩnh Hiệp'),
	(723, 25936, 'Phường Thạnh Phước'),
	(723, 25937, 'Xã Thạnh Hội'),
	(723, 25939, 'Phường Thái Hòa'),
	(724, 25942, 'Phường Dĩ An'),
	(724, 25945, 'Phường Tân Bình'),
	(724, 25948, 'Phường Tân Đông Hiệp'),
	(724, 25951, 'Phường Bình An'),
	(724, 25954, 'Phường Bình Thắng'),
	(724, 25957, 'Phường Đông Hòa'),
	(724, 25960, 'Phường An Bình'),
	(725, 25963, 'Phường An Thạnh'),
	(725, 25966, 'Phường Lái Thiêu'),
	(725, 25969, 'Phường Bình Chuẩn'),
	(725, 25972, 'Phường Thuận Giao'),
	(725, 25975, 'Phường An Phú'),
	(725, 25978, 'Phường Hưng Định'),
	(725, 25981, 'Xã An Sơn'),
	(725, 25984, 'Phường Bình Nhâm'),
	(725, 25987, 'Phường Bình Hòa'),
	(725, 25990, 'Phường Vĩnh Phú'),
	(731, 25993, 'Phường Trảng Dài'),
	(731, 25996, 'Phường Tân Phong'),
	(731, 25999, 'Phường Tân Biên'),
	(731, 26002, 'Phường Hố Nai'),
	(731, 26005, 'Phường Tân Hòa'),
	(731, 26008, 'Phường Tân Hiệp'),
	(731, 26011, 'Phường Bửu Long'),
	(731, 26014, 'Phường Tân Mai'),
	(731, 26017, 'Phường Tam Hiệp'),
	(731, 26020, 'Phường Long Bình'),
	(731, 26023, 'Phường Quang Vinh'),
	(731, 26029, 'Phường Thống Nhất'),
	(731, 26041, 'Phường Trung Dũng'),
	(731, 26047, 'Phường Bình Đa'),
	(731, 26050, 'Phường An Bình'),
	(731, 26053, 'Phường Bửu Hòa'),
	(731, 26056, 'Phường Long Bình Tân'),
	(731, 26059, 'Phường Tân Vạn'),
	(731, 26062, 'Phường Tân Hạnh'),
	(731, 26065, 'Phường Hiệp Hòa'),
	(731, 26068, 'Phường Hóa An'),
	(732, 26077, 'Phường Xuân Bình'),
	(732, 26080, 'Phường Xuân An'),
	(732, 26083, 'Phường Xuân Hoà'),
	(732, 26086, 'Phường Phú Bình'),
	(732, 26089, 'Xã Bình Lộc'),
	(732, 26092, 'Xã Bảo Quang'),
	(732, 26095, 'Phường Suối Tre'),
	(732, 26098, 'Phường Bảo Vinh'),
	(732, 26101, 'Phường Xuân Lập'),
	(732, 26104, 'Phường Bàu Sen'),
	(732, 26107, 'Xã Bàu Trâm'),
	(732, 26110, 'Phường Xuân Tân'),
	(732, 26113, 'Xã Hàng Gòn'),
	(734, 26116, 'Thị trấn Tân Phú'),
	(734, 26119, 'Xã Dak Lua'),
	(734, 26122, 'Xã Nam Cát Tiên'),
	(734, 26125, 'Xã Phú An'),
	(734, 26131, 'Xã Tà Lài'),
	(734, 26134, 'Xã Phú Lập'),
	(734, 26140, 'Xã Phú Thịnh'),
	(734, 26143, 'Xã Thanh Sơn'),
	(734, 26146, 'Xã Phú Sơn'),
	(734, 26149, 'Xã Phú Xuân'),
	(734, 26152, 'Xã Phú Lộc'),
	(734, 26155, 'Xã Phú Lâm'),
	(734, 26158, 'Xã Phú Bình'),
	(734, 26161, 'Xã Phú Thanh'),
	(734, 26164, 'Xã Trà Cổ'),
	(734, 26167, 'Xã Phú Điền'),
	(735, 26170, 'Thị trấn Vĩnh An'),
	(735, 26173, 'Xã Phú Lý'),
	(735, 26176, 'Xã Trị An'),
	(735, 26179, 'Xã Tân An'),
	(735, 26182, 'Xã Vĩnh Tân'),
	(735, 26185, 'Xã Bình Lợi'),
	(735, 26188, 'Xã Thạnh Phú'),
	(735, 26191, 'Xã Thiện Tân'),
	(735, 26194, 'Xã Tân Bình'),
	(735, 26200, 'Xã Mã Đà'),
	(736, 26206, 'Thị trấn Định Quán'),
	(736, 26209, 'Xã Thanh Sơn'),
	(736, 26212, 'Xã Phú Tân'),
	(736, 26215, 'Xã Phú Vinh'),
	(736, 26218, 'Xã Phú Lợi'),
	(736, 26221, 'Xã Phú Hòa'),
	(736, 26224, 'Xã Ngọc Định'),
	(736, 26227, 'Xã La Ngà'),
	(736, 26230, 'Xã Gia Canh'),
	(736, 26233, 'Xã Phú Ngọc'),
	(736, 26236, 'Xã Phú Cường'),
	(736, 26239, 'Xã Túc Trưng'),
	(736, 26242, 'Xã Phú Túc'),
	(736, 26245, 'Xã Suối Nho'),
	(737, 26248, 'Thị trấn Trảng Bom'),
	(737, 26251, 'Xã Thanh Bình'),
	(737, 26254, 'Xã Cây Gáo'),
	(737, 26257, 'Xã Bàu Hàm'),
	(737, 26260, 'Xã Sông Thao'),
	(737, 26263, 'Xã Sông Trầu'),
	(737, 26266, 'Xã Đông Hoà'),
	(737, 26269, 'Xã Bắc Sơn'),
	(737, 26272, 'Xã Hố Nai 3'),
	(737, 26275, 'Xã Tây Hoà'),
	(737, 26278, 'Xã Bình Minh'),
	(737, 26281, 'Xã Trung Hoà'),
	(737, 26284, 'Xã Đồi 61'),
	(737, 26287, 'Xã Hưng Thịnh'),
	(737, 26290, 'Xã Quảng Tiến'),
	(737, 26293, 'Xã Giang Điền'),
	(737, 26296, 'Xã An Viễn'),
	(738, 26299, 'Xã Gia Tân 1'),
	(738, 26302, 'Xã Gia Tân 2'),
	(738, 26305, 'Xã Gia Tân 3'),
	(738, 26308, 'Xã Gia Kiệm'),
	(738, 26311, 'Xã Quang Trung'),
	(738, 26314, 'Xã Bàu Hàm 2'),
	(738, 26317, 'Xã Hưng Lộc'),
	(738, 26320, 'Xã Lộ 25'),
	(738, 26323, 'Xã Xuân Thiện'),
	(738, 26326, 'Thị trấn Dầu Giây'),
	(739, 26329, 'Xã Sông Nhạn'),
	(739, 26332, 'Xã Xuân Quế'),
	(739, 26335, 'Xã Nhân Nghĩa'),
	(739, 26338, 'Xã Xuân Đường'),
	(739, 26341, 'Thị trấn Long Giao'),
	(739, 26344, 'Xã Xuân Mỹ'),
	(739, 26347, 'Xã Thừa Đức'),
	(739, 26350, 'Xã Bảo Bình'),
	(739, 26353, 'Xã Xuân Bảo'),
	(739, 26356, 'Xã Xuân Tây'),
	(739, 26359, 'Xã Xuân Đông'),
	(739, 26362, 'Xã Sông Ray'),
	(739, 26365, 'Xã Lâm San'),
	(740, 26368, 'Thị trấn Long Thành'),
	(731, 26371, 'Phường An Hòa'),
	(731, 26374, 'Phường Tam Phước'),
	(731, 26377, 'Phường Phước Tân'),
	(731, 26380, 'Xã Long Hưng'),
	(740, 26383, 'Xã An Phước'),
	(740, 26386, 'Xã Bình An'),
	(740, 26389, 'Xã Long Đức'),
	(740, 26392, 'Xã Lộc An'),
	(740, 26395, 'Xã Bình Sơn'),
	(740, 26398, 'Xã Tam An'),
	(740, 26401, 'Xã Cẩm Đường'),
	(740, 26404, 'Xã Long An'),
	(740, 26410, 'Xã Bàu Cạn'),
	(740, 26413, 'Xã Long Phước'),
	(740, 26416, 'Xã Phước Bình'),
	(740, 26419, 'Xã Tân Hiệp'),
	(740, 26422, 'Xã Phước Thái'),
	(741, 26425, 'Thị trấn Gia Ray'),
	(741, 26428, 'Xã Xuân Bắc'),
	(741, 26431, 'Xã Suối Cao'),
	(741, 26434, 'Xã Xuân Thành'),
	(741, 26437, 'Xã Xuân Thọ'),
	(741, 26440, 'Xã Xuân Trường'),
	(741, 26443, 'Xã Xuân Hòa'),
	(741, 26446, 'Xã Xuân Hưng'),
	(741, 26449, 'Xã Xuân Tâm'),
	(741, 26452, 'Xã Suối Cát'),
	(741, 26455, 'Xã Xuân Hiệp'),
	(741, 26458, 'Xã Xuân Phú'),
	(741, 26461, 'Xã Xuân Định'),
	(741, 26464, 'Xã Bảo Hoà'),
	(741, 26467, 'Xã Lang Minh'),
	(742, 26470, 'Xã Phước Thiền'),
	(742, 26473, 'Xã Long Tân'),
	(742, 26476, 'Xã Đại Phước'),
	(742, 26479, 'Thị trấn Hiệp Phước'),
	(742, 26482, 'Xã Phú Hữu'),
	(742, 26485, 'Xã Phú Hội'),
	(742, 26488, 'Xã Phú Thạnh'),
	(742, 26491, 'Xã Phú Đông'),
	(742, 26494, 'Xã Long Thọ'),
	(742, 26497, 'Xã Vĩnh Thanh'),
	(742, 26500, 'Xã Phước Khánh'),
	(742, 26503, 'Xã Phước An'),
	(747, 26506, 'Phường 1'),
	(747, 26508, 'Phường Thắng Tam'),
	(747, 26509, 'Phường 2'),
	(747, 26512, 'Phường 3'),
	(747, 26515, 'Phường 4'),
	(747, 26518, 'Phường 5'),
	(747, 26521, 'Phường Thắng Nhì'),
	(747, 26524, 'Phường 7'),
	(747, 26526, 'Phường Nguyễn An Ninh'),
	(747, 26527, 'Phường 8'),
	(747, 26530, 'Phường 9'),
	(747, 26533, 'Phường Thắng Nhất'),
	(747, 26535, 'Phường Rạch Dừa'),
	(747, 26536, 'Phường 10'),
	(747, 26539, 'Phường 11'),
	(747, 26542, 'Phường 12'),
	(747, 26545, 'Xã Long Sơn'),
	(748, 26548, 'Phường Phước Hưng'),
	(748, 26554, 'Phường Phước Nguyên'),
	(748, 26557, 'Phường Long Toàn'),
	(748, 26558, 'Phường Long Tâm'),
	(748, 26560, 'Phường Phước Trung'),
	(748, 26563, 'Phường Long Hương'),
	(748, 26566, 'Phường Kim Dinh'),
	(748, 26567, 'Xã Tân Hưng'),
	(748, 26569, 'Xã Long Phước'),
	(748, 26572, 'Xã Hoà Long'),
	(750, 26574, 'Xã Bàu Chinh'),
	(750, 26575, 'Thị trấn Ngãi Giao'),
	(750, 26578, 'Xã Bình Ba'),
	(750, 26581, 'Xã Suối Nghệ'),
	(750, 26584, 'Xã Xuân Sơn'),
	(750, 26587, 'Xã Sơn Bình'),
	(750, 26590, 'Xã Bình Giã'),
	(750, 26593, 'Xã Bình Trung'),
	(750, 26596, 'Xã Xà Bang'),
	(750, 26599, 'Xã Cù Bị'),
	(750, 26602, 'Xã Láng Lớn'),
	(750, 26605, 'Xã Quảng Thành'),
	(750, 26608, 'Thị trấn Kim Long'),
	(750, 26611, 'Xã Suối Rao'),
	(750, 26614, 'Xã Đá Bạc'),
	(750, 26617, 'Xã Nghĩa Thành'),
	(751, 26620, 'Thị trấn Phước Bửu'),
	(751, 26623, 'Xã Phước Thuận'),
	(751, 26626, 'Xã Phước Tân'),
	(751, 26629, 'Xã Xuyên Mộc'),
	(751, 26632, 'Xã Bông Trang'),
	(751, 26635, 'Xã Tân Lâm'),
	(751, 26638, 'Xã Bàu Lâm'),
	(751, 26641, 'Xã Hòa Bình'),
	(751, 26644, 'Xã Hòa Hưng'),
	(751, 26647, 'Xã Hòa Hiệp'),
	(751, 26650, 'Xã Hòa Hội'),
	(751, 26653, 'Xã Bưng Riềng'),
	(751, 26656, 'Xã Bình Châu'),
	(753, 26659, 'Thị trấn Long Điền'),
	(753, 26662, 'Thị trấn Long Hải'),
	(753, 26668, 'Xã Tam An'),
	(753, 26674, 'Xã Phước Tỉnh'),
	(753, 26677, 'Xã Phước Hưng'),
	(753, 26680, 'Thị trấn Đất Đỏ'),
	(753, 26683, 'Xã Phước Long Thọ'),
	(753, 26686, 'Xã Phước Hội'),
	(753, 26689, 'Thị trấn Phước Hải'),
	(753, 26695, 'Xã Long Tân'),
	(753, 26698, 'Xã Láng Dài'),
	(754, 26704, 'Phường Phú Mỹ'),
	(754, 26707, 'Xã Tân Hoà'),
	(754, 26710, 'Xã Tân Hải'),
	(754, 26713, 'Phường Phước Hoà'),
	(754, 26716, 'Phường Tân Phước'),
	(754, 26719, 'Phường Mỹ Xuân'),
	(754, 26722, 'Xã Sông Xoài'),
	(754, 26725, 'Phường Hắc Dịch'),
	(754, 26728, 'Xã Châu Pha'),
	(754, 26731, 'Xã Tóc Tiên'),
	(760, 26734, 'Phường Tân Định'),
	(760, 26737, 'Phường Đa Kao'),
	(760, 26740, 'Phường Bến Nghé'),
	(760, 26743, 'Phường Bến Thành'),
	(760, 26746, 'Phường Nguyễn Thái Bình'),
	(760, 26749, 'Phường Phạm Ngũ Lão'),
	(760, 26752, 'Phường Cầu Ông Lãnh'),
	(760, 26755, 'Phường Cô Giang'),
	(760, 26758, 'Phường Nguyễn Cư Trinh'),
	(760, 26761, 'Phường Cầu Kho'),
	(761, 26764, 'Phường Thạnh Xuân'),
	(761, 26767, 'Phường Thạnh Lộc'),
	(761, 26770, 'Phường Hiệp Thành'),
	(761, 26773, 'Phường Thới An'),
	(761, 26776, 'Phường Tân Chánh Hiệp'),
	(761, 26779, 'Phường An Phú Đông'),
	(761, 26782, 'Phường Tân Thới Hiệp'),
	(761, 26785, 'Phường Trung Mỹ Tây'),
	(761, 26787, 'Phường Tân Hưng Thuận'),
	(761, 26788, 'Phường Đông Hưng Thuận'),
	(761, 26791, 'Phường Tân Thới Nhất'),
	(769, 26794, 'Phường Linh Xuân'),
	(769, 26797, 'Phường Bình Chiểu'),
	(769, 26800, 'Phường Linh Trung'),
	(769, 26803, 'Phường Tam Bình'),
	(769, 26806, 'Phường Tam Phú'),
	(769, 26809, 'Phường Hiệp Bình Phước'),
	(769, 26812, 'Phường Hiệp Bình Chánh'),
	(769, 26815, 'Phường Linh Chiểu'),
	(769, 26818, 'Phường Linh Tây'),
	(769, 26821, 'Phường Linh Đông'),
	(769, 26824, 'Phường Bình Thọ'),
	(769, 26827, 'Phường Trường Thọ'),
	(769, 26830, 'Phường Long Bình'),
	(769, 26833, 'Phường Long Thạnh Mỹ'),
	(769, 26836, 'Phường Tân Phú'),
	(769, 26839, 'Phường Hiệp Phú'),
	(769, 26842, 'Phường Tăng Nhơn Phú A'),
	(769, 26845, 'Phường Tăng Nhơn Phú B'),
	(769, 26848, 'Phường Phước Long B'),
	(769, 26851, 'Phường Phước Long A'),
	(769, 26854, 'Phường Trường Thạnh'),
	(769, 26857, 'Phường Long Phước'),
	(769, 26860, 'Phường Long Trường'),
	(769, 26863, 'Phường Phước Bình'),
	(769, 26866, 'Phường Phú Hữu'),
	(764, 26872, 'Phường 15'),
	(764, 26875, 'Phường 17'),
	(764, 26876, 'Phường 6'),
	(764, 26878, 'Phường 16'),
	(764, 26881, 'Phường 12'),
	(764, 26882, 'Phường 14'),
	(764, 26884, 'Phường 10'),
	(764, 26887, 'Phường 5'),
	(764, 26890, 'Phường 1'),
	(764, 26898, 'Phường 8'),
	(764, 26899, 'Phường 11'),
	(764, 26902, 'Phường 3'),
	(765, 26905, 'Phường 13'),
	(765, 26908, 'Phường 11'),
	(765, 26911, 'Phường 27'),
	(765, 26914, 'Phường 26'),
	(765, 26917, 'Phường 12'),
	(765, 26920, 'Phường 25'),
	(765, 26923, 'Phường 5'),
	(765, 26926, 'Phường 7'),
	(765, 26935, 'Phường 14'),
	(765, 26941, 'Phường 2'),
	(765, 26944, 'Phường 1'),
	(765, 26950, 'Phường 17'),
	(765, 26956, 'Phường 22'),
	(765, 26959, 'Phường 19'),
	(765, 26962, 'Phường 28'),
	(766, 26965, 'Phường 2'),
	(766, 26968, 'Phường 4'),
	(766, 26971, 'Phường 12'),
	(766, 26974, 'Phường 13'),
	(766, 26977, 'Phường 1'),
	(766, 26980, 'Phường 3'),
	(766, 26983, 'Phường 11'),
	(766, 26986, 'Phường 7'),
	(766, 26989, 'Phường 5'),
	(766, 26992, 'Phường 10'),
	(766, 26995, 'Phường 6'),
	(766, 26998, 'Phường 8'),
	(766, 27001, 'Phường 9'),
	(766, 27004, 'Phường 14'),
	(766, 27007, 'Phường 15'),
	(767, 27010, 'Phường Tân Sơn Nhì'),
	(767, 27013, 'Phường Tây Thạnh'),
	(767, 27016, 'Phường Sơn Kỳ'),
	(767, 27019, 'Phường Tân Quý'),
	(767, 27022, 'Phường Tân Thành'),
	(767, 27025, 'Phường Phú Thọ Hòa'),
	(767, 27028, 'Phường Phú Thạnh'),
	(767, 27031, 'Phường Phú Trung'),
	(767, 27034, 'Phường Hòa Thạnh'),
	(767, 27037, 'Phường Hiệp Tân'),
	(767, 27040, 'Phường Tân Thới Hòa'),
	(768, 27043, 'Phường 4'),
	(768, 27046, 'Phường 5'),
	(768, 27049, 'Phường 9'),
	(768, 27052, 'Phường 7'),
	(768, 27058, 'Phường 1'),
	(768, 27061, 'Phường 2'),
	(768, 27064, 'Phường 8'),
	(768, 27067, 'Phường 15'),
	(768, 27070, 'Phường 10'),
	(768, 27073, 'Phường 11'),
	(768, 27085, 'Phường 13'),
	(769, 27088, 'Phường Thảo Điền'),
	(769, 27091, 'Phường An Phú'),
	(769, 27094, 'Phường An Khánh'),
	(769, 27097, 'Phường Bình Trưng Đông'),
	(769, 27100, 'Phường Bình Trưng Tây'),
	(769, 27109, 'Phường Cát Lái'),
	(769, 27112, 'Phường Thạnh Mỹ Lợi'),
	(769, 27115, 'Phường An Lợi Đông'),
	(769, 27118, 'Phường Thủ Thiêm'),
	(770, 27127, 'Phường 14'),
	(770, 27130, 'Phường 12'),
	(770, 27133, 'Phường 11'),
	(770, 27139, 'Phường Võ Thị Sáu'),
	(770, 27142, 'Phường 9'),
	(770, 27148, 'Phường 4'),
	(770, 27151, 'Phường 5'),
	(770, 27154, 'Phường 3'),
	(770, 27157, 'Phường 2'),
	(770, 27160, 'Phường 1'),
	(771, 27163, 'Phường 15'),
	(771, 27166, 'Phường 13'),
	(771, 27169, 'Phường 14'),
	(771, 27172, 'Phường 12'),
	(771, 27178, 'Phường 10'),
	(771, 27181, 'Phường 9'),
	(771, 27184, 'Phường 1'),
	(771, 27187, 'Phường 8'),
	(771, 27190, 'Phường 2'),
	(771, 27193, 'Phường 4'),
	(771, 27202, 'Phường 6'),
	(772, 27208, 'Phường 15'),
	(772, 27211, 'Phường 5'),
	(772, 27214, 'Phường 14'),
	(772, 27217, 'Phường 11'),
	(772, 27220, 'Phường 3'),
	(772, 27223, 'Phường 10'),
	(772, 27229, 'Phường 8'),
	(772, 27238, 'Phường 7'),
	(772, 27247, 'Phường 1'),
	(772, 27253, 'Phường 16'),
	(773, 27259, 'Phường 13'),
	(773, 27265, 'Phường 9'),
	(773, 27271, 'Phường 8'),
	(773, 27277, 'Phường 18'),
	(773, 27283, 'Phường 4'),
	(773, 27286, 'Phường 3'),
	(773, 27289, 'Phường 16'),
	(773, 27292, 'Phường 2'),
	(773, 27295, 'Phường 15'),
	(773, 27298, 'Phường 1'),
	(774, 27301, 'Phường 4'),
	(774, 27304, 'Phường 9'),
	(774, 27307, 'Phường 2'),
	(774, 27310, 'Phường 12'),
	(774, 27316, 'Phường 7'),
	(774, 27325, 'Phường 1'),
	(774, 27328, 'Phường 11'),
	(774, 27331, 'Phường 14'),
	(774, 27334, 'Phường 5'),
	(774, 27343, 'Phường 13'),
	(775, 27346, 'Phường 14'),
	(775, 27349, 'Phường 13'),
	(775, 27352, 'Phường 9'),
	(775, 27358, 'Phường 12'),
	(775, 27361, 'Phường 2'),
	(775, 27364, 'Phường 11'),
	(775, 27376, 'Phường 8'),
	(775, 27379, 'Phường 1'),
	(775, 27382, 'Phường 7'),
	(775, 27385, 'Phường 10'),
	(776, 27397, 'Phường Rạch Ông'),
	(776, 27403, 'Phường Hưng Phú'),
	(776, 27409, 'Phường 4'),
	(776, 27415, 'Phường Xóm Củi'),
	(776, 27418, 'Phường 5'),
	(776, 27421, 'Phường 14'),
	(776, 27424, 'Phường 6'),
	(776, 27427, 'Phường 15'),
	(776, 27430, 'Phường 16'),
	(776, 27433, 'Phường 7'),
	(777, 27436, 'Phường Bình Hưng Hòa'),
	(777, 27439, 'Phường Bình Hưng Hoà A'),
	(777, 27442, 'Phường Bình Hưng Hoà B'),
	(777, 27445, 'Phường Bình Trị Đông'),
	(777, 27448, 'Phường Bình Trị Đông A'),
	(777, 27451, 'Phường Bình Trị Đông B'),
	(777, 27454, 'Phường Tân Tạo'),
	(777, 27457, 'Phường Tân Tạo A'),
	(777, 27460, 'Phường An Lạc'),
	(777, 27463, 'Phường An Lạc A'),
	(778, 27466, 'Phường Tân Thuận Đông'),
	(778, 27469, 'Phường Tân Thuận Tây'),
	(778, 27472, 'Phường Tân Kiểng'),
	(778, 27475, 'Phường Tân Hưng'),
	(778, 27478, 'Phường Bình Thuận'),
	(778, 27481, 'Phường Tân Quy'),
	(778, 27484, 'Phường Phú Thuận'),
	(778, 27487, 'Phường Tân Phú'),
	(778, 27490, 'Phường Tân Phong'),
	(778, 27493, 'Phường Phú Mỹ'),
	(783, 27496, 'Thị trấn Củ Chi'),
	(783, 27499, 'Xã Phú Mỹ Hưng'),
	(783, 27502, 'Xã An Phú'),
	(783, 27505, 'Xã Trung Lập Thượng'),
	(783, 27508, 'Xã An Nhơn Tây'),
	(783, 27511, 'Xã Nhuận Đức'),
	(783, 27514, 'Xã Phạm Văn Cội'),
	(783, 27517, 'Xã Phú Hòa Đông'),
	(783, 27520, 'Xã Trung Lập Hạ'),
	(783, 27523, 'Xã Trung An'),
	(783, 27526, 'Xã Phước Thạnh'),
	(783, 27529, 'Xã Phước Hiệp'),
	(783, 27532, 'Xã Tân An Hội'),
	(783, 27535, 'Xã Phước Vĩnh An'),
	(783, 27538, 'Xã Thái Mỹ'),
	(783, 27541, 'Xã Tân Thạnh Tây'),
	(783, 27544, 'Xã Hòa Phú'),
	(783, 27547, 'Xã Tân Thạnh Đông'),
	(783, 27550, 'Xã Bình Mỹ'),
	(783, 27553, 'Xã Tân Phú Trung'),
	(783, 27556, 'Xã Tân Thông Hội'),
	(784, 27559, 'Thị trấn Hóc Môn'),
	(784, 27562, 'Xã Tân Hiệp'),
	(784, 27565, 'Xã Nhị Bình'),
	(784, 27568, 'Xã Đông Thạnh'),
	(784, 27571, 'Xã Tân Thới Nhì'),
	(784, 27574, 'Xã Thới Tam Thôn'),
	(784, 27577, 'Xã Xuân Thới Sơn'),
	(784, 27580, 'Xã Tân Xuân'),
	(784, 27583, 'Xã Xuân Thới Đông'),
	(784, 27586, 'Xã Trung Chánh'),
	(784, 27589, 'Xã Xuân Thới Thượng'),
	(784, 27592, 'Xã Bà Điểm'),
	(785, 27595, 'Thị trấn Tân Túc'),
	(785, 27598, 'Xã Phạm Văn Hai'),
	(785, 27601, 'Xã Vĩnh Lộc A'),
	(785, 27604, 'Xã Vĩnh Lộc B'),
	(785, 27607, 'Xã Bình Lợi'),
	(785, 27610, 'Xã Lê Minh Xuân'),
	(785, 27613, 'Xã Tân Nhựt'),
	(785, 27616, 'Xã Tân Kiên'),
	(785, 27619, 'Xã Bình Hưng'),
	(785, 27622, 'Xã Phong Phú'),
	(785, 27625, 'Xã An Phú Tây'),
	(785, 27628, 'Xã Hưng Long'),
	(785, 27631, 'Xã Đa Phước'),
	(785, 27634, 'Xã Tân Quý Tây'),
	(785, 27637, 'Xã Bình Chánh'),
	(785, 27640, 'Xã Quy Đức'),
	(786, 27643, 'Thị trấn Nhà Bè'),
	(786, 27646, 'Xã Phước Kiển'),
	(786, 27649, 'Xã Phước Lộc'),
	(786, 27652, 'Xã Nhơn Đức'),
	(786, 27655, 'Xã Phú Xuân'),
	(786, 27658, 'Xã Long Thới'),
	(786, 27661, 'Xã Hiệp Phước'),
	(787, 27664, 'Thị trấn Cần Thạnh'),
	(787, 27667, 'Xã Bình Khánh'),
	(787, 27670, 'Xã Tam Thôn Hiệp'),
	(787, 27673, 'Xã An Thới Đông'),
	(787, 27676, 'Xã Thạnh An'),
	(787, 27679, 'Xã Long Hòa'),
	(787, 27682, 'Xã Lý Nhơn'),
	(794, 27685, 'Phường 5'),
	(794, 27691, 'Phường 4'),
	(794, 27692, 'Phường Tân Khánh'),
	(794, 27694, 'Phường 1'),
	(794, 27697, 'Phường 3'),
	(794, 27698, 'Phường 7'),
	(794, 27700, 'Phường 6'),
	(794, 27703, 'Xã Hướng Thọ Phú'),
	(794, 27706, 'Xã Nhơn Thạnh Trung'),
	(794, 27709, 'Xã Lợi Bình Nhơn'),
	(794, 27712, 'Xã Bình Tâm'),
	(794, 27715, 'Phường Khánh Hậu'),
	(794, 27718, 'Xã An Vĩnh Ngãi'),
	(796, 27721, 'Thị trấn Tân Hưng'),
	(796, 27724, 'Xã Hưng Hà'),
	(796, 27727, 'Xã Hưng Điền B'),
	(796, 27730, 'Xã Hưng Điền'),
	(796, 27733, 'Xã Thạnh Hưng'),
	(796, 27736, 'Xã Hưng Thạnh'),
	(796, 27739, 'Xã Vĩnh Thạnh'),
	(796, 27742, 'Xã Vĩnh Châu B'),
	(796, 27745, 'Xã Vĩnh Lợi'),
	(796, 27748, 'Xã Vĩnh Đại'),
	(796, 27751, 'Xã Vĩnh Châu A'),
	(796, 27754, 'Xã Vĩnh Bửu'),
	(797, 27757, 'Thị trấn Vĩnh Hưng'),
	(797, 27760, 'Xã Hưng Điền A'),
	(797, 27763, 'Xã Khánh Hưng'),
	(797, 27766, 'Xã Thái Trị'),
	(797, 27769, 'Xã Vĩnh Trị'),
	(797, 27772, 'Xã Thái Bình Trung'),
	(797, 27775, 'Xã Vĩnh Bình'),
	(797, 27778, 'Xã Vĩnh Thuận'),
	(797, 27781, 'Xã Tuyên Bình'),
	(797, 27784, 'Xã Tuyên Bình Tây'),
	(795, 27787, 'Phường 1'),
	(795, 27788, 'Phường 2'),
	(795, 27790, 'Xã Thạnh Trị'),
	(795, 27793, 'Xã Bình Hiệp'),
	(798, 27796, 'Xã Bình Hòa Tây'),
	(795, 27799, 'Xã Bình Tân'),
	(798, 27802, 'Xã Bình Thạnh'),
	(795, 27805, 'Xã Tuyên Thạnh'),
	(795, 27806, 'Phường 3'),
	(798, 27808, 'Xã Bình Hòa Trung'),
	(798, 27811, 'Xã Bình Hòa Đông'),
	(798, 27814, 'Thị trấn Bình Phong Thạnh'),
	(795, 27817, 'Xã Thạnh Hưng'),
	(798, 27820, 'Xã Tân Lập'),
	(798, 27823, 'Xã Tân Thành'),
	(799, 27826, 'Thị trấn Tân Thạnh'),
	(799, 27829, 'Xã Bắc Hòa'),
	(799, 27832, 'Xã Hậu Thạnh Tây'),
	(799, 27835, 'Xã Nhơn Hòa Lập'),
	(799, 27838, 'Xã Tân Lập'),
	(799, 27841, 'Xã Hậu Thạnh Đông'),
	(799, 27844, 'Xã Nhơn Hoà'),
	(799, 27847, 'Xã Kiến Bình'),
	(799, 27850, 'Xã Tân Thành'),
	(799, 27853, 'Xã Tân Bình'),
	(799, 27856, 'Xã Tân Ninh'),
	(799, 27859, 'Xã Nhơn Ninh'),
	(799, 27862, 'Xã Tân Hòa'),
	(800, 27865, 'Thị trấn Thạnh Hóa'),
	(800, 27868, 'Xã Tân Hiệp'),
	(800, 27871, 'Xã Thuận Bình'),
	(800, 27874, 'Xã Thạnh Phước'),
	(800, 27877, 'Xã Thạnh Phú'),
	(800, 27880, 'Xã Thuận Nghĩa Hòa'),
	(800, 27883, 'Xã Thủy Đông'),
	(800, 27886, 'Xã Thủy Tây'),
	(800, 27889, 'Xã Tân Tây'),
	(800, 27892, 'Xã Tân Đông'),
	(800, 27895, 'Xã Thạnh An'),
	(801, 27898, 'Thị trấn Đông Thành'),
	(801, 27901, 'Xã Mỹ Quý Đông'),
	(801, 27904, 'Xã Mỹ Thạnh Bắc'),
	(801, 27907, 'Xã Mỹ Quý Tây'),
	(801, 27910, 'Xã Mỹ Thạnh Tây'),
	(801, 27913, 'Xã Mỹ Thạnh Đông'),
	(801, 27916, 'Xã Bình Thành'),
	(801, 27919, 'Xã Bình Hòa Bắc'),
	(801, 27922, 'Xã Bình Hòa Hưng'),
	(801, 27925, 'Xã Bình Hòa Nam'),
	(801, 27928, 'Xã Mỹ Bình'),
	(802, 27931, 'Thị trấn Hậu Nghĩa'),
	(802, 27934, 'Thị trấn Hiệp Hòa'),
	(802, 27937, 'Thị trấn Đức Hòa'),
	(802, 27940, 'Xã Lộc Giang'),
	(802, 27943, 'Xã An Ninh Đông'),
	(802, 27946, 'Xã An Ninh Tây'),
	(802, 27949, 'Xã Tân Mỹ'),
	(802, 27952, 'Xã Hiệp Hòa'),
	(802, 27955, 'Xã Đức Lập Thượng'),
	(802, 27958, 'Xã Đức Lập Hạ'),
	(802, 27961, 'Xã Tân Phú'),
	(802, 27964, 'Xã Mỹ Hạnh Bắc'),
	(802, 27967, 'Xã Đức Hòa Thượng'),
	(802, 27970, 'Xã Hòa Khánh Tây'),
	(802, 27973, 'Xã Hòa Khánh Đông'),
	(802, 27976, 'Xã Mỹ Hạnh Nam'),
	(802, 27979, 'Xã Hòa Khánh Nam'),
	(802, 27982, 'Xã Đức Hòa Đông'),
	(802, 27985, 'Xã Đức Hòa Hạ'),
	(802, 27988, 'Xã Hựu Thạnh'),
	(803, 27991, 'Thị trấn Bến Lức'),
	(803, 27994, 'Xã Thạnh Lợi'),
	(803, 27997, 'Xã Lương Bình'),
	(803, 28000, 'Xã Thạnh Hòa'),
	(803, 28003, 'Xã Lương Hòa'),
	(803, 28009, 'Xã Tân Bửu'),
	(803, 28012, 'Xã An Thạnh'),
	(803, 28015, 'Xã Bình Đức'),
	(803, 28018, 'Xã Mỹ Yên'),
	(803, 28021, 'Xã Thanh Phú'),
	(803, 28024, 'Xã Long Hiệp'),
	(803, 28027, 'Xã Thạnh Đức'),
	(803, 28030, 'Xã Phước Lợi'),
	(803, 28033, 'Xã Nhựt Chánh'),
	(804, 28036, 'Thị trấn Thủ Thừa'),
	(804, 28039, 'Xã Long Thạnh'),
	(804, 28042, 'Xã Tân Thành'),
	(804, 28045, 'Xã Long Thuận'),
	(804, 28048, 'Xã Mỹ Lạc'),
	(804, 28051, 'Xã Mỹ Thạnh'),
	(804, 28054, 'Xã Bình An'),
	(804, 28057, 'Xã Nhị Thành'),
	(804, 28060, 'Xã Mỹ An'),
	(804, 28063, 'Xã Bình Thạnh'),
	(804, 28066, 'Xã Mỹ Phú'),
	(804, 28072, 'Xã Tân Long'),
	(805, 28075, 'Thị trấn Tân Trụ'),
	(805, 28078, 'Xã Tân Bình'),
	(805, 28084, 'Xã Quê Mỹ Thạnh'),
	(805, 28087, 'Xã Lạc Tấn'),
	(805, 28090, 'Xã Bình Trinh Đông'),
	(805, 28093, 'Xã Tân Phước Tây'),
	(805, 28096, 'Xã Bình Lãng'),
	(805, 28099, 'Xã Bình Tịnh'),
	(805, 28102, 'Xã Đức Tân'),
	(805, 28105, 'Xã Nhựt Ninh'),
	(806, 28108, 'Thị trấn Cần Đước'),
	(806, 28111, 'Xã Long Trạch'),
	(806, 28114, 'Xã Long Khê'),
	(806, 28117, 'Xã Long Định'),
	(806, 28120, 'Xã Phước Vân'),
	(806, 28123, 'Xã Long Hòa'),
	(806, 28126, 'Xã Long Cang'),
	(806, 28129, 'Xã Long Sơn'),
	(806, 28132, 'Xã Tân Trạch'),
	(806, 28135, 'Xã Mỹ Lệ'),
	(806, 28138, 'Xã Tân Lân'),
	(806, 28141, 'Xã Phước Tuy'),
	(806, 28144, 'Xã Long Hựu Đông'),
	(806, 28147, 'Xã Tân Ân'),
	(806, 28150, 'Xã Phước Đông'),
	(806, 28153, 'Xã Long Hựu Tây'),
	(806, 28156, 'Xã Tân Chánh'),
	(807, 28159, 'Thị trấn Cần Giuộc'),
	(807, 28162, 'Xã Phước Lý'),
	(807, 28165, 'Xã Long Thượng'),
	(807, 28168, 'Xã Long Hậu'),
	(807, 28174, 'Xã Phước Hậu'),
	(807, 28177, 'Xã Mỹ Lộc'),
	(807, 28180, 'Xã Phước Lại'),
	(807, 28183, 'Xã Phước Lâm'),
	(807, 28189, 'Xã Thuận Thành'),
	(807, 28192, 'Xã Phước Vĩnh Tây'),
	(807, 28195, 'Xã Phước Vĩnh Đông'),
	(807, 28198, 'Xã Long An'),
	(807, 28201, 'Xã Long Phụng'),
	(807, 28204, 'Xã Đông Thạnh'),
	(807, 28207, 'Xã Tân Tập'),
	(808, 28210, 'Thị trấn Tầm Vu'),
	(808, 28213, 'Xã Bình Quới'),
	(808, 28216, 'Xã Hòa Phú'),
	(808, 28219, 'Xã Phú Ngãi Trị'),
	(808, 28222, 'Xã Vĩnh Công'),
	(808, 28225, 'Xã Thuận Mỹ'),
	(808, 28228, 'Xã Hiệp Thạnh'),
	(808, 28231, 'Xã Phước Tân Hưng'),
	(808, 28234, 'Xã Thanh Phú Long'),
	(808, 28237, 'Xã Dương Xuân Hội'),
	(808, 28240, 'Xã An Lục Long'),
	(808, 28243, 'Xã Long Trì'),
	(808, 28246, 'Xã Thanh Vĩnh Đông'),
	(815, 28249, 'Phường 5'),
	(815, 28252, 'Phường 4'),
	(815, 28261, 'Phường 1'),
	(815, 28264, 'Phường 2'),
	(815, 28270, 'Phường 6'),
	(815, 28273, 'Phường 9'),
	(815, 28276, 'Phường 10'),
	(815, 28279, 'Phường Tân Long'),
	(815, 28282, 'Xã Đạo Thạnh'),
	(815, 28285, 'Xã Trung An'),
	(815, 28288, 'Xã Mỹ Phong'),
	(815, 28291, 'Xã Tân Mỹ Chánh'),
	(816, 28297, 'Phường 2'),
	(816, 28300, 'Phường 1'),
	(816, 28306, 'Phường 5'),
	(816, 28309, 'Phường Long Hưng'),
	(816, 28312, 'Phường Long Thuận'),
	(816, 28315, 'Phường Long Chánh'),
	(816, 28318, 'Phường Long Hòa'),
	(818, 28321, 'Thị trấn Mỹ Phước'),
	(818, 28324, 'Xã Tân Hòa Đông'),
	(818, 28327, 'Xã Thạnh Tân'),
	(818, 28330, 'Xã Thạnh Mỹ'),
	(818, 28333, 'Xã Thạnh Hoà'),
	(818, 28336, 'Xã Phú Mỹ'),
	(818, 28339, 'Xã Tân Hòa Thành'),
	(818, 28342, 'Xã Hưng Thạnh'),
	(818, 28345, 'Xã Tân Lập 1'),
	(818, 28348, 'Xã Tân Hòa Tây'),
	(818, 28354, 'Xã Tân Lập 2'),
	(818, 28357, 'Xã Phước Lập'),
	(819, 28360, 'Thị trấn Cái Bè'),
	(819, 28363, 'Xã Hậu Mỹ Bắc B'),
	(819, 28366, 'Xã Hậu Mỹ Bắc A'),
	(819, 28369, 'Xã Mỹ Trung'),
	(819, 28372, 'Xã Hậu Mỹ Trinh'),
	(819, 28375, 'Xã Hậu Mỹ Phú'),
	(819, 28378, 'Xã Mỹ Tân'),
	(819, 28381, 'Xã Mỹ Lợi B'),
	(819, 28384, 'Xã Thiện Trung'),
	(819, 28387, 'Xã Mỹ Hội'),
	(819, 28390, 'Xã An Cư'),
	(819, 28393, 'Xã Hậu Thành'),
	(819, 28396, 'Xã Mỹ Lợi A'),
	(819, 28399, 'Xã Hòa Khánh'),
	(819, 28402, 'Xã Thiện Trí'),
	(819, 28405, 'Xã Mỹ Đức Đông'),
	(819, 28408, 'Xã Mỹ Đức Tây'),
	(819, 28411, 'Xã Đông Hòa Hiệp'),
	(819, 28414, 'Xã An Thái Đông'),
	(819, 28417, 'Xã Tân Hưng'),
	(819, 28420, 'Xã Mỹ Lương'),
	(819, 28423, 'Xã Tân Thanh'),
	(819, 28426, 'Xã An Thái Trung'),
	(819, 28429, 'Xã An Hữu'),
	(819, 28432, 'Xã Hòa Hưng'),
	(817, 28435, 'Phường 1'),
	(817, 28436, 'Phường 2'),
	(817, 28437, 'Phường 3'),
	(820, 28438, 'Xã Thạnh Lộc'),
	(817, 28439, 'Phường 4'),
	(817, 28440, 'Phường 5'),
	(820, 28441, 'Xã Mỹ Thành Bắc'),
	(820, 28444, 'Xã Phú Cường'),
	(817, 28447, 'Xã Mỹ Phước Tây'),
	(817, 28450, 'Xã Mỹ Hạnh Đông'),
	(817, 28453, 'Xã Mỹ Hạnh Trung'),
	(820, 28456, 'Xã Mỹ Thành Nam'),
	(817, 28459, 'Xã Tân Phú'),
	(817, 28462, 'Xã Tân Bình'),
	(820, 28465, 'Xã Phú Nhuận'),
	(817, 28468, 'Xã Tân Hội'),
	(820, 28471, 'Thị trấn Bình Phú'),
	(817, 28474, 'Phường Nhị Mỹ'),
	(817, 28477, 'Xã Nhị Quý'),
	(817, 28480, 'Xã Thanh Hòa'),
	(817, 28483, 'Xã Phú Quý'),
	(817, 28486, 'Xã Long Khánh'),
	(820, 28489, 'Xã Cẩm Sơn'),
	(820, 28492, 'Xã Phú An'),
	(820, 28495, 'Xã Mỹ Long'),
	(820, 28498, 'Xã Long Tiên'),
	(820, 28501, 'Xã Hiệp Đức'),
	(820, 28504, 'Xã Long Trung'),
	(820, 28507, 'Xã Hội Xuân'),
	(820, 28510, 'Xã Tân Phong'),
	(820, 28513, 'Xã Tam Bình'),
	(820, 28516, 'Xã Ngũ Hiệp'),
	(821, 28519, 'Thị trấn Tân Hiệp'),
	(821, 28522, 'Xã Tân Hội Đông'),
	(821, 28525, 'Xã Tân Hương'),
	(821, 28528, 'Xã Tân Lý Đông'),
	(821, 28534, 'Xã Thân Cửu Nghĩa'),
	(821, 28537, 'Xã Tam Hiệp'),
	(821, 28540, 'Xã Điềm Hy'),
	(821, 28543, 'Xã Nhị Bình'),
	(821, 28549, 'Xã Đông Hòa'),
	(821, 28552, 'Xã Long Định'),
	(821, 28558, 'Xã Long An'),
	(821, 28561, 'Xã Long Hưng'),
	(821, 28564, 'Xã Bình Trưng'),
	(815, 28567, 'Xã Phước Thạnh'),
	(821, 28570, 'Xã Thạnh Phú'),
	(821, 28573, 'Xã Bàn Long'),
	(821, 28576, 'Xã Vĩnh Kim'),
	(821, 28579, 'Xã Bình Đức'),
	(821, 28582, 'Xã Song Thuận'),
	(821, 28585, 'Xã Kim Sơn'),
	(821, 28588, 'Xã Phú Phong'),
	(815, 28591, 'Xã Thới Sơn'),
	(822, 28594, 'Thị trấn Chợ Gạo'),
	(822, 28597, 'Xã Trung Hòa'),
	(822, 28600, 'Xã Hòa Tịnh'),
	(822, 28603, 'Xã Mỹ Tịnh An'),
	(822, 28606, 'Xã Tân Bình Thạnh'),
	(822, 28609, 'Xã Phú Kiết'),
	(822, 28612, 'Xã Lương Hòa Lạc'),
	(822, 28615, 'Xã Thanh Bình'),
	(822, 28618, 'Xã Quơn Long'),
	(822, 28621, 'Xã Bình Phục Nhứt'),
	(822, 28624, 'Xã Đăng Hưng Phước'),
	(822, 28627, 'Xã Tân Thuận Bình'),
	(822, 28630, 'Xã Song Bình'),
	(822, 28633, 'Xã Bình Phan'),
	(822, 28636, 'Xã Long Bình Điền'),
	(822, 28639, 'Xã An Thạnh Thủy'),
	(822, 28642, 'Xã Xuân Đông'),
	(822, 28645, 'Xã Hòa Định'),
	(822, 28648, 'Xã Bình Ninh'),
	(823, 28651, 'Thị trấn Vĩnh Bình'),
	(823, 28654, 'Xã Đồng Sơn'),
	(823, 28657, 'Xã Bình Phú'),
	(823, 28660, 'Xã Đồng Thạnh'),
	(823, 28663, 'Xã Thành Công'),
	(823, 28666, 'Xã Bình Nhì'),
	(823, 28669, 'Xã Yên Luông'),
	(823, 28672, 'Xã Thạnh Trị'),
	(823, 28675, 'Xã Thạnh Nhựt'),
	(823, 28678, 'Xã Long Vĩnh'),
	(823, 28681, 'Xã Bình Tân'),
	(823, 28684, 'Xã Vĩnh Hựu'),
	(823, 28687, 'Xã Long Bình'),
	(825, 28690, 'Xã Tân Thới'),
	(825, 28693, 'Xã Tân Phú'),
	(825, 28696, 'Xã Phú Thạnh'),
	(825, 28699, 'Xã Tân Thạnh'),
	(824, 28702, 'Thị trấn Tân Hòa'),
	(824, 28705, 'Xã Tăng Hoà'),
	(816, 28708, 'Xã Bình Đông'),
	(824, 28711, 'Xã Tân Phước'),
	(824, 28714, 'Xã Gia Thuận'),
	(816, 28717, 'Xã Bình Xuân'),
	(824, 28720, 'Thị trấn Vàm Láng'),
	(824, 28723, 'Xã Tân Tây'),
	(824, 28726, 'Xã Kiểng Phước'),
	(816, 28729, 'Xã Tân Trung'),
	(824, 28732, 'Xã Tân Đông'),
	(824, 28735, 'Xã Bình Ân'),
	(824, 28738, 'Xã Tân Điền'),
	(824, 28741, 'Xã Bình Nghị'),
	(824, 28744, 'Xã Phước Trung'),
	(824, 28747, 'Xã Tân Thành'),
	(825, 28750, 'Xã Phú Đông'),
	(825, 28753, 'Xã Phú Tân'),
	(829, 28756, 'Phường Phú Khương'),
	(829, 28757, 'Phường Phú Tân'),
	(829, 28759, 'Phường 8'),
	(829, 28762, 'Phường 6'),
	(829, 28777, 'Phường An Hội'),
	(829, 28780, 'Phường 7'),
	(829, 28783, 'Xã Sơn Đông'),
	(829, 28786, 'Xã Phú Hưng'),
	(829, 28789, 'Xã Bình Phú'),
	(829, 28792, 'Xã Mỹ Thạnh An'),
	(829, 28795, 'Xã Nhơn Thạnh'),
	(829, 28798, 'Xã Phú Nhuận'),
	(831, 28804, 'Xã Tân Thạch'),
	(831, 28807, 'Xã Qưới Sơn'),
	(831, 28810, 'Thị trấn Châu Thành'),
	(831, 28813, 'Xã Giao Long'),
	(831, 28819, 'Xã Phú Túc'),
	(831, 28822, 'Xã Phú Đức'),
	(831, 28828, 'Xã An Phước'),
	(831, 28831, 'Xã Tam Phước'),
	(831, 28834, 'Xã Thành Triệu'),
	(831, 28840, 'Xã Tân Phú'),
	(831, 28843, 'Xã Quới Thành'),
	(831, 28846, 'Xã Phước Thạnh'),
	(831, 28852, 'Xã Tiên Long'),
	(831, 28855, 'Xã Tường Đa'),
	(831, 28858, 'Xã Hữu Định'),
	(831, 28861, 'Thị trấn Tiên Thủy'),
	(832, 28870, 'Thị trấn Chợ Lách'),
	(832, 28873, 'Xã Phú Phụng'),
	(832, 28876, 'Xã Sơn Định'),
	(832, 28879, 'Xã Vĩnh Bình'),
	(832, 28882, 'Xã Hòa Nghĩa'),
	(832, 28885, 'Xã Long Thới'),
	(832, 28888, 'Xã Phú Sơn'),
	(838, 28889, 'Xã Phú Mỹ'),
	(832, 28891, 'Xã Tân Thiềng'),
	(832, 28894, 'Xã Vĩnh Thành'),
	(832, 28897, 'Xã Vĩnh Hòa'),
	(832, 28900, 'Xã Hưng Khánh Trung B'),
	(838, 28901, 'Xã Hưng Khánh Trung A'),
	(833, 28903, 'Thị trấn Mỏ Cày'),
	(838, 28906, 'Xã Thanh Tân'),
	(838, 28909, 'Xã Thạnh Ngãi'),
	(838, 28912, 'Xã Tân Phú Tây'),
	(838, 28915, 'Thị trấn Phước Mỹ Trung'),
	(838, 28918, 'Xã Tân Thành Bình'),
	(838, 28921, 'Xã Thành An'),
	(838, 28924, 'Xã Hòa Lộc'),
	(838, 28927, 'Xã Tân Thanh Tây'),
	(833, 28930, 'Xã Định Thủy'),
	(838, 28933, 'Xã Tân Bình'),
	(838, 28936, 'Xã Nhuận Phú Tân'),
	(833, 28939, 'Xã Đa Phước Hội'),
	(833, 28940, 'Xã Tân Hội'),
	(833, 28942, 'Xã Phước Hiệp'),
	(833, 28945, 'Xã Bình Khánh'),
	(838, 28948, 'Xã Khánh Thạnh Tân'),
	(833, 28951, 'Xã An Thạnh'),
	(833, 28957, 'Xã An Định'),
	(833, 28960, 'Xã Thành Thới B'),
	(833, 28963, 'Xã Tân Trung'),
	(833, 28966, 'Xã An Thới'),
	(833, 28969, 'Xã Thành Thới A'),
	(833, 28972, 'Xã Minh Đức'),
	(833, 28975, 'Xã Ngãi Đăng'),
	(833, 28978, 'Xã Cẩm Sơn'),
	(833, 28981, 'Xã Hương Mỹ'),
	(834, 28984, 'Thị trấn Giồng Trôm'),
	(834, 28987, 'Xã Phong Nẫm'),
	(834, 28993, 'Xã Mỹ Thạnh'),
	(834, 28996, 'Xã Châu Hòa'),
	(834, 28999, 'Xã Lương Hòa'),
	(834, 29002, 'Xã Lương Quới'),
	(834, 29005, 'Xã Lương Phú'),
	(834, 29008, 'Xã Châu Bình'),
	(834, 29011, 'Xã Thuận Điền'),
	(834, 29014, 'Xã Sơn Phú'),
	(834, 29017, 'Xã Bình Hoà'),
	(834, 29020, 'Xã Phước Long'),
	(834, 29023, 'Xã Hưng Phong'),
	(834, 29026, 'Xã Long Mỹ'),
	(834, 29029, 'Xã Tân Hào'),
	(834, 29032, 'Xã Bình Thành'),
	(834, 29035, 'Xã Tân Thanh'),
	(834, 29038, 'Xã Tân Lợi Thạnh'),
	(834, 29041, 'Xã Thạnh Phú Đông'),
	(834, 29044, 'Xã Hưng Nhượng'),
	(834, 29047, 'Xã Hưng Lễ'),
	(835, 29050, 'Thị trấn Bình Đại'),
	(835, 29053, 'Xã Tam Hiệp'),
	(835, 29056, 'Xã Long Định'),
	(835, 29059, 'Xã Long Hòa'),
	(835, 29062, 'Xã Phú Thuận'),
	(835, 29065, 'Xã Vang Quới Tây'),
	(835, 29068, 'Xã Vang Quới Đông'),
	(835, 29071, 'Xã Châu Hưng'),
	(835, 29077, 'Xã Lộc Thuận'),
	(835, 29080, 'Xã Định Trung'),
	(835, 29083, 'Xã Thới Lai'),
	(835, 29086, 'Xã Bình Thới'),
	(835, 29089, 'Xã Phú Long'),
	(835, 29092, 'Xã Bình Thắng'),
	(835, 29095, 'Xã Thạnh Trị'),
	(835, 29098, 'Xã Đại Hòa Lộc'),
	(835, 29101, 'Xã Thừa Đức'),
	(835, 29104, 'Xã Thạnh Phước'),
	(835, 29107, 'Xã Thới Thuận'),
	(836, 29110, 'Thị trấn Ba Tri'),
	(836, 29116, 'Xã Mỹ Hòa'),
	(836, 29119, 'Xã Tân Xuân'),
	(836, 29122, 'Xã Mỹ Chánh'),
	(836, 29125, 'Xã Bảo Thạnh'),
	(836, 29128, 'Xã An Phú Trung'),
	(836, 29131, 'Xã Mỹ Thạnh'),
	(836, 29134, 'Xã Mỹ Nhơn'),
	(836, 29137, 'Xã Phước Ngãi'),
	(836, 29143, 'Xã An Ngãi Trung'),
	(836, 29146, 'Xã Phú Lễ'),
	(836, 29149, 'Xã An Bình Tây'),
	(836, 29152, 'Xã Bảo Thuận'),
	(836, 29155, 'Xã Tân Hưng'),
	(836, 29158, 'Xã An Ngãi Tây'),
	(836, 29161, 'Xã An Hiệp'),
	(836, 29164, 'Xã Vĩnh Hòa'),
	(836, 29167, 'Xã Tân Thủy'),
	(836, 29170, 'Xã Vĩnh An'),
	(836, 29173, 'Xã An Đức'),
	(836, 29176, 'Xã An Hòa Tây'),
	(836, 29179, 'Thị trấn Tiệm Tôm'),
	(837, 29182, 'Thị trấn Thạnh Phú'),
	(837, 29185, 'Xã Phú Khánh'),
	(837, 29188, 'Xã Đại Điền'),
	(837, 29191, 'Xã Quới Điền'),
	(837, 29194, 'Xã Tân Phong'),
	(837, 29197, 'Xã Mỹ Hưng'),
	(837, 29200, 'Xã An Thạnh'),
	(837, 29203, 'Xã Thới Thạnh'),
	(837, 29206, 'Xã Hòa Lợi'),
	(837, 29209, 'Xã An Điền'),
	(837, 29212, 'Xã Bình Thạnh'),
	(837, 29215, 'Xã An Thuận'),
	(837, 29218, 'Xã An Quy'),
	(837, 29221, 'Xã Thạnh Hải'),
	(837, 29224, 'Xã An Nhơn'),
	(837, 29227, 'Xã Giao Thạnh'),
	(837, 29230, 'Xã Thạnh Phong'),
	(837, 29233, 'Xã Mỹ An'),
	(842, 29236, 'Phường 4'),
	(842, 29239, 'Phường 1'),
	(842, 29242, 'Phường 3'),
	(842, 29248, 'Phường 5'),
	(842, 29254, 'Phường 7'),
	(842, 29257, 'Phường 8'),
	(842, 29260, 'Phường 9'),
	(842, 29263, 'Xã Long Đức'),
	(844, 29266, 'Thị trấn Càng Long'),
	(844, 29269, 'Xã Mỹ Cẩm'),
	(844, 29272, 'Xã An Trường A'),
	(844, 29275, 'Xã An Trường'),
	(844, 29278, 'Xã Huyền Hội'),
	(844, 29281, 'Xã Tân An'),
	(844, 29284, 'Xã Tân Bình'),
	(844, 29287, 'Xã Bình Phú'),
	(844, 29290, 'Xã Phương Thạnh'),
	(844, 29293, 'Xã Đại Phúc'),
	(844, 29296, 'Xã Đại Phước'),
	(844, 29299, 'Xã Nhị Long Phú'),
	(844, 29302, 'Xã Nhị Long'),
	(844, 29305, 'Xã Đức Mỹ'),
	(845, 29308, 'Thị trấn Cầu Kè'),
	(845, 29311, 'Xã Hòa Ân'),
	(845, 29314, 'Xã Châu Điền'),
	(845, 29317, 'Xã An Phú Tân'),
	(845, 29320, 'Xã Hoà Tân'),
	(845, 29323, 'Xã Ninh Thới'),
	(845, 29326, 'Xã Phong Phú'),
	(845, 29329, 'Xã Phong Thạnh'),
	(845, 29332, 'Xã Tam Ngãi'),
	(845, 29335, 'Xã Thông Hòa'),
	(845, 29338, 'Xã Thạnh Phú'),
	(846, 29341, 'Thị trấn Tiểu Cần'),
	(846, 29344, 'Thị trấn Cầu Quan'),
	(846, 29347, 'Xã Phú Cần'),
	(846, 29350, 'Xã Hiếu Tử'),
	(846, 29353, 'Xã Hiếu Trung'),
	(846, 29356, 'Xã Long Thới'),
	(846, 29359, 'Xã Hùng Hòa'),
	(846, 29362, 'Xã Tân Hùng'),
	(846, 29365, 'Xã Tập Ngãi'),
	(846, 29368, 'Xã Ngãi Hùng'),
	(846, 29371, 'Xã Tân Hòa'),
	(847, 29374, 'Thị trấn Châu Thành'),
	(847, 29377, 'Xã Đa Lộc'),
	(847, 29380, 'Xã Mỹ Chánh'),
	(847, 29383, 'Xã Thanh Mỹ'),
	(847, 29386, 'Xã Lương Hoà A'),
	(847, 29389, 'Xã Lương Hòa'),
	(847, 29392, 'Xã Song Lộc'),
	(847, 29395, 'Xã Nguyệt Hóa'),
	(847, 29398, 'Xã Hòa Thuận'),
	(847, 29401, 'Xã Hòa Lợi'),
	(847, 29404, 'Xã Phước Hảo'),
	(847, 29407, 'Xã Hưng Mỹ'),
	(847, 29410, 'Xã Hòa Minh'),
	(847, 29413, 'Xã Long Hòa'),
	(848, 29416, 'Thị trấn Cầu Ngang'),
	(848, 29419, 'Thị trấn Mỹ Long'),
	(848, 29422, 'Xã Mỹ Long Bắc'),
	(848, 29425, 'Xã Mỹ Long Nam'),
	(848, 29428, 'Xã Mỹ Hòa'),
	(848, 29431, 'Xã Vĩnh Kim'),
	(848, 29434, 'Xã Kim Hòa'),
	(848, 29437, 'Xã Hiệp Hòa'),
	(848, 29440, 'Xã Thuận Hòa'),
	(848, 29443, 'Xã Long Sơn'),
	(848, 29446, 'Xã Nhị Trường'),
	(848, 29449, 'Xã Trường Thọ'),
	(848, 29452, 'Xã Hiệp Mỹ Đông'),
	(848, 29455, 'Xã Hiệp Mỹ Tây'),
	(848, 29458, 'Xã Thạnh Hòa Sơn'),
	(849, 29461, 'Thị trấn Trà Cú'),
	(849, 29462, 'Thị trấn Định An'),
	(849, 29464, 'Xã Phước Hưng'),
	(849, 29467, 'Xã Tập Sơn'),
	(849, 29470, 'Xã Tân Sơn'),
	(849, 29473, 'Xã An Quảng Hữu'),
	(849, 29476, 'Xã Lưu Nghiệp Anh'),
	(849, 29479, 'Xã Ngãi Xuyên'),
	(849, 29482, 'Xã Kim Sơn'),
	(849, 29485, 'Xã Thanh Sơn'),
	(849, 29488, 'Xã Hàm Giang'),
	(849, 29489, 'Xã Hàm Tân'),
	(849, 29491, 'Xã Đại An'),
	(849, 29494, 'Xã Định An'),
	(850, 29497, 'Xã Đôn Xuân'),
	(850, 29500, 'Xã Đôn Châu'),
	(849, 29503, 'Xã Ngọc Biên'),
	(849, 29506, 'Xã Long Hiệp'),
	(849, 29509, 'Xã Tân Hiệp'),
	(851, 29512, 'Phường 1'),
	(850, 29513, 'Thị trấn Long Thành'),
	(851, 29515, 'Xã Long Toàn'),
	(851, 29516, 'Phường 2'),
	(851, 29518, 'Xã Long Hữu'),
	(850, 29521, 'Xã Long Khánh'),
	(851, 29524, 'Xã Dân Thành'),
	(851, 29527, 'Xã Trường Long Hòa'),
	(850, 29530, 'Xã Ngũ Lạc'),
	(850, 29533, 'Xã Long Vĩnh'),
	(850, 29536, 'Xã Đông Hải'),
	(851, 29539, 'Xã Hiệp Thạnh'),
	(855, 29542, 'Phường 9'),
	(855, 29545, 'Phường 5'),
	(855, 29551, 'Phường 1'),
	(855, 29554, 'Phường 4'),
	(855, 29557, 'Phường 3'),
	(855, 29560, 'Phường 8'),
	(855, 29563, 'Phường Tân Ngãi'),
	(855, 29566, 'Phường Tân Hòa'),
	(855, 29569, 'Phường Tân Hội'),
	(855, 29572, 'Phường Trường An'),
	(857, 29578, 'Xã Đồng Phú'),
	(857, 29581, 'Xã Bình Hòa Phước'),
	(857, 29584, 'Xã Hòa Ninh'),
	(857, 29587, 'Xã An Bình'),
	(857, 29590, 'Xã Thanh Đức'),
	(857, 29593, 'Xã Tân Hạnh'),
	(857, 29596, 'Xã Phước Hậu'),
	(857, 29599, 'Xã Long Phước'),
	(857, 29602, 'Thị trấn Long Hồ'),
	(857, 29605, 'Xã Lộc Hòa'),
	(857, 29608, 'Xã Long An'),
	(857, 29611, 'Xã Phú Quới'),
	(857, 29614, 'Xã Thạnh Quới'),
	(857, 29617, 'Xã Hòa Phú'),
	(858, 29623, 'Xã Mỹ An'),
	(858, 29626, 'Xã Mỹ Phước'),
	(858, 29629, 'Xã An Phước'),
	(858, 29632, 'Xã Nhơn Phú'),
	(858, 29635, 'Xã Long Mỹ'),
	(858, 29638, 'Xã Hòa Tịnh'),
	(858, 29641, 'Thị trấn Cái Nhum'),
	(858, 29644, 'Xã Bình Phước'),
	(858, 29647, 'Xã Chánh An'),
	(858, 29650, 'Xã Tân An Hội'),
	(858, 29653, 'Xã Tân Long'),
	(858, 29656, 'Xã Tân Long Hội'),
	(859, 29659, 'Thị trấn Vũng Liêm'),
	(859, 29662, 'Xã Tân Quới Trung'),
	(859, 29665, 'Xã Quới Thiện'),
	(859, 29668, 'Xã Quới An'),
	(859, 29671, 'Xã Trung Chánh'),
	(859, 29674, 'Xã Tân An Luông'),
	(859, 29677, 'Xã Thanh Bình'),
	(859, 29680, 'Xã Trung Thành Tây'),
	(859, 29683, 'Xã Trung Hiệp'),
	(859, 29686, 'Xã Hiếu Phụng'),
	(859, 29689, 'Xã Trung Thành Đông'),
	(859, 29692, 'Xã Trung Thành'),
	(859, 29695, 'Xã Trung Hiếu'),
	(859, 29698, 'Xã Trung Ngãi'),
	(859, 29701, 'Xã Hiếu Thuận'),
	(859, 29704, 'Xã Trung Nghĩa'),
	(859, 29707, 'Xã Trung An'),
	(859, 29710, 'Xã Hiếu Nhơn'),
	(859, 29713, 'Xã Hiếu Thành'),
	(859, 29716, 'Xã Hiếu Nghĩa'),
	(860, 29719, 'Thị trấn Tam Bình'),
	(860, 29722, 'Xã Tân Lộc'),
	(860, 29725, 'Xã Phú Thịnh'),
	(860, 29728, 'Xã Hậu Lộc'),
	(860, 29731, 'Xã Hòa Thạnh'),
	(860, 29734, 'Xã Hoà Lộc'),
	(860, 29737, 'Xã Phú Lộc'),
	(860, 29740, 'Xã Song Phú'),
	(860, 29743, 'Xã Hòa Hiệp'),
	(860, 29746, 'Xã Mỹ Lộc'),
	(860, 29749, 'Xã Tân Phú'),
	(860, 29752, 'Xã Long Phú'),
	(860, 29755, 'Xã Mỹ Thạnh Trung'),
	(860, 29761, 'Xã Loan Mỹ'),
	(860, 29764, 'Xã Ngãi Tứ'),
	(860, 29767, 'Xã Bình Ninh'),
	(861, 29770, 'Phường Cái Vồn'),
	(861, 29771, 'Phường Thành Phước'),
	(863, 29776, 'Xã Tân Thành'),
	(863, 29779, 'Xã Thành Trung'),
	(863, 29782, 'Xã Tân An Thạnh'),
	(863, 29785, 'Xã Tân Lược'),
	(863, 29788, 'Xã Nguyễn Văn Thảnh'),
	(863, 29791, 'Xã Thành Lợi'),
	(863, 29794, 'Xã Mỹ Thuận'),
	(863, 29797, 'Xã Tân Bình'),
	(863, 29800, 'Thị trấn Tân Quới'),
	(861, 29806, 'Xã Thuận An'),
	(861, 29809, 'Xã Đông Thạnh'),
	(861, 29812, 'Xã Đông Bình'),
	(861, 29813, 'Phường Đông Thuận'),
	(861, 29815, 'Xã Mỹ Hòa'),
	(861, 29818, 'Xã Đông Thành'),
	(862, 29821, 'Thị trấn Trà Ôn'),
	(862, 29824, 'Xã Xuân Hiệp'),
	(862, 29827, 'Xã Nhơn Bình'),
	(862, 29830, 'Xã Hòa Bình'),
	(862, 29833, 'Xã Thới Hòa'),
	(862, 29836, 'Xã Trà Côn'),
	(862, 29839, 'Xã Tân Mỹ'),
	(862, 29842, 'Xã Hựu Thành'),
	(862, 29845, 'Xã Vĩnh Xuân'),
	(862, 29848, 'Xã Thuận Thới'),
	(862, 29851, 'Xã Phú Thành'),
	(862, 29857, 'Xã Lục Sỹ Thành'),
	(862, 29860, 'Xã Tích Thiện'),
	(866, 29869, 'Phường 1'),
	(866, 29872, 'Phường 4'),
	(866, 29875, 'Phường 3'),
	(866, 29878, 'Phường 6'),
	(866, 29881, 'Phường Mỹ Ngãi'),
	(866, 29884, 'Xã Mỹ Tân'),
	(866, 29887, 'Xã Mỹ Trà'),
	(866, 29888, 'Phường Mỹ Phú'),
	(866, 29890, 'Xã Tân Thuận Tây'),
	(866, 29892, 'Phường Hoà Thuận'),
	(866, 29893, 'Xã Hòa An'),
	(866, 29896, 'Xã Tân Thuận Đông'),
	(866, 29899, 'Xã Tịnh Thới'),
	(867, 29902, 'Phường 3'),
	(867, 29905, 'Phường 1'),
	(867, 29908, 'Phường 4'),
	(867, 29911, 'Phường 2'),
	(867, 29914, 'Xã Tân Khánh Đông'),
	(867, 29917, 'Phường Tân Quy Đông'),
	(867, 29919, 'Phường An Hoà'),
	(867, 29920, 'Xã Tân Quy Tây'),
	(867, 29923, 'Xã Tân Phú Đông'),
	(869, 29926, 'Thị trấn Sa Rài'),
	(869, 29929, 'Xã Tân Hộ Cơ'),
	(869, 29932, 'Xã Thông Bình'),
	(869, 29935, 'Xã Bình Phú'),
	(869, 29938, 'Xã Tân Thành A'),
	(869, 29941, 'Xã Tân Thành B'),
	(869, 29944, 'Xã Tân Phước'),
	(869, 29947, 'Xã Tân Công Chí'),
	(869, 29950, 'Xã An Phước'),
	(868, 29954, 'Phường An Lộc'),
	(868, 29955, 'Phường An Thạnh'),
	(870, 29956, 'Xã Thường Phước 1'),
	(868, 29959, 'Xã Bình Thạnh'),
	(870, 29962, 'Xã Thường Thới Hậu A'),
	(868, 29965, 'Xã Tân Hội'),
	(870, 29971, 'Thị trấn Thường Thới Tiền'),
	(870, 29974, 'Xã Thường Phước 2'),
	(870, 29977, 'Xã Thường Lạc'),
	(868, 29978, 'Phường An Lạc'),
	(870, 29980, 'Xã Long Khánh A'),
	(870, 29983, 'Xã Long Khánh B'),
	(868, 29986, 'Phường An Bình B'),
	(868, 29989, 'Phường An Bình A'),
	(870, 29992, 'Xã Long Thuận'),
	(870, 29995, 'Xã Phú Thuận B'),
	(870, 29998, 'Xã Phú Thuận A'),
	(871, 30001, 'Thị trấn Tràm Chim'),
	(871, 30004, 'Xã Hoà Bình'),
	(871, 30007, 'Xã Tân Công Sính'),
	(871, 30010, 'Xã Phú Hiệp'),
	(871, 30013, 'Xã Phú Đức'),
	(871, 30016, 'Xã Phú Thành B'),
	(871, 30019, 'Xã An Hòa'),
	(871, 30022, 'Xã An Long'),
	(871, 30025, 'Xã Phú Cường'),
	(871, 30028, 'Xã Phú Ninh'),
	(871, 30031, 'Xã Phú Thọ'),
	(871, 30034, 'Xã Phú Thành A'),
	(872, 30037, 'Thị trấn Mỹ An'),
	(872, 30040, 'Xã Thạnh Lợi'),
	(872, 30043, 'Xã Hưng Thạnh'),
	(872, 30046, 'Xã Trường Xuân'),
	(872, 30049, 'Xã Tân Kiều'),
	(872, 30052, 'Xã Mỹ Hòa'),
	(872, 30055, 'Xã Mỹ Quý'),
	(872, 30058, 'Xã Mỹ Đông'),
	(872, 30061, 'Xã Đốc Binh Kiều'),
	(872, 30064, 'Xã Mỹ An'),
	(872, 30067, 'Xã Phú Điền'),
	(872, 30070, 'Xã Láng Biển'),
	(872, 30073, 'Xã Thanh Mỹ'),
	(873, 30076, 'Thị trấn Mỹ Thọ'),
	(873, 30079, 'Xã Gáo Giồng'),
	(873, 30082, 'Xã Phương Thịnh'),
	(873, 30085, 'Xã Ba Sao'),
	(873, 30088, 'Xã Phong Mỹ'),
	(873, 30091, 'Xã Tân Nghĩa'),
	(873, 30094, 'Xã Phương Trà'),
	(873, 30097, 'Xã Nhị Mỹ'),
	(873, 30100, 'Xã Mỹ Thọ'),
	(873, 30103, 'Xã Tân Hội Trung'),
	(873, 30106, 'Xã An Bình'),
	(873, 30109, 'Xã Mỹ Hội'),
	(873, 30112, 'Xã Mỹ Hiệp'),
	(873, 30115, 'Xã Mỹ Long'),
	(873, 30118, 'Xã Bình Hàng Trung'),
	(873, 30121, 'Xã Mỹ Xương'),
	(873, 30124, 'Xã Bình Hàng Tây'),
	(873, 30127, 'Xã Bình Thạnh'),
	(874, 30130, 'Thị trấn Thanh Bình'),
	(874, 30133, 'Xã Tân Quới'),
	(874, 30136, 'Xã Tân Hòa'),
	(874, 30139, 'Xã An Phong'),
	(874, 30142, 'Xã Phú Lợi'),
	(874, 30145, 'Xã Tân Mỹ'),
	(874, 30148, 'Xã Bình Tấn'),
	(874, 30151, 'Xã Tân Huề'),
	(874, 30154, 'Xã Tân Bình'),
	(874, 30157, 'Xã Tân Thạnh'),
	(874, 30160, 'Xã Tân Phú'),
	(874, 30163, 'Xã Bình Thành'),
	(874, 30166, 'Xã Tân Long'),
	(875, 30169, 'Thị trấn Lấp Vò'),
	(875, 30172, 'Xã Mỹ An Hưng A'),
	(875, 30175, 'Xã Tân Mỹ'),
	(875, 30178, 'Xã Mỹ An Hưng B'),
	(875, 30181, 'Xã Tân Khánh Trung'),
	(875, 30184, 'Xã Long Hưng A'),
	(875, 30187, 'Xã Vĩnh Thạnh'),
	(875, 30190, 'Xã Long Hưng B'),
	(875, 30193, 'Xã Bình Thành'),
	(875, 30196, 'Xã Định An'),
	(875, 30199, 'Xã Định Yên'),
	(875, 30202, 'Xã Hội An Đông'),
	(875, 30205, 'Xã Bình Thạnh Trung'),
	(876, 30208, 'Thị trấn Lai Vung'),
	(876, 30211, 'Xã Tân Dương'),
	(876, 30214, 'Xã Hòa Thành'),
	(876, 30217, 'Xã Long Hậu'),
	(876, 30220, 'Xã Tân Phước'),
	(876, 30223, 'Xã Hòa Long'),
	(876, 30226, 'Xã Tân Thành'),
	(876, 30229, 'Xã Long Thắng'),
	(876, 30232, 'Xã Vĩnh Thới'),
	(876, 30235, 'Xã Tân Hòa'),
	(876, 30238, 'Xã Định Hòa'),
	(876, 30241, 'Xã Phong Hòa'),
	(877, 30244, 'Thị trấn Cái Tàu Hạ'),
	(877, 30247, 'Xã An Hiệp'),
	(877, 30250, 'Xã An Nhơn'),
	(877, 30253, 'Xã Tân Nhuận Đông'),
	(877, 30256, 'Xã Tân Bình'),
	(877, 30259, 'Xã Tân Phú Trung'),
	(877, 30262, 'Xã Phú Long'),
	(877, 30265, 'Xã An Phú Thuận'),
	(877, 30268, 'Xã Phú Hựu'),
	(877, 30271, 'Xã An Khánh'),
	(877, 30274, 'Xã Tân Phú'),
	(877, 30277, 'Xã Hòa Tân'),
	(883, 30280, 'Phường Mỹ Bình'),
	(883, 30283, 'Phường Mỹ Long'),
	(883, 30286, 'Phường Mỹ Xuyên'),
	(883, 30289, 'Phường Bình Đức'),
	(883, 30292, 'Phường Bình Khánh'),
	(883, 30295, 'Phường Mỹ Phước'),
	(883, 30298, 'Phường Mỹ Quý'),
	(883, 30301, 'Phường Mỹ Thới'),
	(883, 30304, 'Phường Mỹ Thạnh'),
	(883, 30307, 'Phường Mỹ Hòa'),
	(883, 30310, 'Xã Mỹ Khánh'),
	(883, 30313, 'Xã Mỹ Hoà Hưng'),
	(884, 30316, 'Phường Châu Phú B'),
	(884, 30319, 'Phường Châu Phú A'),
	(884, 30322, 'Phường Vĩnh Mỹ'),
	(884, 30325, 'Phường Núi Sam'),
	(884, 30328, 'Phường Vĩnh Ngươn'),
	(884, 30331, 'Xã Vĩnh Tế'),
	(884, 30334, 'Xã Vĩnh Châu'),
	(886, 30337, 'Thị trấn An Phú'),
	(886, 30340, 'Xã Khánh An'),
	(886, 30341, 'Thị trấn Long Bình'),
	(886, 30343, 'Xã Khánh Bình'),
	(886, 30346, 'Xã Quốc Thái'),
	(886, 30349, 'Xã Nhơn Hội'),
	(886, 30352, 'Xã Phú Hữu'),
	(886, 30355, 'Xã Phú Hội'),
	(886, 30358, 'Xã Phước Hưng'),
	(886, 30361, 'Xã Vĩnh Lộc'),
	(886, 30364, 'Xã Vĩnh Hậu'),
	(886, 30367, 'Xã Vĩnh Trường'),
	(886, 30370, 'Xã Vĩnh Hội Đông'),
	(886, 30373, 'Thị trấn Đa Phước'),
	(887, 30376, 'Phường Long Thạnh'),
	(887, 30377, 'Phường Long Hưng'),
	(887, 30378, 'Phường Long Châu'),
	(887, 30379, 'Xã Phú Lộc'),
	(887, 30382, 'Xã Vĩnh Xương'),
	(887, 30385, 'Xã Vĩnh Hòa'),
	(887, 30387, 'Xã Tân Thạnh'),
	(887, 30388, 'Xã Tân An'),
	(887, 30391, 'Xã Long An'),
	(887, 30394, 'Phường Long Phú'),
	(887, 30397, 'Xã Châu Phong'),
	(887, 30400, 'Xã Phú Vĩnh'),
	(887, 30403, 'Xã Lê Chánh'),
	(888, 30406, 'Thị trấn Phú Mỹ'),
	(888, 30409, 'Thị trấn Chợ Vàm'),
	(887, 30412, 'Phường Long Sơn'),
	(888, 30415, 'Xã Long Hoà'),
	(888, 30418, 'Xã Phú Long'),
	(888, 30421, 'Xã Phú Lâm'),
	(888, 30424, 'Xã Phú Hiệp'),
	(888, 30427, 'Xã Phú Thạnh'),
	(888, 30430, 'Xã Hoà Lạc'),
	(888, 30433, 'Xã Phú Thành'),
	(888, 30436, 'Xã Phú An'),
	(888, 30439, 'Xã Phú Xuân'),
	(888, 30442, 'Xã Hiệp Xương'),
	(888, 30445, 'Xã Phú Bình'),
	(888, 30448, 'Xã Phú Thọ'),
	(888, 30451, 'Xã Phú Hưng'),
	(888, 30454, 'Xã Bình Thạnh Đông'),
	(888, 30457, 'Xã Tân Hòa'),
	(888, 30460, 'Xã Tân Trung'),
	(889, 30463, 'Thị trấn Cái Dầu'),
	(889, 30466, 'Xã Khánh Hòa'),
	(889, 30469, 'Xã Mỹ Đức'),
	(889, 30472, 'Xã Mỹ Phú'),
	(889, 30475, 'Xã Ô Long Vỹ'),
	(889, 30478, 'Thị trấn Vĩnh Thạnh Trung'),
	(889, 30481, 'Xã Thạnh Mỹ Tây'),
	(889, 30484, 'Xã Bình Long'),
	(889, 30487, 'Xã Bình Mỹ'),
	(889, 30490, 'Xã Bình Thủy'),
	(889, 30493, 'Xã Đào Hữu Cảnh'),
	(889, 30496, 'Xã Bình Phú'),
	(889, 30499, 'Xã Bình Chánh'),
	(890, 30502, 'Phường Nhà Bàng'),
	(890, 30505, 'Phường Chi Lăng'),
	(890, 30508, 'Phường Núi Voi'),
	(890, 30511, 'Phường Nhơn Hưng'),
	(890, 30514, 'Phường An Phú'),
	(890, 30517, 'Phường Thới Sơn'),
	(890, 30520, 'Phường Tịnh Biên'),
	(890, 30523, 'Xã Văn Giáo'),
	(890, 30526, 'Xã An Cư'),
	(890, 30529, 'Xã An Nông'),
	(890, 30532, 'Xã Vĩnh Trung'),
	(890, 30535, 'Xã Tân Lợi'),
	(890, 30538, 'Xã An Hảo'),
	(890, 30541, 'Xã Tân Lập'),
	(891, 30544, 'Thị trấn Tri Tôn'),
	(891, 30547, 'Thị trấn Ba Chúc'),
	(891, 30550, 'Xã Lạc Quới'),
	(891, 30553, 'Xã Lê Trì'),
	(891, 30556, 'Xã Vĩnh Gia'),
	(891, 30559, 'Xã Vĩnh Phước'),
	(891, 30562, 'Xã Châu Lăng'),
	(891, 30565, 'Xã Lương Phi'),
	(891, 30568, 'Xã Lương An Trà'),
	(891, 30571, 'Xã Tà Đảnh'),
	(891, 30574, 'Xã Núi Tô'),
	(891, 30577, 'Xã An Tức'),
	(891, 30580, 'Thị trấn Cô Tô'),
	(891, 30583, 'Xã Tân Tuyến'),
	(891, 30586, 'Xã Ô Lâm'),
	(892, 30589, 'Thị trấn An Châu'),
	(892, 30592, 'Xã An Hòa'),
	(892, 30595, 'Xã Cần Đăng'),
	(892, 30598, 'Xã Vĩnh Hanh'),
	(892, 30601, 'Xã Bình Thạnh'),
	(892, 30604, 'Thị trấn Vĩnh Bình'),
	(892, 30607, 'Xã Bình Hòa'),
	(892, 30610, 'Xã Vĩnh An'),
	(892, 30613, 'Xã Hòa Bình Thạnh'),
	(892, 30616, 'Xã Vĩnh Lợi'),
	(892, 30619, 'Xã Vĩnh Nhuận'),
	(892, 30622, 'Xã Tân Phú'),
	(892, 30625, 'Xã Vĩnh Thành'),
	(893, 30628, 'Thị trấn Chợ Mới'),
	(893, 30631, 'Thị trấn Mỹ Luông'),
	(893, 30634, 'Xã Kiến An'),
	(893, 30637, 'Xã Mỹ Hội Đông'),
	(893, 30640, 'Xã Long Điền A'),
	(893, 30643, 'Xã Tấn Mỹ'),
	(893, 30646, 'Xã Long Điền B'),
	(893, 30649, 'Xã Kiến Thành'),
	(893, 30652, 'Xã Mỹ Hiệp'),
	(893, 30655, 'Xã Mỹ An'),
	(893, 30658, 'Xã Nhơn Mỹ'),
	(893, 30661, 'Xã Long Giang'),
	(893, 30664, 'Xã Long Kiến'),
	(893, 30667, 'Xã Bình Phước Xuân'),
	(893, 30670, 'Xã An Thạnh Trung'),
	(893, 30673, 'Thị trấn Hội An'),
	(893, 30676, 'Xã Hòa Bình'),
	(893, 30679, 'Xã Hòa An'),
	(894, 30682, 'Thị trấn Núi Sập'),
	(894, 30685, 'Thị trấn Phú Hoà'),
	(894, 30688, 'Thị trấn Óc Eo'),
	(894, 30691, 'Xã Tây Phú'),
	(894, 30692, 'Xã An Bình'),
	(894, 30694, 'Xã Vĩnh Phú'),
	(894, 30697, 'Xã Vĩnh Trạch'),
	(894, 30700, 'Xã Phú Thuận'),
	(894, 30703, 'Xã Vĩnh Chánh'),
	(894, 30706, 'Xã Định Mỹ'),
	(894, 30709, 'Xã Định Thành'),
	(894, 30712, 'Xã Mỹ Phú Đông'),
	(894, 30715, 'Xã Vọng Đông'),
	(894, 30718, 'Xã Vĩnh Khánh'),
	(894, 30721, 'Xã Thoại Giang'),
	(894, 30724, 'Xã Bình Thành'),
	(894, 30727, 'Xã Vọng Thê'),
	(899, 30733, 'Phường Vĩnh Thanh'),
	(899, 30736, 'Phường Vĩnh Quang'),
	(899, 30739, 'Phường Vĩnh Hiệp'),
	(899, 30742, 'Phường Vĩnh Thanh Vân'),
	(899, 30745, 'Phường Vĩnh Lạc'),
	(899, 30748, 'Phường An Hòa'),
	(899, 30751, 'Phường An Bình'),
	(899, 30754, 'Phường Rạch Sỏi'),
	(899, 30757, 'Phường Vĩnh Lợi'),
	(899, 30760, 'Phường Vĩnh Thông'),
	(899, 30763, 'Xã Phi Thông'),
	(900, 30766, 'Phường Tô Châu'),
	(900, 30769, 'Phường Đông Hồ'),
	(900, 30772, 'Phường Bình San'),
	(900, 30775, 'Phường Pháo Đài'),
	(900, 30778, 'Phường Mỹ Đức'),
	(900, 30781, 'Xã Tiên Hải'),
	(900, 30784, 'Xã Thuận Yên'),
	(902, 30787, 'Thị trấn Kiên Lương'),
	(902, 30790, 'Xã Kiên Bình'),
	(914, 30791, 'Xã Vĩnh Phú'),
	(914, 30793, 'Xã Vĩnh Điều'),
	(914, 30796, 'Xã Tân Khánh Hòa'),
	(914, 30797, 'Xã Phú Lợi'),
	(914, 30799, 'Xã Phú Mỹ'),
	(902, 30802, 'Xã Hòa Điền'),
	(902, 30805, 'Xã Dương Hòa'),
	(902, 30808, 'Xã Bình An'),
	(902, 30809, 'Xã Bình Trị'),
	(902, 30811, 'Xã Sơn Hải'),
	(902, 30814, 'Xã Hòn Nghệ'),
	(903, 30817, 'Thị trấn Hòn Đất'),
	(903, 30820, 'Thị trấn Sóc Sơn'),
	(903, 30823, 'Xã Bình Sơn'),
	(903, 30826, 'Xã Bình Giang'),
	(903, 30828, 'Xã Mỹ Thái'),
	(903, 30829, 'Xã Nam Thái Sơn'),
	(903, 30832, 'Xã Mỹ Hiệp Sơn'),
	(903, 30835, 'Xã Sơn Kiên'),
	(903, 30836, 'Xã Sơn Bình'),
	(903, 30838, 'Xã Mỹ Thuận'),
	(903, 30840, 'Xã Lình Huỳnh'),
	(903, 30841, 'Xã Thổ Sơn'),
	(903, 30844, 'Xã Mỹ Lâm'),
	(903, 30847, 'Xã Mỹ Phước'),
	(904, 30850, 'Thị trấn Tân Hiệp'),
	(904, 30853, 'Xã Tân Hội'),
	(904, 30856, 'Xã Tân Thành'),
	(904, 30859, 'Xã Tân Hiệp B'),
	(904, 30860, 'Xã Tân Hoà'),
	(904, 30862, 'Xã Thạnh Đông B'),
	(904, 30865, 'Xã Thạnh Đông'),
	(904, 30868, 'Xã Tân Hiệp A'),
	(904, 30871, 'Xã Tân An'),
	(904, 30874, 'Xã Thạnh Đông A'),
	(904, 30877, 'Xã Thạnh Trị'),
	(905, 30880, 'Thị trấn Minh Lương'),
	(905, 30883, 'Xã Mong Thọ A'),
	(905, 30886, 'Xã Mong Thọ B'),
	(905, 30887, 'Xã Mong Thọ'),
	(905, 30889, 'Xã Giục Tượng'),
	(905, 30892, 'Xã Vĩnh Hòa Hiệp'),
	(905, 30893, 'Xã Vĩnh Hoà Phú'),
	(905, 30895, 'Xã Minh Hòa'),
	(905, 30898, 'Xã Bình An'),
	(905, 30901, 'Xã Thạnh Lộc'),
	(906, 30904, 'Thị trấn Giồng Riềng'),
	(906, 30907, 'Xã Thạnh Hưng'),
	(906, 30910, 'Xã Thạnh Phước'),
	(906, 30913, 'Xã Thạnh Lộc'),
	(906, 30916, 'Xã Thạnh Hòa'),
	(906, 30917, 'Xã Thạnh Bình'),
	(906, 30919, 'Xã Bàn Thạch'),
	(906, 30922, 'Xã Bàn Tân Định'),
	(906, 30925, 'Xã Ngọc Thành'),
	(906, 30928, 'Xã Ngọc Chúc'),
	(906, 30931, 'Xã Ngọc Thuận'),
	(906, 30934, 'Xã Hòa Hưng'),
	(906, 30937, 'Xã Hoà Lợi'),
	(906, 30940, 'Xã Hoà An'),
	(906, 30943, 'Xã Long Thạnh'),
	(906, 30946, 'Xã Vĩnh Thạnh'),
	(906, 30947, 'Xã Vĩnh Phú'),
	(906, 30949, 'Xã Hòa Thuận'),
	(906, 30950, 'Xã Ngọc Hoà'),
	(907, 30952, 'Thị trấn Gò Quao'),
	(907, 30955, 'Xã Vĩnh Hòa Hưng Bắc'),
	(907, 30958, 'Xã Định Hòa'),
	(907, 30961, 'Xã Thới Quản'),
	(907, 30964, 'Xã Định An'),
	(907, 30967, 'Xã Thủy Liễu'),
	(907, 30970, 'Xã Vĩnh Hòa Hưng Nam'),
	(907, 30973, 'Xã Vĩnh Phước A'),
	(907, 30976, 'Xã Vĩnh Phước B'),
	(907, 30979, 'Xã Vĩnh Tuy'),
	(907, 30982, 'Xã Vĩnh Thắng'),
	(908, 30985, 'Thị trấn Thứ Ba'),
	(908, 30988, 'Xã Tây Yên'),
	(908, 30991, 'Xã Tây Yên A'),
	(908, 30994, 'Xã Nam Yên'),
	(908, 30997, 'Xã Hưng Yên'),
	(908, 31000, 'Xã Nam Thái'),
	(908, 31003, 'Xã Nam Thái A'),
	(908, 31006, 'Xã Đông Thái'),
	(908, 31009, 'Xã Đông Yên'),
	(913, 31012, 'Xã Thạnh Yên'),
	(913, 31015, 'Xã Thạnh Yên A'),
	(909, 31018, 'Thị trấn Thứ Mười Một'),
	(909, 31021, 'Xã Thuận Hoà'),
	(909, 31024, 'Xã Đông Hòa'),
	(913, 31027, 'Xã An Minh Bắc'),
	(909, 31030, 'Xã Đông Thạnh'),
	(909, 31031, 'Xã Tân Thạnh'),
	(909, 31033, 'Xã Đông Hưng'),
	(909, 31036, 'Xã Đông Hưng A'),
	(909, 31039, 'Xã Đông Hưng B'),
	(909, 31042, 'Xã Vân Khánh'),
	(909, 31045, 'Xã Vân Khánh Đông'),
	(909, 31048, 'Xã Vân Khánh Tây'),
	(910, 31051, 'Thị trấn Vĩnh Thuận'),
	(913, 31054, 'Xã Vĩnh Hòa'),
	(913, 31057, 'Xã Hoà Chánh'),
	(910, 31060, 'Xã Vĩnh Bình Bắc'),
	(910, 31063, 'Xã Vĩnh Bình Nam'),
	(910, 31064, 'Xã Bình Minh'),
	(913, 31066, 'Xã Minh Thuận'),
	(910, 31069, 'Xã Vĩnh Thuận'),
	(910, 31072, 'Xã Tân Thuận'),
	(910, 31074, 'Xã Phong Đông'),
	(910, 31075, 'Xã Vĩnh Phong'),
	(911, 31078, 'Phường Dương Đông'),
	(911, 31081, 'Phường An Thới'),
	(911, 31084, 'Xã Cửa Cạn'),
	(911, 31087, 'Xã Gành Dầu'),
	(911, 31090, 'Xã Cửa Dương'),
	(911, 31093, 'Xã Hàm Ninh'),
	(911, 31096, 'Xã Dương Tơ'),
	(911, 31102, 'Xã Bãi Thơm'),
	(911, 31105, 'Xã Thổ Châu'),
	(912, 31108, 'Xã Hòn Tre'),
	(912, 31111, 'Xã Lại Sơn'),
	(912, 31114, 'Xã An Sơn'),
	(912, 31115, 'Xã Nam Du'),
	(916, 31117, 'Phường Cái Khế'),
	(916, 31120, 'Phường An Hòa'),
	(916, 31123, 'Phường Thới Bình'),
	(916, 31135, 'Phường Tân An'),
	(916, 31144, 'Phường Xuân Khánh'),
	(916, 31147, 'Phường Hưng Lợi'),
	(916, 31149, 'Phường An Khánh'),
	(916, 31150, 'Phường An Bình'),
	(917, 31153, 'Phường Châu Văn Liêm'),
	(917, 31154, 'Phường Thới Hòa'),
	(917, 31156, 'Phường Thới Long'),
	(917, 31157, 'Phường Long Hưng'),
	(917, 31159, 'Phường Thới An'),
	(917, 31162, 'Phường Phước Thới'),
	(917, 31165, 'Phường Trường Lạc'),
	(918, 31168, 'Phường Bình Thủy'),
	(918, 31169, 'Phường Trà An'),
	(918, 31171, 'Phường Trà Nóc'),
	(918, 31174, 'Phường Thới An Đông'),
	(918, 31177, 'Phường An Thới'),
	(918, 31178, 'Phường Bùi Hữu Nghĩa'),
	(918, 31180, 'Phường Long Hòa'),
	(918, 31183, 'Phường Long Tuyền'),
	(919, 31186, 'Phường Lê Bình'),
	(919, 31189, 'Phường Hưng Phú'),
	(919, 31192, 'Phường Hưng Thạnh'),
	(919, 31195, 'Phường Ba Láng'),
	(919, 31198, 'Phường Thường Thạnh'),
	(919, 31201, 'Phường Phú Thứ'),
	(919, 31204, 'Phường Tân Phú'),
	(923, 31207, 'Phường Thốt Nốt'),
	(923, 31210, 'Phường Thới Thuận'),
	(924, 31211, 'Xã Vĩnh Bình'),
	(923, 31212, 'Phường Thuận An'),
	(923, 31213, 'Phường Tân Lộc'),
	(923, 31216, 'Phường Trung Nhứt'),
	(923, 31217, 'Phường Thạnh Hoà'),
	(923, 31219, 'Phường Trung Kiên'),
	(925, 31222, 'Xã Trung An'),
	(925, 31225, 'Xã Trung Thạnh'),
	(923, 31227, 'Phường Tân Hưng'),
	(923, 31228, 'Phường Thuận Hưng'),
	(924, 31231, 'Thị trấn Thanh An'),
	(924, 31232, 'Thị trấn Vĩnh Thạnh'),
	(924, 31234, 'Xã Thạnh Mỹ'),
	(924, 31237, 'Xã Vĩnh Trinh'),
	(924, 31240, 'Xã Thạnh An'),
	(924, 31241, 'Xã Thạnh Tiến'),
	(924, 31243, 'Xã Thạnh Thắng'),
	(924, 31244, 'Xã Thạnh Lợi'),
	(924, 31246, 'Xã Thạnh Qưới'),
	(925, 31249, 'Xã Thạnh Phú'),
	(924, 31252, 'Xã Thạnh Lộc'),
	(925, 31255, 'Xã Trung Hưng'),
	(927, 31258, 'Thị trấn Thới Lai'),
	(925, 31261, 'Thị trấn Cờ Đỏ'),
	(925, 31264, 'Xã Thới Hưng'),
	(927, 31267, 'Xã Thới Thạnh'),
	(927, 31268, 'Xã Tân Thạnh'),
	(927, 31270, 'Xã Xuân Thắng'),
	(925, 31273, 'Xã Đông Hiệp'),
	(925, 31274, 'Xã Đông Thắng'),
	(925, 31276, 'Xã Thới Đông'),
	(925, 31277, 'Xã Thới Xuân'),
	(927, 31279, 'Xã Đông Bình'),
	(927, 31282, 'Xã Đông Thuận'),
	(927, 31285, 'Xã Thới Tân'),
	(927, 31286, 'Xã Trường Thắng'),
	(927, 31288, 'Xã Định Môn'),
	(927, 31291, 'Xã Trường Thành'),
	(927, 31294, 'Xã Trường Xuân'),
	(927, 31297, 'Xã Trường Xuân A'),
	(927, 31298, 'Xã Trường Xuân B'),
	(926, 31299, 'Thị trấn Phong Điền'),
	(926, 31300, 'Xã Nhơn Ái'),
	(926, 31303, 'Xã Giai Xuân'),
	(926, 31306, 'Xã Tân Thới'),
	(926, 31309, 'Xã Trường Long'),
	(926, 31312, 'Xã Mỹ Khánh'),
	(926, 31315, 'Xã Nhơn Nghĩa'),
	(930, 31318, 'Phường I'),
	(930, 31321, 'Phường III'),
	(930, 31324, 'Phường IV'),
	(930, 31327, 'Phường V'),
	(930, 31330, 'Phường VII'),
	(930, 31333, 'Xã Vị Tân'),
	(930, 31336, 'Xã Hoả Lựu'),
	(930, 31338, 'Xã Tân Tiến'),
	(930, 31339, 'Xã Hoả Tiến'),
	(931, 31340, 'Phường Ngã Bảy'),
	(931, 31341, 'Phường Lái Hiếu'),
	(932, 31342, 'Thị trấn Một Ngàn'),
	(931, 31343, 'Phường Hiệp Thành'),
	(931, 31344, 'Phường Hiệp Lợi'),
	(932, 31345, 'Xã Tân Hoà'),
	(932, 31346, 'Thị trấn Bảy Ngàn'),
	(932, 31348, 'Xã Trường Long Tây'),
	(932, 31351, 'Xã Trường Long A'),
	(932, 31357, 'Xã Nhơn Nghĩa A'),
	(932, 31359, 'Thị trấn Rạch Gòi'),
	(932, 31360, 'Xã Thạnh Xuân'),
	(932, 31362, 'Thị trấn Cái Tắc'),
	(932, 31363, 'Xã Tân Phú Thạnh'),
	(933, 31366, 'Thị trấn Ngã Sáu'),
	(933, 31369, 'Xã Đông Thạnh'),
	(933, 31375, 'Xã Đông Phú'),
	(933, 31378, 'Xã Phú Hữu'),
	(933, 31379, 'Xã Phú Tân'),
	(933, 31381, 'Thị trấn Mái Dầm'),
	(933, 31384, 'Xã Đông Phước'),
	(933, 31387, 'Xã Đông Phước A'),
	(934, 31393, 'Thị trấn Kinh Cùng'),
	(934, 31396, 'Thị trấn Cây Dương'),
	(934, 31399, 'Xã Tân Bình'),
	(934, 31402, 'Xã Bình Thành'),
	(934, 31405, 'Xã Thạnh Hòa'),
	(934, 31408, 'Xã Long Thạnh'),
	(931, 31411, 'Xã Đại Thành'),
	(931, 31414, 'Xã Tân Thành'),
	(934, 31417, 'Xã Phụng Hiệp'),
	(934, 31420, 'Xã Hòa Mỹ'),
	(934, 31423, 'Xã Hòa An'),
	(934, 31426, 'Xã Phương Bình'),
	(934, 31429, 'Xã Hiệp Hưng'),
	(934, 31432, 'Xã Tân Phước Hưng'),
	(934, 31433, 'Thị trấn Búng Tàu'),
	(934, 31435, 'Xã Phương Phú'),
	(934, 31438, 'Xã Tân Long'),
	(935, 31441, 'Thị trấn Nàng Mau'),
	(935, 31444, 'Xã Vị Trung'),
	(935, 31447, 'Xã Vị Thuỷ'),
	(935, 31450, 'Xã Vị Thắng'),
	(935, 31453, 'Xã Vĩnh Thuận Tây'),
	(935, 31456, 'Xã Vĩnh Trung'),
	(935, 31459, 'Xã Vĩnh Tường'),
	(935, 31462, 'Xã Vị Đông'),
	(935, 31465, 'Xã Vị Thanh'),
	(935, 31468, 'Xã Vị Bình'),
	(937, 31471, 'Phường Thuận An'),
	(937, 31472, 'Phường Trà Lồng'),
	(937, 31473, 'Phường Bình Thạnh'),
	(937, 31474, 'Xã Long Bình'),
	(937, 31475, 'Phường Vĩnh Tường'),
	(937, 31477, 'Xã Long Trị'),
	(937, 31478, 'Xã Long Trị A'),
	(937, 31480, 'Xã Long Phú'),
	(937, 31481, 'Xã Tân Phú'),
	(936, 31483, 'Xã Thuận Hưng'),
	(936, 31484, 'Xã Thuận Hòa'),
	(936, 31486, 'Xã Vĩnh Thuận Đông'),
	(936, 31489, 'Thị trấn Vĩnh Viễn'),
	(936, 31490, 'Xã Vĩnh Viễn A'),
	(936, 31492, 'Xã Lương Tâm'),
	(936, 31493, 'Xã Lương Nghĩa'),
	(936, 31495, 'Xã Xà Phiên'),
	(941, 31498, 'Phường 5'),
	(941, 31501, 'Phường 7'),
	(941, 31504, 'Phường 8'),
	(941, 31507, 'Phường 6'),
	(941, 31510, 'Phường 2'),
	(941, 31516, 'Phường 4'),
	(941, 31519, 'Phường 3'),
	(941, 31522, 'Phường 1'),
	(941, 31525, 'Phường 10'),
	(943, 31528, 'Thị trấn Kế Sách'),
	(943, 31531, 'Thị trấn An Lạc Thôn'),
	(943, 31534, 'Xã Xuân Hòa'),
	(943, 31537, 'Xã Phong Nẫm'),
	(943, 31540, 'Xã An Lạc Tây'),
	(943, 31543, 'Xã Trinh Phú'),
	(943, 31546, 'Xã Ba Trinh'),
	(943, 31549, 'Xã Thới An Hội'),
	(943, 31552, 'Xã Nhơn Mỹ'),
	(943, 31555, 'Xã Kế Thành'),
	(943, 31558, 'Xã Kế An'),
	(943, 31561, 'Xã Đại Hải'),
	(943, 31564, 'Xã An Mỹ'),
	(944, 31567, 'Thị trấn Huỳnh Hữu Nghĩa'),
	(942, 31569, 'Thị trấn Châu Thành'),
	(942, 31570, 'Xã Hồ Đắc Kiện'),
	(942, 31573, 'Xã Phú Tâm'),
	(942, 31576, 'Xã Thuận Hòa'),
	(944, 31579, 'Xã Long Hưng'),
	(942, 31582, 'Xã Phú Tân'),
	(942, 31585, 'Xã Thiện Mỹ'),
	(944, 31588, 'Xã Hưng Phú'),
	(944, 31591, 'Xã Mỹ Hương'),
	(942, 31594, 'Xã An Hiệp'),
	(944, 31597, 'Xã Mỹ Tú'),
	(942, 31600, 'Xã An Ninh'),
	(944, 31603, 'Xã Mỹ Phước'),
	(944, 31606, 'Xã Thuận Hưng'),
	(944, 31609, 'Xã Mỹ Thuận'),
	(944, 31612, 'Xã Phú Mỹ'),
	(945, 31615, 'Thị trấn Cù Lao Dung'),
	(945, 31618, 'Xã An Thạnh 1'),
	(945, 31621, 'Xã An Thạnh Tây'),
	(945, 31624, 'Xã An Thạnh Đông'),
	(945, 31627, 'Xã Đại Ân 1'),
	(945, 31630, 'Xã An Thạnh 2'),
	(945, 31633, 'Xã An Thạnh 3'),
	(945, 31636, 'Xã An Thạnh Nam'),
	(946, 31639, 'Thị trấn Long Phú'),
	(946, 31642, 'Xã Song Phụng'),
	(946, 31645, 'Thị trấn Đại Ngãi'),
	(946, 31648, 'Xã Hậu Thạnh'),
	(946, 31651, 'Xã Long Đức'),
	(946, 31654, 'Xã Trường Khánh'),
	(946, 31657, 'Xã Phú Hữu'),
	(946, 31660, 'Xã Tân Hưng'),
	(946, 31663, 'Xã Châu Khánh'),
	(946, 31666, 'Xã Tân Thạnh'),
	(946, 31669, 'Xã Long Phú'),
	(951, 31672, 'Xã Đại Ân 2'),
	(951, 31673, 'Thị trấn Trần Đề'),
	(951, 31675, 'Xã Liêu Tú'),
	(951, 31678, 'Xã Lịch Hội Thượng'),
	(951, 31679, 'Thị trấn Lịch Hội Thượng'),
	(951, 31681, 'Xã Trung Bình'),
	(947, 31684, 'Thị trấn Mỹ Xuyên'),
	(951, 31687, 'Xã Tài Văn'),
	(947, 31690, 'Xã Đại Tâm'),
	(947, 31693, 'Xã Tham Đôn'),
	(951, 31696, 'Xã Viên An'),
	(951, 31699, 'Xã Thạnh Thới An'),
	(951, 31702, 'Xã Thạnh Thới Thuận'),
	(951, 31705, 'Xã Viên Bình'),
	(947, 31708, 'Xã Thạnh Phú'),
	(947, 31711, 'Xã Ngọc Đông'),
	(947, 31714, 'Xã Thạnh Quới'),
	(947, 31717, 'Xã Hòa Tú 1'),
	(947, 31720, 'Xã Gia Hòa 1'),
	(947, 31723, 'Xã Ngọc Tố'),
	(947, 31726, 'Xã Gia Hòa 2'),
	(947, 31729, 'Xã Hòa Tú II'),
	(948, 31732, 'Phường 1'),
	(948, 31735, 'Phường 2'),
	(948, 31738, 'Xã Vĩnh Quới'),
	(948, 31741, 'Xã Tân Long'),
	(948, 31744, 'Xã Long Bình'),
	(948, 31747, 'Phường 3'),
	(948, 31750, 'Xã Mỹ Bình'),
	(948, 31753, 'Xã Mỹ Quới'),
	(949, 31756, 'Thị trấn Phú Lộc'),
	(949, 31757, 'Thị trấn Hưng Lợi'),
	(949, 31759, 'Xã Lâm Tân'),
	(949, 31762, 'Xã Thạnh Tân'),
	(949, 31765, 'Xã Lâm Kiết'),
	(949, 31768, 'Xã Tuân Tức'),
	(949, 31771, 'Xã Vĩnh Thành'),
	(949, 31774, 'Xã Thạnh Trị'),
	(949, 31777, 'Xã Vĩnh Lợi'),
	(949, 31780, 'Xã Châu Hưng'),
	(950, 31783, 'Phường 1'),
	(950, 31786, 'Xã Hòa Đông'),
	(950, 31789, 'Phường Khánh Hòa'),
	(950, 31792, 'Xã Vĩnh Hiệp'),
	(950, 31795, 'Xã Vĩnh Hải'),
	(950, 31798, 'Xã Lạc Hòa'),
	(950, 31801, 'Phường 2'),
	(950, 31804, 'Phường Vĩnh Phước'),
	(950, 31807, 'Xã Vĩnh Tân'),
	(950, 31810, 'Xã Lai Hòa'),
	(954, 31813, 'Phường 2'),
	(954, 31816, 'Phường 3'),
	(954, 31819, 'Phường 5'),
	(954, 31822, 'Phường 7'),
	(954, 31825, 'Phường 1'),
	(954, 31828, 'Phường 8'),
	(954, 31831, 'Phường Nhà Mát'),
	(954, 31834, 'Xã Vĩnh Trạch'),
	(954, 31837, 'Xã Vĩnh Trạch Đông'),
	(954, 31840, 'Xã Hiệp Thành'),
	(956, 31843, 'Thị trấn Ngan Dừa'),
	(956, 31846, 'Xã Ninh Quới'),
	(956, 31849, 'Xã Ninh Quới A'),
	(956, 31852, 'Xã Ninh Hòa'),
	(956, 31855, 'Xã Lộc Ninh'),
	(956, 31858, 'Xã Vĩnh Lộc'),
	(956, 31861, 'Xã Vĩnh Lộc A'),
	(956, 31863, 'Xã Ninh Thạnh Lợi A'),
	(956, 31864, 'Xã Ninh Thạnh Lợi'),
	(957, 31867, 'Thị trấn Phước Long'),
	(957, 31870, 'Xã Vĩnh Phú Đông'),
	(957, 31873, 'Xã Vĩnh Phú Tây'),
	(957, 31876, 'Xã Phước Long'),
	(957, 31879, 'Xã Hưng Phú'),
	(957, 31882, 'Xã Vĩnh Thanh'),
	(957, 31885, 'Xã Phong Thạnh Tây A'),
	(957, 31888, 'Xã Phong Thạnh Tây B'),
	(961, 31891, 'Thị trấn Hòa Bình'),
	(958, 31894, 'Xã Vĩnh Hưng'),
	(958, 31897, 'Xã Vĩnh Hưng A'),
	(958, 31900, 'Thị trấn Châu Hưng'),
	(958, 31903, 'Xã Châu Hưng A'),
	(958, 31906, 'Xã Hưng Thành'),
	(958, 31909, 'Xã Hưng Hội'),
	(958, 31912, 'Xã Châu Thới'),
	(961, 31915, 'Xã Minh Diệu'),
	(961, 31918, 'Xã Vĩnh Bình'),
	(958, 31921, 'Xã Long Thạnh'),
	(961, 31924, 'Xã Vĩnh Mỹ B'),
	(961, 31927, 'Xã Vĩnh Hậu'),
	(961, 31930, 'Xã Vĩnh Hậu A'),
	(961, 31933, 'Xã Vĩnh Mỹ A'),
	(961, 31936, 'Xã Vĩnh Thịnh'),
	(959, 31942, 'Phường 1'),
	(959, 31945, 'Phường Hộ Phòng'),
	(959, 31948, 'Xã Phong Thạnh Đông'),
	(959, 31951, 'Phường Láng Tròn'),
	(959, 31954, 'Xã Phong Tân'),
	(959, 31957, 'Xã Tân Phong'),
	(959, 31960, 'Xã Phong Thạnh'),
	(959, 31963, 'Xã Phong Thạnh A'),
	(959, 31966, 'Xã Phong Thạnh Tây'),
	(959, 31969, 'Xã Tân Thạnh'),
	(960, 31972, 'Thị trấn Gành Hào'),
	(960, 31975, 'Xã Long Điền Đông'),
	(960, 31978, 'Xã Long Điền Đông A'),
	(960, 31981, 'Xã Long Điền'),
	(960, 31984, 'Xã Long Điền Tây'),
	(960, 31985, 'Xã Điền Hải'),
	(960, 31987, 'Xã An Trạch'),
	(960, 31988, 'Xã An Trạch A'),
	(960, 31990, 'Xã An Phúc'),
	(960, 31993, 'Xã Định Thành'),
	(960, 31996, 'Xã Định Thành A'),
	(964, 31999, 'Phường 9'),
	(964, 32002, 'Phường 2'),
	(964, 32005, 'Phường 1'),
	(964, 32008, 'Phường 5'),
	(964, 32014, 'Phường 8'),
	(964, 32017, 'Phường 6'),
	(964, 32020, 'Phường 7'),
	(964, 32022, 'Phường Tân Xuyên'),
	(964, 32023, 'Xã An Xuyên'),
	(964, 32025, 'Phường Tân Thành'),
	(964, 32026, 'Xã Tân Thành'),
	(964, 32029, 'Xã Tắc Vân'),
	(964, 32032, 'Xã Lý Văn Lâm'),
	(964, 32035, 'Xã Định Bình'),
	(964, 32038, 'Xã Hòa Thành'),
	(964, 32041, 'Xã Hòa Tân'),
	(966, 32044, 'Thị trấn U Minh'),
	(966, 32047, 'Xã Khánh Hòa'),
	(966, 32048, 'Xã Khánh Thuận'),
	(966, 32050, 'Xã Khánh Tiến'),
	(966, 32053, 'Xã Nguyễn Phích'),
	(966, 32056, 'Xã Khánh Lâm'),
	(966, 32059, 'Xã Khánh An'),
	(966, 32062, 'Xã Khánh Hội'),
	(967, 32065, 'Thị trấn Thới Bình'),
	(967, 32068, 'Xã Biển Bạch'),
	(967, 32069, 'Xã Tân Bằng'),
	(967, 32071, 'Xã Trí Phải'),
	(967, 32072, 'Xã Trí Lực'),
	(967, 32074, 'Xã Biển Bạch Đông'),
	(967, 32077, 'Xã Thới Bình'),
	(967, 32080, 'Xã Tân Phú'),
	(967, 32083, 'Xã Tân Lộc Bắc'),
	(967, 32086, 'Xã Tân Lộc'),
	(967, 32089, 'Xã Tân Lộc Đông'),
	(967, 32092, 'Xã Hồ Thị Kỷ'),
	(968, 32095, 'Thị trấn Trần Văn Thời'),
	(968, 32098, 'Thị trấn Sông Đốc'),
	(968, 32101, 'Xã Khánh Bình Tây Bắc'),
	(968, 32104, 'Xã Khánh Bình Tây'),
	(968, 32107, 'Xã Trần Hợi'),
	(968, 32108, 'Xã Khánh Lộc'),
	(968, 32110, 'Xã Khánh Bình'),
	(968, 32113, 'Xã Khánh Hưng'),
	(968, 32116, 'Xã Khánh Bình Đông'),
	(968, 32119, 'Xã Khánh Hải'),
	(968, 32122, 'Xã Lợi An'),
	(968, 32124, 'Xã Phong Điền'),
	(968, 32125, 'Xã Phong Lạc');
INSERT INTO `wards` (`district_id`, `id`, `name`) VALUES
	(969, 32128, 'Thị trấn Cái Nước'),
	(969, 32130, 'Xã Thạnh Phú'),
	(969, 32131, 'Xã Lương Thế Trân'),
	(969, 32134, 'Xã Phú Hưng'),
	(969, 32137, 'Xã Tân Hưng'),
	(969, 32140, 'Xã Hưng Mỹ'),
	(969, 32141, 'Xã Hoà Mỹ'),
	(969, 32142, 'Xã Đông Hưng'),
	(969, 32143, 'Xã Đông Thới'),
	(969, 32146, 'Xã Tân Hưng Đông'),
	(969, 32149, 'Xã Trần Thới'),
	(970, 32152, 'Thị trấn Đầm Dơi'),
	(970, 32155, 'Xã Tạ An Khương'),
	(970, 32158, 'Xã Tạ An Khương Đông'),
	(970, 32161, 'Xã Trần Phán'),
	(970, 32162, 'Xã Tân Trung'),
	(970, 32164, 'Xã Tân Đức'),
	(970, 32167, 'Xã Tân Thuận'),
	(970, 32170, 'Xã Tạ An Khương Nam'),
	(970, 32173, 'Xã Tân Duyệt'),
	(970, 32174, 'Xã Tân Dân'),
	(970, 32176, 'Xã Tân Tiến'),
	(970, 32179, 'Xã Quách Phẩm Bắc'),
	(970, 32182, 'Xã Quách Phẩm'),
	(970, 32185, 'Xã Thanh Tùng'),
	(970, 32186, 'Xã Ngọc Chánh'),
	(970, 32188, 'Xã Nguyễn Huân'),
	(971, 32191, 'Thị trấn Năm Căn'),
	(971, 32194, 'Xã Hàm Rồng'),
	(971, 32197, 'Xã Hiệp Tùng'),
	(971, 32200, 'Xã Đất Mới'),
	(971, 32201, 'Xã Lâm Hải'),
	(971, 32203, 'Xã Hàng Vịnh'),
	(971, 32206, 'Xã Tam Giang'),
	(971, 32209, 'Xã Tam Giang Đông'),
	(972, 32212, 'Thị trấn Cái Đôi Vàm'),
	(972, 32214, 'Xã Phú Thuận'),
	(972, 32215, 'Xã Phú Mỹ'),
	(972, 32218, 'Xã Phú Tân'),
	(972, 32221, 'Xã Tân Hải'),
	(972, 32224, 'Xã Việt Thắng'),
	(972, 32227, 'Xã Tân Hưng Tây'),
	(972, 32228, 'Xã Rạch Chèo'),
	(972, 32230, 'Xã Nguyễn Việt Khái'),
	(973, 32233, 'Xã Tam Giang Tây'),
	(973, 32236, 'Xã Tân Ân Tây'),
	(973, 32239, 'Xã Viên An Đông'),
	(973, 32242, 'Xã Viên An'),
	(973, 32244, 'Thị trấn Rạch Gốc'),
	(973, 32245, 'Xã Tân Ân'),
	(973, 32248, 'Xã Đất Mũi');

/*!40103 SET TIME_ZONE=IFNULL(@OLD_TIME_ZONE, 'system') */;
/*!40101 SET SQL_MODE=IFNULL(@OLD_SQL_MODE, '') */;
/*!40014 SET FOREIGN_KEY_CHECKS=IFNULL(@OLD_FOREIGN_KEY_CHECKS, 1) */;
/*!40101 SET CHARACTER_SET_CLIENT=@OLD_CHARACTER_SET_CLIENT */;
/*!40111 SET SQL_NOTES=IFNULL(@OLD_SQL_NOTES, 1) */;
